2025-11-16 19:37:25,034 - sqlalchemy.engine.Engine - INFO - BEGIN (implicit)
2025-11-16 19:37:25,038 - sqlalchemy.engine.Engine - INFO - SELECT users.id, users.username, users.email, users.password_hash, users.role, users.is_active, users.last_login_at, users.created_at, users.updated_at 
FROM users 
WHERE users.username = ?
2025-11-16 19:37:25,038 - sqlalchemy.engine.Engine - INFO - [generated in 0.00012s] ('admin',)
2025-11-16 19:37:25,232 - sqlalchemy.engine.Engine - INFO - ROLLBACK
2025-11-16 19:37:58,367 - sqlalchemy.engine.Engine - INFO - BEGIN (implicit)
2025-11-16 19:37:58,371 - sqlalchemy.engine.Engine - INFO - SELECT users.id, users.username, users.email, users.password_hash, users.role, users.is_active, users.last_login_at, users.created_at, users.updated_at 
FROM users 
WHERE users.username = ?
2025-11-16 19:37:58,371 - sqlalchemy.engine.Engine - INFO - [generated in 0.00011s] ('admin',)
2025-11-16 19:37:58,569 - sqlalchemy.engine.Engine - INFO - ROLLBACK
2025-11-16 19:38:25,350 - sqlalchemy.engine.Engine - INFO - BEGIN (implicit)
2025-11-16 19:38:25,355 - sqlalchemy.engine.Engine - INFO - SELECT users.id, users.username, users.email, users.password_hash, users.role, users.is_active, users.last_login_at, users.created_at, users.updated_at 
FROM users 
WHERE users.username = ?
2025-11-16 19:38:25,355 - sqlalchemy.engine.Engine - INFO - [generated in 0.00021s] ('admin',)
2025-11-16 19:38:25,547 - sqlalchemy.engine.Engine - INFO - UPDATE users SET last_login_at=?, updated_at=CURRENT_TIMESTAMP WHERE users.id = ?
2025-11-16 19:38:25,548 - sqlalchemy.engine.Engine - INFO - [generated in 0.00014s] ('2025-11-16 11:38:25.547165', 1)
2025-11-16 19:38:25,548 - sqlalchemy.engine.Engine - INFO - COMMIT
2025-11-16 19:38:25,550 - sqlalchemy.engine.Engine - INFO - BEGIN (implicit)
2025-11-16 19:38:25,551 - sqlalchemy.engine.Engine - INFO - SELECT users.id, users.username, users.email, users.password_hash, users.role, users.is_active, users.last_login_at, users.created_at, users.updated_at 
FROM users 
WHERE users.id = ?
2025-11-16 19:38:25,551 - sqlalchemy.engine.Engine - INFO - [generated in 0.00009s] (1,)
2025-11-16 19:38:25,563 - sqlalchemy.engine.Engine - INFO - ROLLBACK
2025-11-16 19:51:11,810 - sqlalchemy.engine.Engine - INFO - BEGIN (implicit)
2025-11-16 19:51:11,821 - sqlalchemy.engine.Engine - INFO - SELECT users.id, users.username, users.email, users.password_hash, users.role, users.is_active, users.last_login_at, users.created_at, users.updated_at 
FROM users 
WHERE users.username = ?
2025-11-16 19:51:11,821 - sqlalchemy.engine.Engine - INFO - [generated in 0.00040s] ('admin',)
2025-11-16 19:51:11,997 - sqlalchemy.engine.Engine - INFO - UPDATE users SET last_login_at=?, updated_at=CURRENT_TIMESTAMP WHERE users.id = ?
2025-11-16 19:51:11,997 - sqlalchemy.engine.Engine - INFO - [generated in 0.00014s] ('2025-11-16 11:51:11.996212', 1)
2025-11-16 19:51:11,998 - sqlalchemy.engine.Engine - INFO - COMMIT
2025-11-16 19:51:12,000 - sqlalchemy.engine.Engine - INFO - BEGIN (implicit)
2025-11-16 19:51:12,001 - sqlalchemy.engine.Engine - INFO - SELECT users.id, users.username, users.email, users.password_hash, users.role, users.is_active, users.last_login_at, users.created_at, users.updated_at 
FROM users 
WHERE users.id = ?
2025-11-16 19:51:12,001 - sqlalchemy.engine.Engine - INFO - [generated in 0.00010s] (1,)
2025-11-16 19:51:12,010 - sqlalchemy.engine.Engine - INFO - ROLLBACK
2025-11-16 19:52:21,991 - sqlalchemy.engine.Engine - INFO - BEGIN (implicit)
2025-11-16 19:52:22,001 - sqlalchemy.engine.Engine - INFO - SELECT users.id, users.username, users.email, users.password_hash, users.role, users.is_active, users.last_login_at, users.created_at, users.updated_at 
FROM users 
WHERE users.username = ?
2025-11-16 19:52:22,001 - sqlalchemy.engine.Engine - INFO - [generated in 0.00030s] ('admin',)
2025-11-16 19:52:22,291 - sqlalchemy.engine.Engine - INFO - UPDATE users SET last_login_at=?, updated_at=CURRENT_TIMESTAMP WHERE users.id = ?
2025-11-16 19:52:22,291 - sqlalchemy.engine.Engine - INFO - [generated in 0.00034s] ('2025-11-16 11:52:22.288431', 1)
2025-11-16 19:52:22,293 - sqlalchemy.engine.Engine - INFO - COMMIT
2025-11-16 19:52:22,303 - sqlalchemy.engine.Engine - INFO - BEGIN (implicit)
2025-11-16 19:52:22,304 - sqlalchemy.engine.Engine - INFO - SELECT users.id, users.username, users.email, users.password_hash, users.role, users.is_active, users.last_login_at, users.created_at, users.updated_at 
FROM users 
WHERE users.id = ?
2025-11-16 19:52:22,304 - sqlalchemy.engine.Engine - INFO - [generated in 0.00009s] (1,)
2025-11-16 19:52:22,307 - sqlalchemy.engine.Engine - INFO - ROLLBACK
2025-11-16 19:52:38,328 - sqlalchemy.engine.Engine - INFO - BEGIN (implicit)
2025-11-16 19:52:38,331 - sqlalchemy.engine.Engine - INFO - SELECT users.id, users.username, users.email, users.password_hash, users.role, users.is_active, users.last_login_at, users.created_at, users.updated_at 
FROM users 
WHERE users.username = ?
2025-11-16 19:52:38,331 - sqlalchemy.engine.Engine - INFO - [cached since 16.33s ago] ('admin',)
2025-11-16 19:52:38,337 - sqlalchemy.engine.Engine - INFO - ROLLBACK
2025-11-16 19:53:09,340 - sqlalchemy.engine.Engine - INFO - BEGIN (implicit)
2025-11-16 19:53:09,340 - sqlalchemy.engine.Engine - INFO - SELECT users.id, users.username, users.email, users.password_hash, users.role, users.is_active, users.last_login_at, users.created_at, users.updated_at 
FROM users 
WHERE users.username = ?
2025-11-16 19:53:09,340 - sqlalchemy.engine.Engine - INFO - [cached since 47.34s ago] ('admin',)
2025-11-16 19:53:09,342 - sqlalchemy.engine.Engine - INFO - SELECT drivers.id, drivers.user_id, drivers.name, drivers.phone, drivers.id_card, drivers.license_number, drivers.main_route, drivers.vehicle_type, drivers.vehicle_length, drivers.price_per_km, drivers.experience_years, drivers.status, drivers.remark, drivers.created_at, drivers.updated_at 
FROM drivers 
WHERE drivers.id_card = ?
2025-11-16 19:53:09,342 - sqlalchemy.engine.Engine - INFO - [generated in 0.00008s] ('110101199001011234',)
2025-11-16 19:53:09,343 - sqlalchemy.engine.Engine - INFO - SELECT drivers.id, drivers.user_id, drivers.name, drivers.phone, drivers.id_card, drivers.license_number, drivers.main_route, drivers.vehicle_type, drivers.vehicle_length, drivers.price_per_km, drivers.experience_years, drivers.status, drivers.remark, drivers.created_at, drivers.updated_at 
FROM drivers 
WHERE drivers.license_number = ?
2025-11-16 19:53:09,343 - sqlalchemy.engine.Engine - INFO - [generated in 0.00005s] ('B12345678',)
2025-11-16 19:53:09,345 - sqlalchemy.engine.Engine - INFO - ROLLBACK
2025-11-16 19:57:44,126 - sqlalchemy.engine.Engine - INFO - BEGIN (implicit)
2025-11-16 19:57:44,131 - sqlalchemy.engine.Engine - INFO - SELECT users.id, users.username, users.email, users.password_hash, users.role, users.is_active, users.last_login_at, users.created_at, users.updated_at 
FROM users 
WHERE users.username = ?
2025-11-16 19:57:44,131 - sqlalchemy.engine.Engine - INFO - [generated in 0.00014s] ('admin',)
2025-11-16 19:57:44,306 - sqlalchemy.engine.Engine - INFO - UPDATE users SET last_login_at=?, updated_at=CURRENT_TIMESTAMP WHERE users.id = ?
2025-11-16 19:57:44,306 - sqlalchemy.engine.Engine - INFO - [generated in 0.00024s] ('2025-11-16 11:57:44.305885', 1)
2025-11-16 19:57:44,308 - sqlalchemy.engine.Engine - INFO - COMMIT
2025-11-16 19:57:44,309 - sqlalchemy.engine.Engine - INFO - BEGIN (implicit)
2025-11-16 19:57:44,309 - sqlalchemy.engine.Engine - INFO - SELECT users.id, users.username, users.email, users.password_hash, users.role, users.is_active, users.last_login_at, users.created_at, users.updated_at 
FROM users 
WHERE users.id = ?
2025-11-16 19:57:44,309 - sqlalchemy.engine.Engine - INFO - [generated in 0.00006s] (1,)
2025-11-16 19:57:44,317 - sqlalchemy.engine.Engine - INFO - ROLLBACK
2025-11-16 19:57:54,610 - sqlalchemy.engine.Engine - INFO - BEGIN (implicit)
2025-11-16 19:57:54,610 - sqlalchemy.engine.Engine - INFO - SELECT users.id, users.username, users.email, users.password_hash, users.role, users.is_active, users.last_login_at, users.created_at, users.updated_at 
FROM users 
WHERE users.username = ?
2025-11-16 19:57:54,610 - sqlalchemy.engine.Engine - INFO - [cached since 10.48s ago] ('admin',)
2025-11-16 19:57:54,615 - sqlalchemy.engine.Engine - INFO - SELECT drivers.id, drivers.user_id, drivers.name, drivers.phone, drivers.id_card, drivers.license_number, drivers.license_type, drivers.main_route, drivers.vehicle_type, drivers.vehicle_length, drivers.price_per_km, drivers.experience_years, drivers.status, drivers.emergency_contact, drivers.emergency_phone, drivers.remark, drivers.created_at, drivers.updated_at 
FROM drivers 
WHERE drivers.id_card = ?
2025-11-16 19:57:54,615 - sqlalchemy.engine.Engine - INFO - [generated in 0.00012s] ('110101199001011234',)
2025-11-16 19:57:54,615 - sqlalchemy.engine.Engine - INFO - ROLLBACK
2025-11-16 19:58:46,248 - sqlalchemy.engine.Engine - INFO - BEGIN (implicit)
2025-11-16 19:58:46,253 - sqlalchemy.engine.Engine - INFO - SELECT users.id, users.username, users.email, users.password_hash, users.role, users.is_active, users.last_login_at, users.created_at, users.updated_at 
FROM users 
WHERE users.username = ?
2025-11-16 19:58:46,253 - sqlalchemy.engine.Engine - INFO - [generated in 0.00014s] ('admin',)
2025-11-16 19:58:46,258 - sqlalchemy.engine.Engine - INFO - SELECT drivers.id, drivers.user_id, drivers.name, drivers.phone, drivers.id_card, drivers.license_number, drivers.license_type, drivers.main_route, drivers.vehicle_type, drivers.vehicle_length, drivers.price_per_km, drivers.experience_years, drivers.status, drivers.emergency_contact, drivers.emergency_phone, drivers.remark, drivers.created_at, drivers.updated_at 
FROM drivers 
WHERE drivers.id_card = ?
2025-11-16 19:58:46,258 - sqlalchemy.engine.Engine - INFO - [generated in 0.00020s] ('110101199001011234',)
2025-11-16 19:58:46,260 - sqlalchemy.engine.Engine - INFO - SELECT drivers.id, drivers.user_id, drivers.name, drivers.phone, drivers.id_card, drivers.license_number, drivers.license_type, drivers.main_route, drivers.vehicle_type, drivers.vehicle_length, drivers.price_per_km, drivers.experience_years, drivers.status, drivers.emergency_contact, drivers.emergency_phone, drivers.remark, drivers.created_at, drivers.updated_at 
FROM drivers 
WHERE drivers.license_number = ?
2025-11-16 19:58:46,260 - sqlalchemy.engine.Engine - INFO - [generated in 0.00007s] ('B12345678',)
2025-11-16 19:58:46,261 - sqlalchemy.engine.Engine - INFO - ROLLBACK
2025-11-16 19:59:11,281 - sqlalchemy.engine.Engine - INFO - BEGIN (implicit)
2025-11-16 19:59:11,285 - sqlalchemy.engine.Engine - INFO - SELECT users.id, users.username, users.email, users.password_hash, users.role, users.is_active, users.last_login_at, users.created_at, users.updated_at 
FROM users 
WHERE users.username = ?
2025-11-16 19:59:11,285 - sqlalchemy.engine.Engine - INFO - [generated in 0.00009s] ('admin',)
2025-11-16 19:59:11,288 - sqlalchemy.engine.Engine - INFO - SELECT drivers.id, drivers.user_id, drivers.name, drivers.phone, drivers.id_card, drivers.license_number, drivers.license_type, drivers.main_route, drivers.vehicle_type, drivers.vehicle_length, drivers.price_per_km, drivers.experience_years, drivers.status, drivers.emergency_contact, drivers.emergency_phone, drivers.remark, drivers.created_at, drivers.updated_at 
FROM drivers 
WHERE drivers.id_card = ?
2025-11-16 19:59:11,288 - sqlalchemy.engine.Engine - INFO - [generated in 0.00011s] ('110101199001011234',)
2025-11-16 19:59:11,289 - sqlalchemy.engine.Engine - INFO - SELECT drivers.id, drivers.user_id, drivers.name, drivers.phone, drivers.id_card, drivers.license_number, drivers.license_type, drivers.main_route, drivers.vehicle_type, drivers.vehicle_length, drivers.price_per_km, drivers.experience_years, drivers.status, drivers.emergency_contact, drivers.emergency_phone, drivers.remark, drivers.created_at, drivers.updated_at 
FROM drivers 
WHERE drivers.license_number = ?
2025-11-16 19:59:11,289 - sqlalchemy.engine.Engine - INFO - [generated in 0.00006s] ('B12345678',)
2025-11-16 19:59:11,290 - sqlalchemy.engine.Engine - INFO - ROLLBACK
2025-11-16 20:02:04,107 - sqlalchemy.engine.Engine - INFO - BEGIN (implicit)
2025-11-16 20:02:04,112 - sqlalchemy.engine.Engine - INFO - SELECT users.id, users.username, users.email, users.password_hash, users.role, users.is_active, users.last_login_at, users.created_at, users.updated_at 
FROM users 
WHERE users.username = ?
2025-11-16 20:02:04,112 - sqlalchemy.engine.Engine - INFO - [generated in 0.00012s] ('admin',)
2025-11-16 20:02:04,365 - sqlalchemy.engine.Engine - INFO - UPDATE users SET last_login_at=?, updated_at=CURRENT_TIMESTAMP WHERE users.id = ?
2025-11-16 20:02:04,365 - sqlalchemy.engine.Engine - INFO - [generated in 0.00020s] ('2025-11-16 12:02:04.364396', 1)
2025-11-16 20:02:04,366 - sqlalchemy.engine.Engine - INFO - COMMIT
2025-11-16 20:02:04,368 - sqlalchemy.engine.Engine - INFO - BEGIN (implicit)
2025-11-16 20:02:04,369 - sqlalchemy.engine.Engine - INFO - SELECT users.id, users.username, users.email, users.password_hash, users.role, users.is_active, users.last_login_at, users.created_at, users.updated_at 
FROM users 
WHERE users.id = ?
2025-11-16 20:02:04,369 - sqlalchemy.engine.Engine - INFO - [generated in 0.00008s] (1,)
2025-11-16 20:02:04,371 - sqlalchemy.engine.Engine - INFO - ROLLBACK
2025-11-16 20:02:15,623 - sqlalchemy.engine.Engine - INFO - BEGIN (implicit)
2025-11-16 20:02:15,623 - sqlalchemy.engine.Engine - INFO - SELECT users.id, users.username, users.email, users.password_hash, users.role, users.is_active, users.last_login_at, users.created_at, users.updated_at 
FROM users 
WHERE users.username = ?
2025-11-16 20:02:15,623 - sqlalchemy.engine.Engine - INFO - [cached since 11.51s ago] ('admin',)
2025-11-16 20:02:15,627 - sqlalchemy.engine.Engine - INFO - SELECT drivers.id, drivers.user_id, drivers.name, drivers.phone, drivers.id_card, drivers.license_number, drivers.license_type, drivers.main_route, drivers.vehicle_type, drivers.vehicle_length, drivers.price_per_km, drivers.experience_years, drivers.status, drivers.emergency_contact, drivers.emergency_phone, drivers.remark, drivers.created_at, drivers.updated_at 
FROM drivers 
WHERE drivers.id_card = ?
2025-11-16 20:02:15,627 - sqlalchemy.engine.Engine - INFO - [generated in 0.00014s] ('110101199001011234',)
2025-11-16 20:02:15,628 - sqlalchemy.engine.Engine - INFO - SELECT drivers.id, drivers.user_id, drivers.name, drivers.phone, drivers.id_card, drivers.license_number, drivers.license_type, drivers.main_route, drivers.vehicle_type, drivers.vehicle_length, drivers.price_per_km, drivers.experience_years, drivers.status, drivers.emergency_contact, drivers.emergency_phone, drivers.remark, drivers.created_at, drivers.updated_at 
FROM drivers 
WHERE drivers.license_number = ?
2025-11-16 20:02:15,628 - sqlalchemy.engine.Engine - INFO - [generated in 0.00011s] ('B12345678',)
2025-11-16 20:02:15,631 - sqlalchemy.engine.Engine - INFO - ROLLBACK
2025-11-16 20:02:55,027 - sqlalchemy.engine.Engine - INFO - BEGIN (implicit)
2025-11-16 20:02:55,031 - sqlalchemy.engine.Engine - INFO - SELECT users.id, users.username, users.email, users.password_hash, users.role, users.is_active, users.last_login_at, users.created_at, users.updated_at 
FROM users 
WHERE users.username = ?
2025-11-16 20:02:55,031 - sqlalchemy.engine.Engine - INFO - [generated in 0.00009s] ('admin',)
2025-11-16 20:02:55,034 - sqlalchemy.engine.Engine - INFO - SELECT drivers.id, drivers.user_id, drivers.name, drivers.phone, drivers.id_card, drivers.license_number, drivers.license_type, drivers.main_route, drivers.vehicle_type, drivers.vehicle_length, drivers.price_per_km, drivers.experience_years, drivers.status, drivers.emergency_contact, drivers.emergency_phone, drivers.remark, drivers.created_at, drivers.updated_at 
FROM drivers 
WHERE drivers.id_card = ?
2025-11-16 20:02:55,034 - sqlalchemy.engine.Engine - INFO - [generated in 0.00008s] ('110101199001011234',)
2025-11-16 20:02:55,036 - sqlalchemy.engine.Engine - INFO - SELECT drivers.id, drivers.user_id, drivers.name, drivers.phone, drivers.id_card, drivers.license_number, drivers.license_type, drivers.main_route, drivers.vehicle_type, drivers.vehicle_length, drivers.price_per_km, drivers.experience_years, drivers.status, drivers.emergency_contact, drivers.emergency_phone, drivers.remark, drivers.created_at, drivers.updated_at 
FROM drivers 
WHERE drivers.license_number = ?
2025-11-16 20:02:55,036 - sqlalchemy.engine.Engine - INFO - [generated in 0.00006s] ('B12345678',)
2025-11-16 20:02:55,037 - sqlalchemy.engine.Engine - INFO - ROLLBACK
2025-11-16 20:03:27,680 - sqlalchemy.engine.Engine - INFO - BEGIN (implicit)
2025-11-16 20:03:27,681 - sqlalchemy.engine.Engine - INFO - SELECT users.id, users.username, users.email, users.password_hash, users.role, users.is_active, users.last_login_at, users.created_at, users.updated_at 
FROM users 
WHERE users.username = ?
2025-11-16 20:03:27,681 - sqlalchemy.engine.Engine - INFO - [cached since 32.65s ago] ('admin',)
2025-11-16 20:03:27,682 - sqlalchemy.engine.Engine - INFO - SELECT drivers.id, drivers.user_id, drivers.name, drivers.phone, drivers.id_card, drivers.license_number, drivers.license_type, drivers.main_route, drivers.vehicle_type, drivers.vehicle_length, drivers.price_per_km, drivers.experience_years, drivers.status, drivers.emergency_contact, drivers.emergency_phone, drivers.remark, drivers.created_at, drivers.updated_at 
FROM drivers 
WHERE drivers.id_card = ?
2025-11-16 20:03:27,682 - sqlalchemy.engine.Engine - INFO - [cached since 32.65s ago] ('110101199001011234',)
2025-11-16 20:03:27,684 - sqlalchemy.engine.Engine - INFO - SELECT drivers.id, drivers.user_id, drivers.name, drivers.phone, drivers.id_card, drivers.license_number, drivers.license_type, drivers.main_route, drivers.vehicle_type, drivers.vehicle_length, drivers.price_per_km, drivers.experience_years, drivers.status, drivers.emergency_contact, drivers.emergency_phone, drivers.remark, drivers.created_at, drivers.updated_at 
FROM drivers 
WHERE drivers.license_number = ?
2025-11-16 20:03:27,684 - sqlalchemy.engine.Engine - INFO - [cached since 32.65s ago] ('B12345678',)
2025-11-16 20:03:27,684 - sqlalchemy.engine.Engine - INFO - ROLLBACK
2025-11-16 20:04:32,171 - sqlalchemy.engine.Engine - INFO - BEGIN (implicit)
2025-11-16 20:04:32,175 - sqlalchemy.engine.Engine - INFO - SELECT users.id, users.username, users.email, users.password_hash, users.role, users.is_active, users.last_login_at, users.created_at, users.updated_at 
FROM users 
WHERE users.username = ?
2025-11-16 20:04:32,175 - sqlalchemy.engine.Engine - INFO - [generated in 0.00018s] ('admin',)
2025-11-16 20:04:32,179 - sqlalchemy.engine.Engine - INFO - SELECT drivers.id, drivers.user_id, drivers.name, drivers.phone, drivers.id_card, drivers.license_number, drivers.license_type, drivers.main_route, drivers.vehicle_type, drivers.vehicle_length, drivers.price_per_km, drivers.experience_years, drivers.status, drivers.emergency_contact, drivers.emergency_phone, drivers.remark, drivers.created_at, drivers.updated_at 
FROM drivers 
WHERE drivers.id_card = ?
2025-11-16 20:04:32,179 - sqlalchemy.engine.Engine - INFO - [generated in 0.00019s] ('110101199001011234',)
2025-11-16 20:04:32,181 - sqlalchemy.engine.Engine - INFO - SELECT drivers.id, drivers.user_id, drivers.name, drivers.phone, drivers.id_card, drivers.license_number, drivers.license_type, drivers.main_route, drivers.vehicle_type, drivers.vehicle_length, drivers.price_per_km, drivers.experience_years, drivers.status, drivers.emergency_contact, drivers.emergency_phone, drivers.remark, drivers.created_at, drivers.updated_at 
FROM drivers 
WHERE drivers.license_number = ?
2025-11-16 20:04:32,181 - sqlalchemy.engine.Engine - INFO - [generated in 0.00008s] ('B12345678',)
2025-11-16 20:04:32,183 - sqlalchemy.engine.Engine - INFO - INSERT INTO drivers (user_id, name, phone, id_card, license_number, license_type, main_route, vehicle_type, vehicle_length, price_per_km, experience_years, status, emergency_contact, emergency_phone, remark, created_at, updated_at) VALUES (?, ?, ?, ?, ?, ?, ?, ?, ?, ?, ?, ?, ?, ?, ?, CURRENT_TIMESTAMP, CURRENT_TIMESTAMP) RETURNING id, created_at, updated_at
2025-11-16 20:04:32,183 - sqlalchemy.engine.Engine - INFO - [generated in 0.00009s] (1, '张三', '13800138000', '110101199001011234', 'B12345678', 'B2', '北京-上海', '厢式货车', None, 0.0, 5, 'active', '李四', '13900139000', None)
2025-11-16 20:04:32,184 - sqlalchemy.engine.Engine - INFO - COMMIT
2025-11-16 20:04:32,186 - sqlalchemy.engine.Engine - INFO - BEGIN (implicit)
2025-11-16 20:04:32,187 - sqlalchemy.engine.Engine - INFO - SELECT drivers.id, drivers.user_id, drivers.name, drivers.phone, drivers.id_card, drivers.license_number, drivers.license_type, drivers.main_route, drivers.vehicle_type, drivers.vehicle_length, drivers.price_per_km, drivers.experience_years, drivers.status, drivers.emergency_contact, drivers.emergency_phone, drivers.remark, drivers.created_at, drivers.updated_at 
FROM drivers 
WHERE drivers.id = ?
2025-11-16 20:04:32,187 - sqlalchemy.engine.Engine - INFO - [generated in 0.00009s] (1,)
2025-11-16 20:04:32,192 - sqlalchemy.engine.Engine - INFO - ROLLBACK
2025-11-16 20:29:35,405 - sqlalchemy.engine.Engine - INFO - BEGIN (implicit)
2025-11-16 20:29:35,410 - sqlalchemy.engine.Engine - INFO - SELECT users.id, users.username, users.email, users.password_hash, users.role, users.is_active, users.last_login_at, users.created_at, users.updated_at 
FROM users 
WHERE users.username = ?
2025-11-16 20:29:35,410 - sqlalchemy.engine.Engine - INFO - [generated in 0.00012s] ('admin',)
2025-11-16 20:29:35,595 - sqlalchemy.engine.Engine - INFO - UPDATE users SET last_login_at=?, updated_at=CURRENT_TIMESTAMP WHERE users.id = ?
2025-11-16 20:29:35,595 - sqlalchemy.engine.Engine - INFO - [generated in 0.00015s] ('2025-11-16 12:29:35.594318', 1)
2025-11-16 20:29:35,595 - sqlalchemy.engine.Engine - INFO - COMMIT
2025-11-16 20:29:35,598 - sqlalchemy.engine.Engine - INFO - BEGIN (implicit)
2025-11-16 20:29:35,599 - sqlalchemy.engine.Engine - INFO - SELECT users.id, users.username, users.email, users.password_hash, users.role, users.is_active, users.last_login_at, users.created_at, users.updated_at 
FROM users 
WHERE users.id = ?
2025-11-16 20:29:35,599 - sqlalchemy.engine.Engine - INFO - [generated in 0.00006s] (1,)
2025-11-16 20:29:35,601 - sqlalchemy.engine.Engine - INFO - ROLLBACK
2025-11-16 20:30:15,936 - sqlalchemy.engine.Engine - INFO - BEGIN (implicit)
2025-11-16 20:30:15,939 - sqlalchemy.engine.Engine - INFO - SELECT users.id, users.username, users.email, users.password_hash, users.role, users.is_active, users.last_login_at, users.created_at, users.updated_at 
FROM users 
WHERE users.username = ?
2025-11-16 20:30:15,940 - sqlalchemy.engine.Engine - INFO - [generated in 0.00036s] ('admin',)
2025-11-16 20:30:16,114 - sqlalchemy.engine.Engine - INFO - UPDATE users SET last_login_at=?, updated_at=CURRENT_TIMESTAMP WHERE users.id = ?
2025-11-16 20:30:16,114 - sqlalchemy.engine.Engine - INFO - [generated in 0.00013s] ('2025-11-16 12:30:16.113424', 1)
2025-11-16 20:30:16,114 - sqlalchemy.engine.Engine - INFO - COMMIT
2025-11-16 20:30:16,115 - sqlalchemy.engine.Engine - INFO - BEGIN (implicit)
2025-11-16 20:30:16,116 - sqlalchemy.engine.Engine - INFO - SELECT users.id, users.username, users.email, users.password_hash, users.role, users.is_active, users.last_login_at, users.created_at, users.updated_at 
FROM users 
WHERE users.id = ?
2025-11-16 20:30:16,116 - sqlalchemy.engine.Engine - INFO - [generated in 0.00006s] (1,)
2025-11-16 20:30:16,118 - sqlalchemy.engine.Engine - INFO - ROLLBACK
2025-11-16 20:30:16,600 - sqlalchemy.engine.Engine - INFO - BEGIN (implicit)
2025-11-16 20:30:16,605 - sqlalchemy.engine.Engine - INFO - SELECT users.id, users.username, users.email, users.password_hash, users.role, users.is_active, users.last_login_at, users.created_at, users.updated_at 
FROM users 
WHERE users.username = ?
2025-11-16 20:30:16,606 - sqlalchemy.engine.Engine - INFO - [generated in 0.00011s] ('admin',)
2025-11-16 20:30:16,607 - sqlalchemy.engine.Engine - INFO - SELECT count(drivers.id) AS count_1 
FROM drivers
2025-11-16 20:30:16,607 - sqlalchemy.engine.Engine - INFO - [generated in 0.00007s] ()
2025-11-16 20:30:16,608 - sqlalchemy.engine.Engine - INFO - SELECT count(drivers.id) AS count_1 
FROM drivers 
WHERE drivers.status = ?
2025-11-16 20:30:16,608 - sqlalchemy.engine.Engine - INFO - [generated in 0.00006s] ('active',)
2025-11-16 20:30:16,609 - sqlalchemy.engine.Engine - INFO - SELECT count(drivers.id) AS count_1 
FROM drivers 
WHERE drivers.created_at >= ?
2025-11-16 20:30:16,609 - sqlalchemy.engine.Engine - INFO - [generated in 0.00006s] ('2025-11-01 00:00:00.000000',)
2025-11-16 20:30:16,610 - sqlalchemy.engine.Engine - INFO - SELECT drivers.main_route, count(drivers.id) AS count 
FROM drivers GROUP BY drivers.main_route ORDER BY count(drivers.id) DESC
 LIMIT ? OFFSET ?
2025-11-16 20:30:16,610 - sqlalchemy.engine.Engine - INFO - [generated in 0.00005s] (10, 0)
2025-11-16 20:30:16,611 - sqlalchemy.engine.Engine - INFO - SELECT drivers.user_id, users.username, count(drivers.id) AS count 
FROM drivers JOIN users ON drivers.user_id = users.id GROUP BY drivers.user_id, users.username ORDER BY count(drivers.id) DESC
 LIMIT ? OFFSET ?
2025-11-16 20:30:16,611 - sqlalchemy.engine.Engine - INFO - [generated in 0.00006s] (10, 0)
2025-11-16 20:30:16,612 - sqlalchemy.engine.Engine - INFO - ROLLBACK
2025-11-16 20:34:11,323 - sqlalchemy.engine.Engine - INFO - BEGIN (implicit)
2025-11-16 20:34:11,334 - sqlalchemy.engine.Engine - INFO - SELECT users.id, users.username, users.email, users.password_hash, users.role, users.is_active, users.last_login_at, users.created_at, users.updated_at 
FROM users 
WHERE users.username = ?
2025-11-16 20:34:11,335 - sqlalchemy.engine.Engine - INFO - [generated in 0.00039s] ('admin',)
2025-11-16 20:34:11,513 - sqlalchemy.engine.Engine - INFO - UPDATE users SET last_login_at=?, updated_at=CURRENT_TIMESTAMP WHERE users.id = ?
2025-11-16 20:34:11,513 - sqlalchemy.engine.Engine - INFO - [generated in 0.00016s] ('2025-11-16 12:34:11.512729', 1)
2025-11-16 20:34:11,514 - sqlalchemy.engine.Engine - INFO - COMMIT
2025-11-16 20:34:11,516 - sqlalchemy.engine.Engine - INFO - BEGIN (implicit)
2025-11-16 20:34:11,516 - sqlalchemy.engine.Engine - INFO - SELECT users.id, users.username, users.email, users.password_hash, users.role, users.is_active, users.last_login_at, users.created_at, users.updated_at 
FROM users 
WHERE users.id = ?
2025-11-16 20:34:11,516 - sqlalchemy.engine.Engine - INFO - [generated in 0.00006s] (1,)
2025-11-16 20:34:11,519 - sqlalchemy.engine.Engine - INFO - ROLLBACK
2025-11-16 20:34:11,522 - sqlalchemy.engine.Engine - INFO - BEGIN (implicit)
2025-11-16 20:34:11,523 - sqlalchemy.engine.Engine - INFO - SELECT users.id, users.username, users.email, users.password_hash, users.role, users.is_active, users.last_login_at, users.created_at, users.updated_at 
FROM users 
WHERE users.username = ?
2025-11-16 20:34:11,523 - sqlalchemy.engine.Engine - INFO - [cached since 0.1885s ago] ('admin',)
2025-11-16 20:34:11,528 - sqlalchemy.engine.Engine - INFO - SELECT drivers.id, drivers.user_id, drivers.name, drivers.phone, drivers.id_card, drivers.license_number, drivers.license_type, drivers.main_route, drivers.vehicle_type, drivers.vehicle_length, drivers.price_per_km, drivers.experience_years, drivers.status, drivers.emergency_contact, drivers.emergency_phone, drivers.remark, drivers.created_at, drivers.updated_at 
FROM drivers 
WHERE drivers.id_card = ?
2025-11-16 20:34:11,528 - sqlalchemy.engine.Engine - INFO - [generated in 0.00015s] ('110101199001011234',)
2025-11-16 20:34:11,528 - sqlalchemy.engine.Engine - INFO - ROLLBACK
2025-11-16 20:34:11,531 - sqlalchemy.engine.Engine - INFO - BEGIN (implicit)
2025-11-16 20:34:11,531 - sqlalchemy.engine.Engine - INFO - SELECT users.id, users.username, users.email, users.password_hash, users.role, users.is_active, users.last_login_at, users.created_at, users.updated_at 
FROM users 
WHERE users.username = ?
2025-11-16 20:34:11,531 - sqlalchemy.engine.Engine - INFO - [cached since 0.1971s ago] ('admin',)
2025-11-16 20:34:11,532 - sqlalchemy.engine.Engine - INFO - SELECT drivers.id, drivers.user_id, drivers.name, drivers.phone, drivers.id_card, drivers.license_number, drivers.license_type, drivers.main_route, drivers.vehicle_type, drivers.vehicle_length, drivers.price_per_km, drivers.experience_years, drivers.status, drivers.emergency_contact, drivers.emergency_phone, drivers.remark, drivers.created_at, drivers.updated_at 
FROM drivers 
WHERE drivers.id_card = ?
2025-11-16 20:34:11,532 - sqlalchemy.engine.Engine - INFO - [cached since 0.003945s ago] ('110101198503022345',)
2025-11-16 20:34:11,532 - sqlalchemy.engine.Engine - INFO - SELECT drivers.id, drivers.user_id, drivers.name, drivers.phone, drivers.id_card, drivers.license_number, drivers.license_type, drivers.main_route, drivers.vehicle_type, drivers.vehicle_length, drivers.price_per_km, drivers.experience_years, drivers.status, drivers.emergency_contact, drivers.emergency_phone, drivers.remark, drivers.created_at, drivers.updated_at 
FROM drivers 
WHERE drivers.license_number = ?
2025-11-16 20:34:11,532 - sqlalchemy.engine.Engine - INFO - [generated in 0.00005s] ('B987654321',)
2025-11-16 20:34:11,533 - sqlalchemy.engine.Engine - INFO - INSERT INTO drivers (user_id, name, phone, id_card, license_number, license_type, main_route, vehicle_type, vehicle_length, price_per_km, experience_years, status, emergency_contact, emergency_phone, remark, created_at, updated_at) VALUES (?, ?, ?, ?, ?, ?, ?, ?, ?, ?, ?, ?, ?, ?, ?, CURRENT_TIMESTAMP, CURRENT_TIMESTAMP) RETURNING id, created_at, updated_at
2025-11-16 20:34:11,533 - sqlalchemy.engine.Engine - INFO - [generated in 0.00009s] (1, '李四', '13900139002', '110101198503022345', 'B987654321', 'B2', '广州-深圳', '平板货车', '6.8米', 6.0, 8, 'active', '李妻', '13900139003', '熟悉珠三角路线')
2025-11-16 20:34:11,534 - sqlalchemy.engine.Engine - INFO - COMMIT
2025-11-16 20:34:11,536 - sqlalchemy.engine.Engine - INFO - BEGIN (implicit)
2025-11-16 20:34:11,536 - sqlalchemy.engine.Engine - INFO - SELECT drivers.id, drivers.user_id, drivers.name, drivers.phone, drivers.id_card, drivers.license_number, drivers.license_type, drivers.main_route, drivers.vehicle_type, drivers.vehicle_length, drivers.price_per_km, drivers.experience_years, drivers.status, drivers.emergency_contact, drivers.emergency_phone, drivers.remark, drivers.created_at, drivers.updated_at 
FROM drivers 
WHERE drivers.id = ?
2025-11-16 20:34:11,536 - sqlalchemy.engine.Engine - INFO - [generated in 0.00007s] (2,)
2025-11-16 20:34:11,541 - sqlalchemy.engine.Engine - INFO - ROLLBACK
2025-11-16 20:34:11,544 - sqlalchemy.engine.Engine - INFO - BEGIN (implicit)
2025-11-16 20:34:11,544 - sqlalchemy.engine.Engine - INFO - SELECT users.id, users.username, users.email, users.password_hash, users.role, users.is_active, users.last_login_at, users.created_at, users.updated_at 
FROM users 
WHERE users.username = ?
2025-11-16 20:34:11,544 - sqlalchemy.engine.Engine - INFO - [cached since 0.2097s ago] ('admin',)
2025-11-16 20:34:11,544 - sqlalchemy.engine.Engine - INFO - SELECT drivers.id, drivers.user_id, drivers.name, drivers.phone, drivers.id_card, drivers.license_number, drivers.license_type, drivers.main_route, drivers.vehicle_type, drivers.vehicle_length, drivers.price_per_km, drivers.experience_years, drivers.status, drivers.emergency_contact, drivers.emergency_phone, drivers.remark, drivers.created_at, drivers.updated_at 
FROM drivers 
WHERE drivers.id_card = ?
2025-11-16 20:34:11,544 - sqlalchemy.engine.Engine - INFO - [cached since 0.01658s ago] ('110101199207033456',)
2025-11-16 20:34:11,544 - sqlalchemy.engine.Engine - INFO - SELECT drivers.id, drivers.user_id, drivers.name, drivers.phone, drivers.id_card, drivers.license_number, drivers.license_type, drivers.main_route, drivers.vehicle_type, drivers.vehicle_length, drivers.price_per_km, drivers.experience_years, drivers.status, drivers.emergency_contact, drivers.emergency_phone, drivers.remark, drivers.created_at, drivers.updated_at 
FROM drivers 
WHERE drivers.license_number = ?
2025-11-16 20:34:11,545 - sqlalchemy.engine.Engine - INFO - [cached since 0.01253s ago] ('C555666777',)
2025-11-16 20:34:11,545 - sqlalchemy.engine.Engine - INFO - INSERT INTO drivers (user_id, name, phone, id_card, license_number, license_type, main_route, vehicle_type, vehicle_length, price_per_km, experience_years, status, emergency_contact, emergency_phone, remark, created_at, updated_at) VALUES (?, ?, ?, ?, ?, ?, ?, ?, ?, ?, ?, ?, ?, ?, ?, CURRENT_TIMESTAMP, CURRENT_TIMESTAMP) RETURNING id, created_at, updated_at
2025-11-16 20:34:11,545 - sqlalchemy.engine.Engine - INFO - [cached since 0.01204s ago] (1, '王五', '13700137003', '110101199207033456', 'C555666777', 'C1', '成都-重庆', '高栏货车', '4.2米', 5.5, 5, 'active', '王妻', '13700137004', '川渝专线')
2025-11-16 20:34:11,545 - sqlalchemy.engine.Engine - INFO - COMMIT
2025-11-16 20:34:11,546 - sqlalchemy.engine.Engine - INFO - BEGIN (implicit)
2025-11-16 20:34:11,546 - sqlalchemy.engine.Engine - INFO - SELECT drivers.id, drivers.user_id, drivers.name, drivers.phone, drivers.id_card, drivers.license_number, drivers.license_type, drivers.main_route, drivers.vehicle_type, drivers.vehicle_length, drivers.price_per_km, drivers.experience_years, drivers.status, drivers.emergency_contact, drivers.emergency_phone, drivers.remark, drivers.created_at, drivers.updated_at 
FROM drivers 
WHERE drivers.id = ?
2025-11-16 20:34:11,546 - sqlalchemy.engine.Engine - INFO - [cached since 0.01042s ago] (3,)
2025-11-16 20:34:11,547 - sqlalchemy.engine.Engine - INFO - ROLLBACK
2025-11-16 20:34:11,551 - sqlalchemy.engine.Engine - INFO - BEGIN (implicit)
2025-11-16 20:34:11,551 - sqlalchemy.engine.Engine - INFO - SELECT users.id, users.username, users.email, users.password_hash, users.role, users.is_active, users.last_login_at, users.created_at, users.updated_at 
FROM users 
WHERE users.username = ?
2025-11-16 20:34:11,551 - sqlalchemy.engine.Engine - INFO - [cached since 0.2167s ago] ('admin',)
2025-11-16 20:34:11,551 - sqlalchemy.engine.Engine - INFO - SELECT drivers.id, drivers.user_id, drivers.name, drivers.phone, drivers.id_card, drivers.license_number, drivers.license_type, drivers.main_route, drivers.vehicle_type, drivers.vehicle_length, drivers.price_per_km, drivers.experience_years, drivers.status, drivers.emergency_contact, drivers.emergency_phone, drivers.remark, drivers.created_at, drivers.updated_at 
FROM drivers 
WHERE drivers.id_card = ?
2025-11-16 20:34:11,551 - sqlalchemy.engine.Engine - INFO - [cached since 0.02369s ago] ('110101198812044567',)
2025-11-16 20:34:11,552 - sqlalchemy.engine.Engine - INFO - SELECT drivers.id, drivers.user_id, drivers.name, drivers.phone, drivers.id_card, drivers.license_number, drivers.license_type, drivers.main_route, drivers.vehicle_type, drivers.vehicle_length, drivers.price_per_km, drivers.experience_years, drivers.status, drivers.emergency_contact, drivers.emergency_phone, drivers.remark, drivers.created_at, drivers.updated_at 
FROM drivers 
WHERE drivers.license_number = ?
2025-11-16 20:34:11,552 - sqlalchemy.engine.Engine - INFO - [cached since 0.01961s ago] ('D111222333',)
2025-11-16 20:34:11,552 - sqlalchemy.engine.Engine - INFO - INSERT INTO drivers (user_id, name, phone, id_card, license_number, license_type, main_route, vehicle_type, vehicle_length, price_per_km, experience_years, status, emergency_contact, emergency_phone, remark, created_at, updated_at) VALUES (?, ?, ?, ?, ?, ?, ?, ?, ?, ?, ?, ?, ?, ?, ?, CURRENT_TIMESTAMP, CURRENT_TIMESTAMP) RETURNING id, created_at, updated_at
2025-11-16 20:34:11,552 - sqlalchemy.engine.Engine - INFO - [cached since 0.01902s ago] (1, '赵六', '13600136004', '110101198812044567', 'D111222333', 'A2', '北京-上海', '冷藏车', '13米', 12.0, 12, 'active', '赵妻', '13600136005', '冷链运输专家')
2025-11-16 20:34:11,552 - sqlalchemy.engine.Engine - INFO - COMMIT
2025-11-16 20:34:11,553 - sqlalchemy.engine.Engine - INFO - BEGIN (implicit)
2025-11-16 20:34:11,553 - sqlalchemy.engine.Engine - INFO - SELECT drivers.id, drivers.user_id, drivers.name, drivers.phone, drivers.id_card, drivers.license_number, drivers.license_type, drivers.main_route, drivers.vehicle_type, drivers.vehicle_length, drivers.price_per_km, drivers.experience_years, drivers.status, drivers.emergency_contact, drivers.emergency_phone, drivers.remark, drivers.created_at, drivers.updated_at 
FROM drivers 
WHERE drivers.id = ?
2025-11-16 20:34:11,553 - sqlalchemy.engine.Engine - INFO - [cached since 0.01725s ago] (4,)
2025-11-16 20:34:11,554 - sqlalchemy.engine.Engine - INFO - ROLLBACK
2025-11-16 20:34:11,557 - sqlalchemy.engine.Engine - INFO - BEGIN (implicit)
2025-11-16 20:34:11,557 - sqlalchemy.engine.Engine - INFO - SELECT users.id, users.username, users.email, users.password_hash, users.role, users.is_active, users.last_login_at, users.created_at, users.updated_at 
FROM users 
WHERE users.username = ?
2025-11-16 20:34:11,557 - sqlalchemy.engine.Engine - INFO - [cached since 0.2233s ago] ('admin',)
2025-11-16 20:34:11,558 - sqlalchemy.engine.Engine - INFO - SELECT drivers.id, drivers.user_id, drivers.name, drivers.phone, drivers.id_card, drivers.license_number, drivers.license_type, drivers.main_route, drivers.vehicle_type, drivers.vehicle_length, drivers.price_per_km, drivers.experience_years, drivers.status, drivers.emergency_contact, drivers.emergency_phone, drivers.remark, drivers.created_at, drivers.updated_at 
FROM drivers 
WHERE drivers.id_card = ?
2025-11-16 20:34:11,558 - sqlalchemy.engine.Engine - INFO - [cached since 0.0303s ago] ('110101199105055678',)
2025-11-16 20:34:11,558 - sqlalchemy.engine.Engine - INFO - SELECT drivers.id, drivers.user_id, drivers.name, drivers.phone, drivers.id_card, drivers.license_number, drivers.license_type, drivers.main_route, drivers.vehicle_type, drivers.vehicle_length, drivers.price_per_km, drivers.experience_years, drivers.status, drivers.emergency_contact, drivers.emergency_phone, drivers.remark, drivers.created_at, drivers.updated_at 
FROM drivers 
WHERE drivers.license_number = ?
2025-11-16 20:34:11,558 - sqlalchemy.engine.Engine - INFO - [cached since 0.02629s ago] ('E444555666',)
2025-11-16 20:34:11,559 - sqlalchemy.engine.Engine - INFO - INSERT INTO drivers (user_id, name, phone, id_card, license_number, license_type, main_route, vehicle_type, vehicle_length, price_per_km, experience_years, status, emergency_contact, emergency_phone, remark, created_at, updated_at) VALUES (?, ?, ?, ?, ?, ?, ?, ?, ?, ?, ?, ?, ?, ?, ?, CURRENT_TIMESTAMP, CURRENT_TIMESTAMP) RETURNING id, created_at, updated_at
2025-11-16 20:34:11,559 - sqlalchemy.engine.Engine - INFO - [cached since 0.02579s ago] (1, '孙七', '13500135005', '110101199105055678', 'E444555666', 'B1', '杭州-南京', '危险品运输车', '9.6米', 15.0, 15, 'active', '孙妻', '13500135006', '危险品运输资质')
2025-11-16 20:34:11,559 - sqlalchemy.engine.Engine - INFO - COMMIT
2025-11-16 20:34:11,560 - sqlalchemy.engine.Engine - INFO - BEGIN (implicit)
2025-11-16 20:34:11,560 - sqlalchemy.engine.Engine - INFO - SELECT drivers.id, drivers.user_id, drivers.name, drivers.phone, drivers.id_card, drivers.license_number, drivers.license_type, drivers.main_route, drivers.vehicle_type, drivers.vehicle_length, drivers.price_per_km, drivers.experience_years, drivers.status, drivers.emergency_contact, drivers.emergency_phone, drivers.remark, drivers.created_at, drivers.updated_at 
FROM drivers 
WHERE drivers.id = ?
2025-11-16 20:34:11,560 - sqlalchemy.engine.Engine - INFO - [cached since 0.02417s ago] (5,)
2025-11-16 20:34:11,561 - sqlalchemy.engine.Engine - INFO - ROLLBACK
2025-11-16 20:34:11,564 - sqlalchemy.engine.Engine - INFO - BEGIN (implicit)
2025-11-16 20:34:11,564 - sqlalchemy.engine.Engine - INFO - SELECT users.id, users.username, users.email, users.password_hash, users.role, users.is_active, users.last_login_at, users.created_at, users.updated_at 
FROM users 
WHERE users.username = ?
2025-11-16 20:34:11,565 - sqlalchemy.engine.Engine - INFO - [cached since 0.2304s ago] ('admin',)
2025-11-16 20:34:11,565 - sqlalchemy.engine.Engine - INFO - SELECT count(drivers.id) AS count_1 
FROM drivers
2025-11-16 20:34:11,565 - sqlalchemy.engine.Engine - INFO - [generated in 0.00006s] ()
2025-11-16 20:34:11,566 - sqlalchemy.engine.Engine - INFO - SELECT count(drivers.id) AS count_1 
FROM drivers 
WHERE drivers.status = ?
2025-11-16 20:34:11,566 - sqlalchemy.engine.Engine - INFO - [generated in 0.00005s] ('active',)
2025-11-16 20:34:11,566 - sqlalchemy.engine.Engine - INFO - SELECT count(drivers.id) AS count_1 
FROM drivers 
WHERE drivers.created_at >= ?
2025-11-16 20:34:11,566 - sqlalchemy.engine.Engine - INFO - [generated in 0.00007s] ('2025-11-01 00:00:00.000000',)
2025-11-16 20:34:11,567 - sqlalchemy.engine.Engine - INFO - SELECT drivers.main_route, count(drivers.id) AS count 
FROM drivers GROUP BY drivers.main_route ORDER BY count(drivers.id) DESC
 LIMIT ? OFFSET ?
2025-11-16 20:34:11,567 - sqlalchemy.engine.Engine - INFO - [generated in 0.00005s] (10, 0)
2025-11-16 20:34:11,568 - sqlalchemy.engine.Engine - INFO - SELECT drivers.user_id, users.username, count(drivers.id) AS count 
FROM drivers JOIN users ON drivers.user_id = users.id GROUP BY drivers.user_id, users.username ORDER BY count(drivers.id) DESC
 LIMIT ? OFFSET ?
2025-11-16 20:34:11,568 - sqlalchemy.engine.Engine - INFO - [generated in 0.00005s] (10, 0)
2025-11-16 20:34:11,568 - sqlalchemy.engine.Engine - INFO - ROLLBACK
2025-11-16 20:54:34,117 - sqlalchemy.engine.Engine - INFO - BEGIN (implicit)
2025-11-16 20:54:34,123 - sqlalchemy.engine.Engine - INFO - SELECT users.id, users.username, users.email, users.password_hash, users.role, users.is_active, users.last_login_at, users.created_at, users.updated_at 
FROM users 
WHERE users.username = ?
2025-11-16 20:54:34,123 - sqlalchemy.engine.Engine - INFO - [generated in 0.00015s] ('admin',)
2025-11-16 20:54:34,307 - sqlalchemy.engine.Engine - INFO - UPDATE users SET last_login_at=?, updated_at=CURRENT_TIMESTAMP WHERE users.id = ?
2025-11-16 20:54:34,307 - sqlalchemy.engine.Engine - INFO - [generated in 0.00017s] ('2025-11-16 12:54:34.306329', 1)
2025-11-16 20:54:34,307 - sqlalchemy.engine.Engine - INFO - COMMIT
2025-11-16 20:54:34,310 - sqlalchemy.engine.Engine - INFO - BEGIN (implicit)
2025-11-16 20:54:34,310 - sqlalchemy.engine.Engine - INFO - SELECT users.id, users.username, users.email, users.password_hash, users.role, users.is_active, users.last_login_at, users.created_at, users.updated_at 
FROM users 
WHERE users.id = ?
2025-11-16 20:54:34,310 - sqlalchemy.engine.Engine - INFO - [generated in 0.00006s] (1,)
2025-11-16 20:54:34,312 - sqlalchemy.engine.Engine - INFO - ROLLBACK
2025-11-16 20:54:40,373 - sqlalchemy.engine.Engine - INFO - BEGIN (implicit)
2025-11-16 20:54:40,373 - sqlalchemy.engine.Engine - INFO - SELECT users.id, users.username, users.email, users.password_hash, users.role, users.is_active, users.last_login_at, users.created_at, users.updated_at 
FROM users 
WHERE users.username = ?
2025-11-16 20:54:40,373 - sqlalchemy.engine.Engine - INFO - [cached since 6.251s ago] ('admin',)
2025-11-16 20:54:40,374 - sqlalchemy.engine.Engine - INFO - ROLLBACK
2025-11-16 20:55:04,600 - sqlalchemy.engine.Engine - INFO - BEGIN (implicit)
2025-11-16 20:55:04,600 - sqlalchemy.engine.Engine - INFO - SELECT users.id, users.username, users.email, users.password_hash, users.role, users.is_active, users.last_login_at, users.created_at, users.updated_at 
FROM users 
WHERE users.username = ?
2025-11-16 20:55:04,600 - sqlalchemy.engine.Engine - INFO - [cached since 30.48s ago] ('admin',)
2025-11-16 20:55:04,603 - sqlalchemy.engine.Engine - INFO - ROLLBACK
2025-11-16 20:55:31,213 - sqlalchemy.engine.Engine - INFO - BEGIN (implicit)
2025-11-16 20:55:31,217 - sqlalchemy.engine.Engine - INFO - SELECT users.id, users.username, users.email, users.password_hash, users.role, users.is_active, users.last_login_at, users.created_at, users.updated_at 
FROM users 
WHERE users.username = ?
2025-11-16 20:55:31,217 - sqlalchemy.engine.Engine - INFO - [generated in 0.00014s] ('admin',)
2025-11-16 20:55:31,219 - sqlalchemy.engine.Engine - INFO - ROLLBACK
2025-11-16 20:56:55,401 - sqlalchemy.engine.Engine - INFO - BEGIN (implicit)
2025-11-16 20:56:55,405 - sqlalchemy.engine.Engine - INFO - SELECT users.id, users.username, users.email, users.password_hash, users.role, users.is_active, users.last_login_at, users.created_at, users.updated_at 
FROM users 
WHERE users.username = ?
2025-11-16 20:56:55,405 - sqlalchemy.engine.Engine - INFO - [generated in 0.00010s] ('admin',)
2025-11-16 20:56:55,408 - sqlalchemy.engine.Engine - INFO - SELECT drivers.id, drivers.user_id, drivers.name, drivers.phone, drivers.id_card, drivers.license_number, drivers.license_type, drivers.main_route, drivers.vehicle_type, drivers.vehicle_length, drivers.price_per_km, drivers.experience_years, drivers.status, drivers.emergency_contact, drivers.emergency_phone, drivers.remark, drivers.created_at, drivers.updated_at 
FROM drivers ORDER BY drivers.created_at DESC
 LIMIT ? OFFSET ?
2025-11-16 20:56:55,408 - sqlalchemy.engine.Engine - INFO - [generated in 0.00008s] (20, 0)
2025-11-16 20:56:55,410 - sqlalchemy.engine.Engine - INFO - SELECT count(drivers.id) AS count_1 
FROM drivers
2025-11-16 20:56:55,410 - sqlalchemy.engine.Engine - INFO - [generated in 0.00016s] ()
2025-11-16 20:56:55,413 - sqlalchemy.engine.Engine - INFO - ROLLBACK
2025-11-16 20:59:44,126 - sqlalchemy.engine.Engine - INFO - BEGIN (implicit)
2025-11-16 20:59:44,127 - sqlalchemy.engine.Engine - INFO - SELECT users.id, users.username, users.email, users.password_hash, users.role, users.is_active, users.last_login_at, users.created_at, users.updated_at 
FROM users 
WHERE users.username = ?
2025-11-16 20:59:44,127 - sqlalchemy.engine.Engine - INFO - [cached since 168.7s ago] ('admin',)
2025-11-16 20:59:44,312 - sqlalchemy.engine.Engine - INFO - UPDATE users SET last_login_at=?, updated_at=CURRENT_TIMESTAMP WHERE users.id = ?
2025-11-16 20:59:44,312 - sqlalchemy.engine.Engine - INFO - [generated in 0.00016s] ('2025-11-16 12:59:44.311210', 1)
2025-11-16 20:59:44,313 - sqlalchemy.engine.Engine - INFO - COMMIT
2025-11-16 20:59:44,316 - sqlalchemy.engine.Engine - INFO - BEGIN (implicit)
2025-11-16 20:59:44,318 - sqlalchemy.engine.Engine - INFO - SELECT users.id, users.username, users.email, users.password_hash, users.role, users.is_active, users.last_login_at, users.created_at, users.updated_at 
FROM users 
WHERE users.id = ?
2025-11-16 20:59:44,318 - sqlalchemy.engine.Engine - INFO - [generated in 0.00044s] (1,)
2025-11-16 20:59:44,321 - sqlalchemy.engine.Engine - INFO - ROLLBACK
2025-11-16 20:59:54,919 - sqlalchemy.engine.Engine - INFO - BEGIN (implicit)
2025-11-16 20:59:54,920 - sqlalchemy.engine.Engine - INFO - SELECT users.id, users.username, users.email, users.password_hash, users.role, users.is_active, users.last_login_at, users.created_at, users.updated_at 
FROM users 
WHERE users.username = ?
2025-11-16 20:59:54,920 - sqlalchemy.engine.Engine - INFO - [cached since 179.5s ago] ('admin',)
2025-11-16 20:59:54,923 - sqlalchemy.engine.Engine - INFO - SELECT drivers.id, drivers.user_id, drivers.name, drivers.phone, drivers.id_card, drivers.license_number, drivers.license_type, drivers.main_route, drivers.vehicle_type, drivers.vehicle_length, drivers.price_per_km, drivers.experience_years, drivers.status, drivers.emergency_contact, drivers.emergency_phone, drivers.remark, drivers.created_at, drivers.updated_at 
FROM drivers 
WHERE drivers.id_card = ?
2025-11-16 20:59:54,923 - sqlalchemy.engine.Engine - INFO - [generated in 0.00008s] ('110101199001011235',)
2025-11-16 20:59:54,924 - sqlalchemy.engine.Engine - INFO - SELECT drivers.id, drivers.user_id, drivers.name, drivers.phone, drivers.id_card, drivers.license_number, drivers.license_type, drivers.main_route, drivers.vehicle_type, drivers.vehicle_length, drivers.price_per_km, drivers.experience_years, drivers.status, drivers.emergency_contact, drivers.emergency_phone, drivers.remark, drivers.created_at, drivers.updated_at 
FROM drivers 
WHERE drivers.license_number = ?
2025-11-16 20:59:54,924 - sqlalchemy.engine.Engine - INFO - [generated in 0.00006s] ('B12345679',)
2025-11-16 20:59:54,925 - sqlalchemy.engine.Engine - INFO - INSERT INTO drivers (user_id, name, phone, id_card, license_number, license_type, main_route, vehicle_type, vehicle_length, price_per_km, experience_years, status, emergency_contact, emergency_phone, remark, created_at, updated_at) VALUES (?, ?, ?, ?, ?, ?, ?, ?, ?, ?, ?, ?, ?, ?, ?, CURRENT_TIMESTAMP, CURRENT_TIMESTAMP) RETURNING id, created_at, updated_at
2025-11-16 20:59:54,925 - sqlalchemy.engine.Engine - INFO - [generated in 0.00013s] (1, '测试司机', '13800138001', '110101199001011235', 'B12345679', 'B2', '北京-天津', '厢式货车', '6.8米', 5.5, 3, 'active', '测试联系人', '13800138002', '测试司机')
2025-11-16 20:59:54,926 - sqlalchemy.engine.Engine - INFO - COMMIT
2025-11-16 20:59:54,927 - sqlalchemy.engine.Engine - INFO - BEGIN (implicit)
2025-11-16 20:59:54,928 - sqlalchemy.engine.Engine - INFO - SELECT drivers.id, drivers.user_id, drivers.name, drivers.phone, drivers.id_card, drivers.license_number, drivers.license_type, drivers.main_route, drivers.vehicle_type, drivers.vehicle_length, drivers.price_per_km, drivers.experience_years, drivers.status, drivers.emergency_contact, drivers.emergency_phone, drivers.remark, drivers.created_at, drivers.updated_at 
FROM drivers 
WHERE drivers.id = ?
2025-11-16 20:59:54,928 - sqlalchemy.engine.Engine - INFO - [generated in 0.00007s] (6,)
2025-11-16 20:59:54,928 - sqlalchemy.engine.Engine - INFO - ROLLBACK
2025-11-16 21:00:03,956 - sqlalchemy.engine.Engine - INFO - BEGIN (implicit)
2025-11-16 21:00:03,956 - sqlalchemy.engine.Engine - INFO - SELECT users.id, users.username, users.email, users.password_hash, users.role, users.is_active, users.last_login_at, users.created_at, users.updated_at 
FROM users 
WHERE users.username = ?
2025-11-16 21:00:03,956 - sqlalchemy.engine.Engine - INFO - [cached since 188.6s ago] ('admin',)
2025-11-16 21:00:03,956 - sqlalchemy.engine.Engine - INFO - SELECT drivers.id, drivers.user_id, drivers.name, drivers.phone, drivers.id_card, drivers.license_number, drivers.license_type, drivers.main_route, drivers.vehicle_type, drivers.vehicle_length, drivers.price_per_km, drivers.experience_years, drivers.status, drivers.emergency_contact, drivers.emergency_phone, drivers.remark, drivers.created_at, drivers.updated_at 
FROM drivers ORDER BY drivers.created_at DESC
 LIMIT ? OFFSET ?
2025-11-16 21:00:03,956 - sqlalchemy.engine.Engine - INFO - [cached since 188.6s ago] (20, 0)
2025-11-16 21:00:03,957 - sqlalchemy.engine.Engine - INFO - SELECT count(drivers.id) AS count_1 
FROM drivers
2025-11-16 21:00:03,957 - sqlalchemy.engine.Engine - INFO - [cached since 188.6s ago] ()
2025-11-16 21:00:03,958 - sqlalchemy.engine.Engine - INFO - ROLLBACK
2025-11-16 21:00:13,185 - sqlalchemy.engine.Engine - INFO - BEGIN (implicit)
2025-11-16 21:00:13,186 - sqlalchemy.engine.Engine - INFO - SELECT users.id, users.username, users.email, users.password_hash, users.role, users.is_active, users.last_login_at, users.created_at, users.updated_at 
FROM users 
WHERE users.username = ?
2025-11-16 21:00:13,186 - sqlalchemy.engine.Engine - INFO - [cached since 197.8s ago] ('admin',)
2025-11-16 21:00:13,189 - sqlalchemy.engine.Engine - INFO - SELECT drivers.id, drivers.user_id, drivers.name, drivers.phone, drivers.id_card, drivers.license_number, drivers.license_type, drivers.main_route, drivers.vehicle_type, drivers.vehicle_length, drivers.price_per_km, drivers.experience_years, drivers.status, drivers.emergency_contact, drivers.emergency_phone, drivers.remark, drivers.created_at, drivers.updated_at 
FROM drivers 
WHERE drivers.id = ?
2025-11-16 21:00:13,189 - sqlalchemy.engine.Engine - INFO - [generated in 0.00010s] (6,)
2025-11-16 21:00:13,189 - sqlalchemy.engine.Engine - INFO - SELECT drivers.id, drivers.user_id, drivers.name, drivers.phone, drivers.id_card, drivers.license_number, drivers.license_type, drivers.main_route, drivers.vehicle_type, drivers.vehicle_length, drivers.price_per_km, drivers.experience_years, drivers.status, drivers.emergency_contact, drivers.emergency_phone, drivers.remark, drivers.created_at, drivers.updated_at 
FROM drivers 
WHERE drivers.id = ?
2025-11-16 21:00:13,189 - sqlalchemy.engine.Engine - INFO - [cached since 0.000542s ago] (6,)
2025-11-16 21:00:13,190 - sqlalchemy.engine.Engine - INFO - UPDATE drivers SET name=?, status=?, updated_at=? WHERE drivers.id = ?
2025-11-16 21:00:13,190 - sqlalchemy.engine.Engine - INFO - [generated in 0.00007s] ('测试司机已更新', 'inactive', '2025-11-16 13:00:13.190211', 6)
2025-11-16 21:00:13,190 - sqlalchemy.engine.Engine - INFO - COMMIT
2025-11-16 21:00:13,191 - sqlalchemy.engine.Engine - INFO - BEGIN (implicit)
2025-11-16 21:00:13,191 - sqlalchemy.engine.Engine - INFO - SELECT drivers.id, drivers.user_id, drivers.name, drivers.phone, drivers.id_card, drivers.license_number, drivers.license_type, drivers.main_route, drivers.vehicle_type, drivers.vehicle_length, drivers.price_per_km, drivers.experience_years, drivers.status, drivers.emergency_contact, drivers.emergency_phone, drivers.remark, drivers.created_at, drivers.updated_at 
FROM drivers 
WHERE drivers.id = ?
2025-11-16 21:00:13,191 - sqlalchemy.engine.Engine - INFO - [cached since 18.26s ago] (6,)
2025-11-16 21:00:13,192 - sqlalchemy.engine.Engine - INFO - ROLLBACK
2025-11-16 21:00:43,421 - sqlalchemy.engine.Engine - INFO - BEGIN (implicit)
2025-11-16 21:00:43,421 - sqlalchemy.engine.Engine - INFO - SELECT users.id, users.username, users.email, users.password_hash, users.role, users.is_active, users.last_login_at, users.created_at, users.updated_at 
FROM users 
WHERE users.username = ?
2025-11-16 21:00:43,421 - sqlalchemy.engine.Engine - INFO - [cached since 228s ago] ('admin',)
2025-11-16 21:00:43,423 - sqlalchemy.engine.Engine - INFO - SELECT drivers.id, drivers.user_id, drivers.name, drivers.phone, drivers.id_card, drivers.license_number, drivers.license_type, drivers.main_route, drivers.vehicle_type, drivers.vehicle_length, drivers.price_per_km, drivers.experience_years, drivers.status, drivers.emergency_contact, drivers.emergency_phone, drivers.remark, drivers.created_at, drivers.updated_at 
FROM drivers 
WHERE drivers.id = ?
2025-11-16 21:00:43,423 - sqlalchemy.engine.Engine - INFO - [cached since 30.23s ago] (6,)
2025-11-16 21:00:43,423 - sqlalchemy.engine.Engine - INFO - SELECT drivers.id, drivers.user_id, drivers.name, drivers.phone, drivers.id_card, drivers.license_number, drivers.license_type, drivers.main_route, drivers.vehicle_type, drivers.vehicle_length, drivers.price_per_km, drivers.experience_years, drivers.status, drivers.emergency_contact, drivers.emergency_phone, drivers.remark, drivers.created_at, drivers.updated_at 
FROM drivers 
WHERE drivers.id = ?
2025-11-16 21:00:43,423 - sqlalchemy.engine.Engine - INFO - [cached since 30.23s ago] (6,)
2025-11-16 21:00:43,425 - sqlalchemy.engine.Engine - INFO - SELECT driver_photos.id AS driver_photos_id, driver_photos.driver_id AS driver_photos_driver_id, driver_photos.photo_type AS driver_photos_photo_type, driver_photos.file_path AS driver_photos_file_path, driver_photos.file_name AS driver_photos_file_name, driver_photos.file_size AS driver_photos_file_size, driver_photos.mime_type AS driver_photos_mime_type, driver_photos.created_at AS driver_photos_created_at 
FROM driver_photos 
WHERE ? = driver_photos.driver_id
2025-11-16 21:00:43,425 - sqlalchemy.engine.Engine - INFO - [generated in 0.00009s] (6,)
2025-11-16 21:00:43,426 - sqlalchemy.engine.Engine - INFO - DELETE FROM drivers WHERE drivers.id = ?
2025-11-16 21:00:43,426 - sqlalchemy.engine.Engine - INFO - [generated in 0.00011s] (6,)
2025-11-16 21:00:43,426 - sqlalchemy.engine.Engine - INFO - COMMIT
2025-11-16 21:00:52,763 - sqlalchemy.engine.Engine - INFO - BEGIN (implicit)
2025-11-16 21:00:52,764 - sqlalchemy.engine.Engine - INFO - SELECT users.id, users.username, users.email, users.password_hash, users.role, users.is_active, users.last_login_at, users.created_at, users.updated_at 
FROM users 
WHERE users.username = ?
2025-11-16 21:00:52,764 - sqlalchemy.engine.Engine - INFO - [cached since 237.4s ago] ('admin',)
2025-11-16 21:00:52,764 - sqlalchemy.engine.Engine - INFO - SELECT drivers.id, drivers.user_id, drivers.name, drivers.phone, drivers.id_card, drivers.license_number, drivers.license_type, drivers.main_route, drivers.vehicle_type, drivers.vehicle_length, drivers.price_per_km, drivers.experience_years, drivers.status, drivers.emergency_contact, drivers.emergency_phone, drivers.remark, drivers.created_at, drivers.updated_at 
FROM drivers ORDER BY drivers.created_at DESC
 LIMIT ? OFFSET ?
2025-11-16 21:00:52,764 - sqlalchemy.engine.Engine - INFO - [cached since 237.4s ago] (20, 0)
2025-11-16 21:00:52,765 - sqlalchemy.engine.Engine - INFO - SELECT count(drivers.id) AS count_1 
FROM drivers
2025-11-16 21:00:52,765 - sqlalchemy.engine.Engine - INFO - [cached since 237.4s ago] ()
2025-11-16 21:00:52,765 - sqlalchemy.engine.Engine - INFO - ROLLBACK
2025-11-16 21:01:01,235 - sqlalchemy.engine.Engine - INFO - BEGIN (implicit)
2025-11-16 21:01:01,236 - sqlalchemy.engine.Engine - INFO - SELECT users.id, users.username, users.email, users.password_hash, users.role, users.is_active, users.last_login_at, users.created_at, users.updated_at 
FROM users 
WHERE users.username = ?
2025-11-16 21:01:01,236 - sqlalchemy.engine.Engine - INFO - [cached since 245.8s ago] ('admin',)
2025-11-16 21:01:01,236 - sqlalchemy.engine.Engine - INFO - SELECT count(drivers.id) AS count_1 
FROM drivers
2025-11-16 21:01:01,236 - sqlalchemy.engine.Engine - INFO - [cached since 245.8s ago] ()
2025-11-16 21:01:01,237 - sqlalchemy.engine.Engine - INFO - SELECT count(drivers.id) AS count_1 
FROM drivers 
WHERE drivers.status = ?
2025-11-16 21:01:01,237 - sqlalchemy.engine.Engine - INFO - [generated in 0.00006s] ('active',)
2025-11-16 21:01:01,237 - sqlalchemy.engine.Engine - INFO - SELECT count(drivers.id) AS count_1 
FROM drivers 
WHERE drivers.created_at >= ?
2025-11-16 21:01:01,237 - sqlalchemy.engine.Engine - INFO - [generated in 0.00005s] ('2025-11-01 00:00:00.000000',)
2025-11-16 21:01:01,238 - sqlalchemy.engine.Engine - INFO - SELECT drivers.main_route, count(drivers.id) AS count 
FROM drivers GROUP BY drivers.main_route ORDER BY count(drivers.id) DESC
 LIMIT ? OFFSET ?
2025-11-16 21:01:01,238 - sqlalchemy.engine.Engine - INFO - [generated in 0.00005s] (10, 0)
2025-11-16 21:01:01,239 - sqlalchemy.engine.Engine - INFO - SELECT drivers.user_id, users.username, count(drivers.id) AS count 
FROM drivers JOIN users ON drivers.user_id = users.id GROUP BY drivers.user_id, users.username ORDER BY count(drivers.id) DESC
 LIMIT ? OFFSET ?
2025-11-16 21:01:01,239 - sqlalchemy.engine.Engine - INFO - [generated in 0.00006s] (10, 0)
2025-11-16 21:01:01,239 - sqlalchemy.engine.Engine - INFO - ROLLBACK
2025-11-16 21:03:08,584 - sqlalchemy.engine.Engine - INFO - BEGIN (implicit)
2025-11-16 21:03:08,585 - sqlalchemy.engine.Engine - INFO - SELECT users.id, users.username, users.email, users.password_hash, users.role, users.is_active, users.last_login_at, users.created_at, users.updated_at 
FROM users 
WHERE users.username = ?
2025-11-16 21:03:08,585 - sqlalchemy.engine.Engine - INFO - [cached since 373.2s ago] ('admin',)
2025-11-16 21:03:08,587 - sqlalchemy.engine.Engine - INFO - SELECT drivers.id, drivers.user_id, drivers.name, drivers.phone, drivers.id_card, drivers.license_number, drivers.license_type, drivers.main_route, drivers.vehicle_type, drivers.vehicle_length, drivers.price_per_km, drivers.experience_years, drivers.status, drivers.emergency_contact, drivers.emergency_phone, drivers.remark, drivers.created_at, drivers.updated_at 
FROM drivers 
WHERE drivers.id = ?
2025-11-16 21:03:08,587 - sqlalchemy.engine.Engine - INFO - [cached since 175.4s ago] (1,)
2025-11-16 21:03:08,588 - sqlalchemy.engine.Engine - INFO - ROLLBACK
2025-11-16 21:06:12,904 - sqlalchemy.engine.Engine - INFO - BEGIN (implicit)
2025-11-16 21:06:12,905 - sqlalchemy.engine.Engine - INFO - SELECT users.id, users.username, users.email, users.password_hash, users.role, users.is_active, users.last_login_at, users.created_at, users.updated_at 
FROM users 
WHERE users.username = ?
2025-11-16 21:06:12,906 - sqlalchemy.engine.Engine - INFO - [cached since 557.5s ago] ('admin',)
2025-11-16 21:06:12,908 - sqlalchemy.engine.Engine - INFO - SELECT drivers.id, drivers.user_id, drivers.name, drivers.phone, drivers.id_card, drivers.license_number, drivers.license_type, drivers.main_route, drivers.vehicle_type, drivers.vehicle_length, drivers.price_per_km, drivers.experience_years, drivers.status, drivers.emergency_contact, drivers.emergency_phone, drivers.remark, drivers.created_at, drivers.updated_at 
FROM drivers 
WHERE drivers.id = ?
2025-11-16 21:06:12,908 - sqlalchemy.engine.Engine - INFO - [cached since 359.7s ago] (1,)
2025-11-16 21:06:12,909 - sqlalchemy.engine.Engine - INFO - SELECT drivers.id, drivers.user_id, drivers.name, drivers.phone, drivers.id_card, drivers.license_number, drivers.license_type, drivers.main_route, drivers.vehicle_type, drivers.vehicle_length, drivers.price_per_km, drivers.experience_years, drivers.status, drivers.emergency_contact, drivers.emergency_phone, drivers.remark, drivers.created_at, drivers.updated_at 
FROM drivers 
WHERE drivers.id = ?
2025-11-16 21:06:12,909 - sqlalchemy.engine.Engine - INFO - [cached since 359.7s ago] (1,)
2025-11-16 21:06:12,909 - sqlalchemy.engine.Engine - INFO - UPDATE drivers SET name=?, status=?, updated_at=? WHERE drivers.id = ?
2025-11-16 21:06:12,910 - sqlalchemy.engine.Engine - INFO - [cached since 359.7s ago] ('张三已更新', 'inactive', '2025-11-16 13:06:12.909429', 1)
2025-11-16 21:06:12,910 - sqlalchemy.engine.Engine - INFO - COMMIT
2025-11-16 21:06:12,913 - sqlalchemy.engine.Engine - INFO - BEGIN (implicit)
2025-11-16 21:06:12,913 - sqlalchemy.engine.Engine - INFO - SELECT drivers.id, drivers.user_id, drivers.name, drivers.phone, drivers.id_card, drivers.license_number, drivers.license_type, drivers.main_route, drivers.vehicle_type, drivers.vehicle_length, drivers.price_per_km, drivers.experience_years, drivers.status, drivers.emergency_contact, drivers.emergency_phone, drivers.remark, drivers.created_at, drivers.updated_at 
FROM drivers 
WHERE drivers.id = ?
2025-11-16 21:06:12,913 - sqlalchemy.engine.Engine - INFO - [cached since 378s ago] (1,)
2025-11-16 21:06:12,914 - sqlalchemy.engine.Engine - INFO - ROLLBACK
2025-11-16 21:09:09,128 - sqlalchemy.engine.Engine - INFO - BEGIN (implicit)
2025-11-16 21:09:09,129 - sqlalchemy.engine.Engine - INFO - SELECT users.id, users.username, users.email, users.password_hash, users.role, users.is_active, users.last_login_at, users.created_at, users.updated_at 
FROM users 
WHERE users.username = ?
2025-11-16 21:09:09,129 - sqlalchemy.engine.Engine - INFO - [cached since 733.7s ago] ('admin',)
2025-11-16 21:09:09,304 - sqlalchemy.engine.Engine - INFO - UPDATE users SET last_login_at=?, updated_at=CURRENT_TIMESTAMP WHERE users.id = ?
2025-11-16 21:09:09,304 - sqlalchemy.engine.Engine - INFO - [cached since 565s ago] ('2025-11-16 13:09:09.304266', 1)
2025-11-16 21:09:09,305 - sqlalchemy.engine.Engine - INFO - COMMIT
2025-11-16 21:09:09,306 - sqlalchemy.engine.Engine - INFO - BEGIN (implicit)
2025-11-16 21:09:09,306 - sqlalchemy.engine.Engine - INFO - SELECT users.id, users.username, users.email, users.password_hash, users.role, users.is_active, users.last_login_at, users.created_at, users.updated_at 
FROM users 
WHERE users.id = ?
2025-11-16 21:09:09,306 - sqlalchemy.engine.Engine - INFO - [cached since 565s ago] (1,)
2025-11-16 21:09:09,307 - sqlalchemy.engine.Engine - INFO - ROLLBACK
2025-11-16 21:59:22,078 - sqlalchemy.engine.Engine - INFO - BEGIN (implicit)
2025-11-16 21:59:22,083 - sqlalchemy.engine.Engine - INFO - SELECT users.id, users.username, users.email, users.password_hash, users.role, users.is_active, users.last_login_at, users.created_at, users.updated_at 
FROM users 
WHERE users.username = ?
2025-11-16 21:59:22,083 - sqlalchemy.engine.Engine - INFO - [generated in 0.00013s] ('admin',)
2025-11-16 21:59:22,252 - sqlalchemy.engine.Engine - INFO - UPDATE users SET last_login_at=?, updated_at=CURRENT_TIMESTAMP WHERE users.id = ?
2025-11-16 21:59:22,252 - sqlalchemy.engine.Engine - INFO - [generated in 0.00012s] ('2025-11-16 13:59:22.251931', 1)
2025-11-16 21:59:22,253 - sqlalchemy.engine.Engine - INFO - COMMIT
2025-11-16 21:59:22,255 - sqlalchemy.engine.Engine - INFO - BEGIN (implicit)
2025-11-16 21:59:22,255 - sqlalchemy.engine.Engine - INFO - SELECT users.id, users.username, users.email, users.password_hash, users.role, users.is_active, users.last_login_at, users.created_at, users.updated_at 
FROM users 
WHERE users.id = ?
2025-11-16 21:59:22,255 - sqlalchemy.engine.Engine - INFO - [generated in 0.00006s] (1,)
2025-11-16 21:59:22,256 - sqlalchemy.engine.Engine - INFO - INSERT INTO operation_logs (user_id, operation_type, table_name, record_id, old_data, new_data, ip_address, user_agent, created_at) VALUES (?, ?, ?, ?, ?, ?, ?, ?, CURRENT_TIMESTAMP) RETURNING id, created_at
2025-11-16 21:59:22,256 - sqlalchemy.engine.Engine - INFO - [generated in 0.00007s] (1, 'login', 'users', 1, None, None, None, None)
2025-11-16 21:59:22,257 - sqlalchemy.engine.Engine - INFO - COMMIT
2025-11-16 21:59:22,257 - sqlalchemy.engine.Engine - INFO - BEGIN (implicit)
2025-11-16 21:59:22,258 - sqlalchemy.engine.Engine - INFO - SELECT operation_logs.id, operation_logs.user_id, operation_logs.operation_type, operation_logs.table_name, operation_logs.record_id, operation_logs.old_data, operation_logs.new_data, operation_logs.ip_address, operation_logs.user_agent, operation_logs.created_at 
FROM operation_logs 
WHERE operation_logs.id = ?
2025-11-16 21:59:22,258 - sqlalchemy.engine.Engine - INFO - [generated in 0.00006s] (1,)
2025-11-16 21:59:22,258 - sqlalchemy.engine.Engine - INFO - ROLLBACK
2025-11-16 22:07:08,409 - sqlalchemy.engine.Engine - INFO - BEGIN (implicit)
2025-11-16 22:07:08,410 - sqlalchemy.engine.Engine - INFO - SELECT users.id, users.username, users.email, users.password_hash, users.role, users.is_active, users.last_login_at, users.created_at, users.updated_at 
FROM users 
WHERE users.username = ?
2025-11-16 22:07:08,410 - sqlalchemy.engine.Engine - INFO - [cached since 466.3s ago] ('admin',)
2025-11-16 22:07:08,585 - sqlalchemy.engine.Engine - INFO - UPDATE users SET last_login_at=?, updated_at=CURRENT_TIMESTAMP WHERE users.id = ?
2025-11-16 22:07:08,585 - sqlalchemy.engine.Engine - INFO - [cached since 466.3s ago] ('2025-11-16 14:07:08.584791', 1)
2025-11-16 22:07:08,585 - sqlalchemy.engine.Engine - INFO - COMMIT
2025-11-16 22:07:08,586 - sqlalchemy.engine.Engine - INFO - BEGIN (implicit)
2025-11-16 22:07:08,586 - sqlalchemy.engine.Engine - INFO - SELECT users.id, users.username, users.email, users.password_hash, users.role, users.is_active, users.last_login_at, users.created_at, users.updated_at 
FROM users 
WHERE users.id = ?
2025-11-16 22:07:08,586 - sqlalchemy.engine.Engine - INFO - [cached since 466.3s ago] (1,)
2025-11-16 22:07:08,588 - sqlalchemy.engine.Engine - INFO - INSERT INTO operation_logs (user_id, operation_type, table_name, record_id, old_data, new_data, ip_address, user_agent, created_at) VALUES (?, ?, ?, ?, ?, ?, ?, ?, CURRENT_TIMESTAMP) RETURNING id, created_at
2025-11-16 22:07:08,588 - sqlalchemy.engine.Engine - INFO - [cached since 466.3s ago] (1, 'login', 'users', 1, None, None, None, None)
2025-11-16 22:07:08,589 - sqlalchemy.engine.Engine - INFO - COMMIT
2025-11-16 22:07:08,589 - sqlalchemy.engine.Engine - INFO - BEGIN (implicit)
2025-11-16 22:07:08,589 - sqlalchemy.engine.Engine - INFO - SELECT operation_logs.id, operation_logs.user_id, operation_logs.operation_type, operation_logs.table_name, operation_logs.record_id, operation_logs.old_data, operation_logs.new_data, operation_logs.ip_address, operation_logs.user_agent, operation_logs.created_at 
FROM operation_logs 
WHERE operation_logs.id = ?
2025-11-16 22:07:08,590 - sqlalchemy.engine.Engine - INFO - [cached since 466.3s ago] (2,)
2025-11-16 22:07:08,590 - sqlalchemy.engine.Engine - INFO - ROLLBACK
2025-11-16 22:07:08,638 - sqlalchemy.engine.Engine - INFO - BEGIN (implicit)
2025-11-16 22:07:08,638 - sqlalchemy.engine.Engine - INFO - SELECT users.id, users.username, users.email, users.password_hash, users.role, users.is_active, users.last_login_at, users.created_at, users.updated_at 
FROM users 
WHERE users.username = ?
2025-11-16 22:07:08,638 - sqlalchemy.engine.Engine - INFO - [cached since 466.6s ago] ('admin',)
2025-11-16 22:07:08,640 - sqlalchemy.engine.Engine - INFO - SELECT drivers.id, drivers.user_id, drivers.name, drivers.phone, drivers.id_card, drivers.license_number, drivers.license_type, drivers.main_route, drivers.vehicle_type, drivers.vehicle_length, drivers.price_per_km, drivers.experience_years, drivers.status, drivers.emergency_contact, drivers.emergency_phone, drivers.remark, drivers.created_at, drivers.updated_at 
FROM drivers ORDER BY drivers.created_at DESC
 LIMIT ? OFFSET ?
2025-11-16 22:07:08,640 - sqlalchemy.engine.Engine - INFO - [generated in 0.00023s] (20, 0)
2025-11-16 22:07:08,643 - sqlalchemy.engine.Engine - INFO - SELECT count(drivers.id) AS count_1 
FROM drivers
2025-11-16 22:07:08,643 - sqlalchemy.engine.Engine - INFO - [generated in 0.00014s] ()
2025-11-16 22:07:08,649 - sqlalchemy.engine.Engine - INFO - ROLLBACK
2025-11-16 22:07:22,630 - sqlalchemy.engine.Engine - INFO - BEGIN (implicit)
2025-11-16 22:07:22,630 - sqlalchemy.engine.Engine - INFO - SELECT users.id, users.username, users.email, users.password_hash, users.role, users.is_active, users.last_login_at, users.created_at, users.updated_at 
FROM users 
WHERE users.username = ?
2025-11-16 22:07:22,630 - sqlalchemy.engine.Engine - INFO - [cached since 480.5s ago] ('admin',)
2025-11-16 22:07:22,631 - sqlalchemy.engine.Engine - INFO - ROLLBACK
2025-11-16 22:13:12,916 - sqlalchemy.engine.Engine - INFO - BEGIN (implicit)
2025-11-16 22:13:12,917 - sqlalchemy.engine.Engine - INFO - SELECT users.id, users.username, users.email, users.password_hash, users.role, users.is_active, users.last_login_at, users.created_at, users.updated_at 
FROM users 
WHERE users.username = ?
2025-11-16 22:13:12,918 - sqlalchemy.engine.Engine - INFO - [cached since 830.8s ago] ('admin',)
2025-11-16 22:13:12,919 - sqlalchemy.engine.Engine - INFO - SELECT drivers.id, drivers.user_id, drivers.name, drivers.phone, drivers.id_card, drivers.license_number, drivers.license_type, drivers.main_route, drivers.vehicle_type, drivers.vehicle_length, drivers.price_per_km, drivers.experience_years, drivers.status, drivers.emergency_contact, drivers.emergency_phone, drivers.remark, drivers.created_at, drivers.updated_at 
FROM drivers ORDER BY drivers.created_at DESC
 LIMIT ? OFFSET ?
2025-11-16 22:13:12,919 - sqlalchemy.engine.Engine - INFO - [cached since 364.3s ago] (20, 0)
2025-11-16 22:13:12,920 - sqlalchemy.engine.Engine - INFO - SELECT count(drivers.id) AS count_1 
FROM drivers
2025-11-16 22:13:12,920 - sqlalchemy.engine.Engine - INFO - [cached since 364.3s ago] ()
2025-11-16 22:13:12,921 - sqlalchemy.engine.Engine - INFO - ROLLBACK
2025-11-16 22:13:56,264 - sqlalchemy.engine.Engine - INFO - BEGIN (implicit)
2025-11-16 22:13:56,264 - sqlalchemy.engine.Engine - INFO - SELECT users.id, users.username, users.email, users.password_hash, users.role, users.is_active, users.last_login_at, users.created_at, users.updated_at 
FROM users 
WHERE users.username = ?
2025-11-16 22:13:56,264 - sqlalchemy.engine.Engine - INFO - [cached since 874.2s ago] ('admin',)
2025-11-16 22:13:56,265 - sqlalchemy.engine.Engine - INFO - SELECT drivers.id, drivers.user_id, drivers.name, drivers.phone, drivers.id_card, drivers.license_number, drivers.license_type, drivers.main_route, drivers.vehicle_type, drivers.vehicle_length, drivers.price_per_km, drivers.experience_years, drivers.status, drivers.emergency_contact, drivers.emergency_phone, drivers.remark, drivers.created_at, drivers.updated_at 
FROM drivers ORDER BY drivers.created_at DESC
 LIMIT ? OFFSET ?
2025-11-16 22:13:56,265 - sqlalchemy.engine.Engine - INFO - [cached since 407.6s ago] (20, 0)
2025-11-16 22:13:56,266 - sqlalchemy.engine.Engine - INFO - SELECT count(drivers.id) AS count_1 
FROM drivers
2025-11-16 22:13:56,267 - sqlalchemy.engine.Engine - INFO - [cached since 407.6s ago] ()
2025-11-16 22:13:56,269 - sqlalchemy.engine.Engine - INFO - ROLLBACK
2025-11-16 22:16:26,080 - sqlalchemy.engine.Engine - INFO - BEGIN (implicit)
2025-11-16 22:16:26,080 - sqlalchemy.engine.Engine - INFO - SELECT users.id, users.username, users.email, users.password_hash, users.role, users.is_active, users.last_login_at, users.created_at, users.updated_at 
FROM users 
WHERE users.username = ?
2025-11-16 22:16:26,080 - sqlalchemy.engine.Engine - INFO - [cached since 1024s ago] ('admin',)
2025-11-16 22:16:26,082 - sqlalchemy.engine.Engine - INFO - SELECT drivers.id, drivers.user_id, drivers.name, drivers.phone, drivers.id_card, drivers.license_number, drivers.license_type, drivers.main_route, drivers.vehicle_type, drivers.vehicle_length, drivers.price_per_km, drivers.experience_years, drivers.status, drivers.emergency_contact, drivers.emergency_phone, drivers.remark, drivers.created_at, drivers.updated_at 
FROM drivers ORDER BY drivers.created_at DESC
 LIMIT ? OFFSET ?
2025-11-16 22:16:26,082 - sqlalchemy.engine.Engine - INFO - [cached since 557.4s ago] (20, 0)
2025-11-16 22:16:26,083 - sqlalchemy.engine.Engine - INFO - SELECT count(drivers.id) AS count_1 
FROM drivers
2025-11-16 22:16:26,084 - sqlalchemy.engine.Engine - INFO - [cached since 557.4s ago] ()
2025-11-16 22:16:26,085 - sqlalchemy.engine.Engine - INFO - ROLLBACK
2025-11-16 22:16:48,012 - sqlalchemy.engine.Engine - INFO - BEGIN (implicit)
2025-11-16 22:16:48,012 - sqlalchemy.engine.Engine - INFO - SELECT users.id, users.username, users.email, users.password_hash, users.role, users.is_active, users.last_login_at, users.created_at, users.updated_at 
FROM users 
WHERE users.username = ?
2025-11-16 22:16:48,013 - sqlalchemy.engine.Engine - INFO - [cached since 1046s ago] ('admin',)
2025-11-16 22:16:48,014 - sqlalchemy.engine.Engine - INFO - SELECT drivers.id, drivers.user_id, drivers.name, drivers.phone, drivers.id_card, drivers.license_number, drivers.license_type, drivers.main_route, drivers.vehicle_type, drivers.vehicle_length, drivers.price_per_km, drivers.experience_years, drivers.status, drivers.emergency_contact, drivers.emergency_phone, drivers.remark, drivers.created_at, drivers.updated_at 
FROM drivers ORDER BY drivers.created_at DESC
 LIMIT ? OFFSET ?
2025-11-16 22:16:48,015 - sqlalchemy.engine.Engine - INFO - [cached since 579.4s ago] (20, 0)
2025-11-16 22:16:48,016 - sqlalchemy.engine.Engine - INFO - SELECT count(drivers.id) AS count_1 
FROM drivers
2025-11-16 22:16:48,016 - sqlalchemy.engine.Engine - INFO - [cached since 579.4s ago] ()
2025-11-16 22:16:48,018 - sqlalchemy.engine.Engine - INFO - ROLLBACK
2025-11-16 22:18:33,541 - sqlalchemy.engine.Engine - INFO - BEGIN (implicit)
2025-11-16 22:18:33,542 - sqlalchemy.engine.Engine - INFO - SELECT users.id, users.username, users.email, users.password_hash, users.role, users.is_active, users.last_login_at, users.created_at, users.updated_at 
FROM users 
WHERE users.username = ?
2025-11-16 22:18:33,542 - sqlalchemy.engine.Engine - INFO - [cached since 1151s ago] ('admin',)
2025-11-16 22:18:33,765 - sqlalchemy.engine.Engine - INFO - UPDATE users SET last_login_at=?, updated_at=CURRENT_TIMESTAMP WHERE users.id = ?
2025-11-16 22:18:33,765 - sqlalchemy.engine.Engine - INFO - [cached since 1152s ago] ('2025-11-16 14:18:33.764848', 1)
2025-11-16 22:18:33,765 - sqlalchemy.engine.Engine - INFO - COMMIT
2025-11-16 22:18:33,766 - sqlalchemy.engine.Engine - INFO - BEGIN (implicit)
2025-11-16 22:18:33,766 - sqlalchemy.engine.Engine - INFO - SELECT users.id, users.username, users.email, users.password_hash, users.role, users.is_active, users.last_login_at, users.created_at, users.updated_at 
FROM users 
WHERE users.id = ?
2025-11-16 22:18:33,766 - sqlalchemy.engine.Engine - INFO - [cached since 1152s ago] (1,)
2025-11-16 22:18:33,767 - sqlalchemy.engine.Engine - INFO - INSERT INTO operation_logs (user_id, operation_type, table_name, record_id, old_data, new_data, ip_address, user_agent, created_at) VALUES (?, ?, ?, ?, ?, ?, ?, ?, CURRENT_TIMESTAMP) RETURNING id, created_at
2025-11-16 22:18:33,767 - sqlalchemy.engine.Engine - INFO - [cached since 1152s ago] (1, 'login', 'users', 1, None, None, None, None)
2025-11-16 22:18:33,767 - sqlalchemy.engine.Engine - INFO - COMMIT
2025-11-16 22:18:33,767 - sqlalchemy.engine.Engine - INFO - BEGIN (implicit)
2025-11-16 22:18:33,767 - sqlalchemy.engine.Engine - INFO - SELECT operation_logs.id, operation_logs.user_id, operation_logs.operation_type, operation_logs.table_name, operation_logs.record_id, operation_logs.old_data, operation_logs.new_data, operation_logs.ip_address, operation_logs.user_agent, operation_logs.created_at 
FROM operation_logs 
WHERE operation_logs.id = ?
2025-11-16 22:18:33,768 - sqlalchemy.engine.Engine - INFO - [cached since 1152s ago] (3,)
2025-11-16 22:18:33,768 - sqlalchemy.engine.Engine - INFO - ROLLBACK
2025-11-16 22:18:33,840 - sqlalchemy.engine.Engine - INFO - BEGIN (implicit)
2025-11-16 22:18:33,841 - sqlalchemy.engine.Engine - INFO - SELECT users.id, users.username, users.email, users.password_hash, users.role, users.is_active, users.last_login_at, users.created_at, users.updated_at 
FROM users 
WHERE users.username = ?
2025-11-16 22:18:33,841 - sqlalchemy.engine.Engine - INFO - [cached since 1152s ago] ('admin',)
2025-11-16 22:18:33,842 - sqlalchemy.engine.Engine - INFO - SELECT drivers.id, drivers.user_id, drivers.name, drivers.phone, drivers.id_card, drivers.license_number, drivers.license_type, drivers.main_route, drivers.vehicle_type, drivers.vehicle_length, drivers.price_per_km, drivers.experience_years, drivers.status, drivers.emergency_contact, drivers.emergency_phone, drivers.remark, drivers.created_at, drivers.updated_at 
FROM drivers ORDER BY drivers.created_at DESC
 LIMIT ? OFFSET ?
2025-11-16 22:18:33,842 - sqlalchemy.engine.Engine - INFO - [cached since 685.2s ago] (20, 0)
2025-11-16 22:18:33,843 - sqlalchemy.engine.Engine - INFO - SELECT count(drivers.id) AS count_1 
FROM drivers
2025-11-16 22:18:33,843 - sqlalchemy.engine.Engine - INFO - [cached since 685.2s ago] ()
2025-11-16 22:18:33,844 - sqlalchemy.engine.Engine - INFO - ROLLBACK
2025-11-16 22:18:47,876 - sqlalchemy.engine.Engine - INFO - BEGIN (implicit)
2025-11-16 22:18:47,876 - sqlalchemy.engine.Engine - INFO - SELECT users.id, users.username, users.email, users.password_hash, users.role, users.is_active, users.last_login_at, users.created_at, users.updated_at 
FROM users 
WHERE users.username = ?
2025-11-16 22:18:47,876 - sqlalchemy.engine.Engine - INFO - [cached since 1166s ago] ('admin',)
2025-11-16 22:18:47,878 - sqlalchemy.engine.Engine - INFO - SELECT drivers.id, drivers.user_id, drivers.name, drivers.phone, drivers.id_card, drivers.license_number, drivers.license_type, drivers.main_route, drivers.vehicle_type, drivers.vehicle_length, drivers.price_per_km, drivers.experience_years, drivers.status, drivers.emergency_contact, drivers.emergency_phone, drivers.remark, drivers.created_at, drivers.updated_at 
FROM drivers ORDER BY drivers.created_at DESC
 LIMIT ? OFFSET ?
2025-11-16 22:18:47,878 - sqlalchemy.engine.Engine - INFO - [cached since 699.2s ago] (20, 0)
2025-11-16 22:18:47,878 - sqlalchemy.engine.Engine - INFO - SELECT count(drivers.id) AS count_1 
FROM drivers
2025-11-16 22:18:47,878 - sqlalchemy.engine.Engine - INFO - [cached since 699.2s ago] ()
2025-11-16 22:18:47,879 - sqlalchemy.engine.Engine - INFO - ROLLBACK
2025-11-16 22:18:52,722 - sqlalchemy.engine.Engine - INFO - BEGIN (implicit)
2025-11-16 22:18:52,723 - sqlalchemy.engine.Engine - INFO - SELECT users.id, users.username, users.email, users.password_hash, users.role, users.is_active, users.last_login_at, users.created_at, users.updated_at 
FROM users 
WHERE users.username = ?
2025-11-16 22:18:52,723 - sqlalchemy.engine.Engine - INFO - [cached since 1171s ago] ('admin',)
2025-11-16 22:18:52,723 - sqlalchemy.engine.Engine - INFO - SELECT drivers.id, drivers.user_id, drivers.name, drivers.phone, drivers.id_card, drivers.license_number, drivers.license_type, drivers.main_route, drivers.vehicle_type, drivers.vehicle_length, drivers.price_per_km, drivers.experience_years, drivers.status, drivers.emergency_contact, drivers.emergency_phone, drivers.remark, drivers.created_at, drivers.updated_at 
FROM drivers ORDER BY drivers.created_at DESC
 LIMIT ? OFFSET ?
2025-11-16 22:18:52,723 - sqlalchemy.engine.Engine - INFO - [cached since 704.1s ago] (20, 0)
2025-11-16 22:18:52,724 - sqlalchemy.engine.Engine - INFO - SELECT count(drivers.id) AS count_1 
FROM drivers
2025-11-16 22:18:52,724 - sqlalchemy.engine.Engine - INFO - [cached since 704.1s ago] ()
2025-11-16 22:18:52,725 - sqlalchemy.engine.Engine - INFO - ROLLBACK
2025-11-16 22:18:58,173 - sqlalchemy.engine.Engine - INFO - BEGIN (implicit)
2025-11-16 22:18:58,173 - sqlalchemy.engine.Engine - INFO - SELECT users.id, users.username, users.email, users.password_hash, users.role, users.is_active, users.last_login_at, users.created_at, users.updated_at 
FROM users 
WHERE users.username = ?
2025-11-16 22:18:58,173 - sqlalchemy.engine.Engine - INFO - [cached since 1176s ago] ('admin',)
2025-11-16 22:18:58,174 - sqlalchemy.engine.Engine - INFO - SELECT drivers.id, drivers.user_id, drivers.name, drivers.phone, drivers.id_card, drivers.license_number, drivers.license_type, drivers.main_route, drivers.vehicle_type, drivers.vehicle_length, drivers.price_per_km, drivers.experience_years, drivers.status, drivers.emergency_contact, drivers.emergency_phone, drivers.remark, drivers.created_at, drivers.updated_at 
FROM drivers ORDER BY drivers.created_at DESC
 LIMIT ? OFFSET ?
2025-11-16 22:18:58,174 - sqlalchemy.engine.Engine - INFO - [cached since 709.5s ago] (20, 0)
2025-11-16 22:18:58,175 - sqlalchemy.engine.Engine - INFO - SELECT count(drivers.id) AS count_1 
FROM drivers
2025-11-16 22:18:58,175 - sqlalchemy.engine.Engine - INFO - [cached since 709.5s ago] ()
2025-11-16 22:18:58,175 - sqlalchemy.engine.Engine - INFO - ROLLBACK
2025-11-16 22:20:44,356 - sqlalchemy.engine.Engine - INFO - BEGIN (implicit)
2025-11-16 22:20:44,357 - sqlalchemy.engine.Engine - INFO - SELECT users.id, users.username, users.email, users.password_hash, users.role, users.is_active, users.last_login_at, users.created_at, users.updated_at 
FROM users 
WHERE users.username = ?
2025-11-16 22:20:44,357 - sqlalchemy.engine.Engine - INFO - [cached since 1282s ago] ('admin',)
2025-11-16 22:20:44,358 - sqlalchemy.engine.Engine - INFO - SELECT drivers.id, drivers.user_id, drivers.name, drivers.phone, drivers.id_card, drivers.license_number, drivers.license_type, drivers.main_route, drivers.vehicle_type, drivers.vehicle_length, drivers.price_per_km, drivers.experience_years, drivers.status, drivers.emergency_contact, drivers.emergency_phone, drivers.remark, drivers.created_at, drivers.updated_at 
FROM drivers ORDER BY drivers.created_at DESC
 LIMIT ? OFFSET ?
2025-11-16 22:20:44,358 - sqlalchemy.engine.Engine - INFO - [cached since 815.7s ago] (20, 0)
2025-11-16 22:20:44,358 - sqlalchemy.engine.Engine - INFO - SELECT count(drivers.id) AS count_1 
FROM drivers
2025-11-16 22:20:44,358 - sqlalchemy.engine.Engine - INFO - [cached since 815.7s ago] ()
2025-11-16 22:20:44,360 - sqlalchemy.engine.Engine - INFO - ROLLBACK
2025-11-16 22:20:47,076 - sqlalchemy.engine.Engine - INFO - BEGIN (implicit)
2025-11-16 22:20:47,076 - sqlalchemy.engine.Engine - INFO - SELECT users.id, users.username, users.email, users.password_hash, users.role, users.is_active, users.last_login_at, users.created_at, users.updated_at 
FROM users 
WHERE users.username = ?
2025-11-16 22:20:47,076 - sqlalchemy.engine.Engine - INFO - [cached since 1285s ago] ('admin',)
2025-11-16 22:20:47,077 - sqlalchemy.engine.Engine - INFO - SELECT drivers.id, drivers.user_id, drivers.name, drivers.phone, drivers.id_card, drivers.license_number, drivers.license_type, drivers.main_route, drivers.vehicle_type, drivers.vehicle_length, drivers.price_per_km, drivers.experience_years, drivers.status, drivers.emergency_contact, drivers.emergency_phone, drivers.remark, drivers.created_at, drivers.updated_at 
FROM drivers ORDER BY drivers.created_at DESC
 LIMIT ? OFFSET ?
2025-11-16 22:20:47,077 - sqlalchemy.engine.Engine - INFO - [cached since 818.4s ago] (20, 0)
2025-11-16 22:20:47,078 - sqlalchemy.engine.Engine - INFO - SELECT count(drivers.id) AS count_1 
FROM drivers
2025-11-16 22:20:47,078 - sqlalchemy.engine.Engine - INFO - [cached since 818.4s ago] ()
2025-11-16 22:20:47,079 - sqlalchemy.engine.Engine - INFO - ROLLBACK
2025-11-16 22:24:26,466 - sqlalchemy.engine.Engine - INFO - BEGIN (implicit)
2025-11-16 22:24:26,467 - sqlalchemy.engine.Engine - INFO - SELECT users.id, users.username, users.email, users.password_hash, users.role, users.is_active, users.last_login_at, users.created_at, users.updated_at 
FROM users 
WHERE users.username = ?
2025-11-16 22:24:26,467 - sqlalchemy.engine.Engine - INFO - [cached since 1504s ago] ('admin',)
2025-11-16 22:24:26,468 - sqlalchemy.engine.Engine - INFO - SELECT drivers.id, drivers.user_id, drivers.name, drivers.phone, drivers.id_card, drivers.license_number, drivers.license_type, drivers.main_route, drivers.vehicle_type, drivers.vehicle_length, drivers.price_per_km, drivers.experience_years, drivers.status, drivers.emergency_contact, drivers.emergency_phone, drivers.remark, drivers.created_at, drivers.updated_at 
FROM drivers ORDER BY drivers.created_at DESC
 LIMIT ? OFFSET ?
2025-11-16 22:24:26,468 - sqlalchemy.engine.Engine - INFO - [cached since 1038s ago] (20, 0)
2025-11-16 22:24:26,470 - sqlalchemy.engine.Engine - INFO - SELECT count(drivers.id) AS count_1 
FROM drivers
2025-11-16 22:24:26,470 - sqlalchemy.engine.Engine - INFO - [cached since 1038s ago] ()
2025-11-16 22:24:26,471 - sqlalchemy.engine.Engine - INFO - ROLLBACK
2025-11-16 22:24:29,674 - sqlalchemy.engine.Engine - INFO - BEGIN (implicit)
2025-11-16 22:24:29,674 - sqlalchemy.engine.Engine - INFO - SELECT users.id, users.username, users.email, users.password_hash, users.role, users.is_active, users.last_login_at, users.created_at, users.updated_at 
FROM users 
WHERE users.username = ?
2025-11-16 22:24:29,675 - sqlalchemy.engine.Engine - INFO - [cached since 1508s ago] ('admin',)
2025-11-16 22:24:29,677 - sqlalchemy.engine.Engine - INFO - SELECT drivers.id, drivers.user_id, drivers.name, drivers.phone, drivers.id_card, drivers.license_number, drivers.license_type, drivers.main_route, drivers.vehicle_type, drivers.vehicle_length, drivers.price_per_km, drivers.experience_years, drivers.status, drivers.emergency_contact, drivers.emergency_phone, drivers.remark, drivers.created_at, drivers.updated_at 
FROM drivers ORDER BY drivers.created_at DESC
 LIMIT ? OFFSET ?
2025-11-16 22:24:29,677 - sqlalchemy.engine.Engine - INFO - [cached since 1041s ago] (20, 0)
2025-11-16 22:24:29,679 - sqlalchemy.engine.Engine - INFO - SELECT count(drivers.id) AS count_1 
FROM drivers
2025-11-16 22:24:29,679 - sqlalchemy.engine.Engine - INFO - [cached since 1041s ago] ()
2025-11-16 22:24:29,681 - sqlalchemy.engine.Engine - INFO - ROLLBACK
2025-11-16 22:24:40,576 - sqlalchemy.engine.Engine - INFO - BEGIN (implicit)
2025-11-16 22:24:40,576 - sqlalchemy.engine.Engine - INFO - SELECT users.id, users.username, users.email, users.password_hash, users.role, users.is_active, users.last_login_at, users.created_at, users.updated_at 
FROM users 
WHERE users.username = ?
2025-11-16 22:24:40,576 - sqlalchemy.engine.Engine - INFO - [cached since 1519s ago] ('admin',)
2025-11-16 22:24:40,577 - sqlalchemy.engine.Engine - INFO - SELECT drivers.id, drivers.user_id, drivers.name, drivers.phone, drivers.id_card, drivers.license_number, drivers.license_type, drivers.main_route, drivers.vehicle_type, drivers.vehicle_length, drivers.price_per_km, drivers.experience_years, drivers.status, drivers.emergency_contact, drivers.emergency_phone, drivers.remark, drivers.created_at, drivers.updated_at 
FROM drivers ORDER BY drivers.created_at DESC
 LIMIT ? OFFSET ?
2025-11-16 22:24:40,577 - sqlalchemy.engine.Engine - INFO - [cached since 1052s ago] (20, 0)
2025-11-16 22:24:40,578 - sqlalchemy.engine.Engine - INFO - SELECT count(drivers.id) AS count_1 
FROM drivers
2025-11-16 22:24:40,578 - sqlalchemy.engine.Engine - INFO - [cached since 1052s ago] ()
2025-11-16 22:24:40,579 - sqlalchemy.engine.Engine - INFO - ROLLBACK
2025-11-16 22:24:43,451 - sqlalchemy.engine.Engine - INFO - BEGIN (implicit)
2025-11-16 22:24:43,451 - sqlalchemy.engine.Engine - INFO - SELECT users.id, users.username, users.email, users.password_hash, users.role, users.is_active, users.last_login_at, users.created_at, users.updated_at 
FROM users 
WHERE users.username = ?
2025-11-16 22:24:43,451 - sqlalchemy.engine.Engine - INFO - [cached since 1521s ago] ('admin',)
2025-11-16 22:24:43,452 - sqlalchemy.engine.Engine - INFO - SELECT drivers.id, drivers.user_id, drivers.name, drivers.phone, drivers.id_card, drivers.license_number, drivers.license_type, drivers.main_route, drivers.vehicle_type, drivers.vehicle_length, drivers.price_per_km, drivers.experience_years, drivers.status, drivers.emergency_contact, drivers.emergency_phone, drivers.remark, drivers.created_at, drivers.updated_at 
FROM drivers ORDER BY drivers.created_at DESC
 LIMIT ? OFFSET ?
2025-11-16 22:24:43,452 - sqlalchemy.engine.Engine - INFO - [cached since 1055s ago] (20, 0)
2025-11-16 22:24:43,452 - sqlalchemy.engine.Engine - INFO - SELECT count(drivers.id) AS count_1 
FROM drivers
2025-11-16 22:24:43,452 - sqlalchemy.engine.Engine - INFO - [cached since 1055s ago] ()
2025-11-16 22:24:43,453 - sqlalchemy.engine.Engine - INFO - ROLLBACK
2025-11-16 22:24:47,422 - sqlalchemy.engine.Engine - INFO - BEGIN (implicit)
2025-11-16 22:24:47,422 - sqlalchemy.engine.Engine - INFO - SELECT users.id, users.username, users.email, users.password_hash, users.role, users.is_active, users.last_login_at, users.created_at, users.updated_at 
FROM users 
WHERE users.username = ?
2025-11-16 22:24:47,422 - sqlalchemy.engine.Engine - INFO - [cached since 1525s ago] ('admin',)
2025-11-16 22:24:47,423 - sqlalchemy.engine.Engine - INFO - SELECT drivers.id, drivers.user_id, drivers.name, drivers.phone, drivers.id_card, drivers.license_number, drivers.license_type, drivers.main_route, drivers.vehicle_type, drivers.vehicle_length, drivers.price_per_km, drivers.experience_years, drivers.status, drivers.emergency_contact, drivers.emergency_phone, drivers.remark, drivers.created_at, drivers.updated_at 
FROM drivers ORDER BY drivers.created_at DESC
 LIMIT ? OFFSET ?
2025-11-16 22:24:47,423 - sqlalchemy.engine.Engine - INFO - [cached since 1059s ago] (20, 0)
2025-11-16 22:24:47,424 - sqlalchemy.engine.Engine - INFO - SELECT count(drivers.id) AS count_1 
FROM drivers
2025-11-16 22:24:47,424 - sqlalchemy.engine.Engine - INFO - [cached since 1059s ago] ()
2025-11-16 22:24:47,425 - sqlalchemy.engine.Engine - INFO - ROLLBACK
2025-11-16 22:24:49,752 - sqlalchemy.engine.Engine - INFO - BEGIN (implicit)
2025-11-16 22:24:49,753 - sqlalchemy.engine.Engine - INFO - SELECT users.id, users.username, users.email, users.password_hash, users.role, users.is_active, users.last_login_at, users.created_at, users.updated_at 
FROM users 
WHERE users.username = ?
2025-11-16 22:24:49,753 - sqlalchemy.engine.Engine - INFO - [cached since 1528s ago] ('admin',)
2025-11-16 22:24:49,755 - sqlalchemy.engine.Engine - INFO - SELECT drivers.id, drivers.user_id, drivers.name, drivers.phone, drivers.id_card, drivers.license_number, drivers.license_type, drivers.main_route, drivers.vehicle_type, drivers.vehicle_length, drivers.price_per_km, drivers.experience_years, drivers.status, drivers.emergency_contact, drivers.emergency_phone, drivers.remark, drivers.created_at, drivers.updated_at 
FROM drivers ORDER BY drivers.created_at DESC
 LIMIT ? OFFSET ?
2025-11-16 22:24:49,755 - sqlalchemy.engine.Engine - INFO - [cached since 1061s ago] (20, 0)
2025-11-16 22:24:49,756 - sqlalchemy.engine.Engine - INFO - SELECT count(drivers.id) AS count_1 
FROM drivers
2025-11-16 22:24:49,756 - sqlalchemy.engine.Engine - INFO - [cached since 1061s ago] ()
2025-11-16 22:24:49,757 - sqlalchemy.engine.Engine - INFO - ROLLBACK
2025-11-16 22:24:50,570 - sqlalchemy.engine.Engine - INFO - BEGIN (implicit)
2025-11-16 22:24:50,571 - sqlalchemy.engine.Engine - INFO - SELECT users.id, users.username, users.email, users.password_hash, users.role, users.is_active, users.last_login_at, users.created_at, users.updated_at 
FROM users 
WHERE users.username = ?
2025-11-16 22:24:50,571 - sqlalchemy.engine.Engine - INFO - [cached since 1528s ago] ('admin',)
2025-11-16 22:24:50,571 - sqlalchemy.engine.Engine - INFO - SELECT drivers.id, drivers.user_id, drivers.name, drivers.phone, drivers.id_card, drivers.license_number, drivers.license_type, drivers.main_route, drivers.vehicle_type, drivers.vehicle_length, drivers.price_per_km, drivers.experience_years, drivers.status, drivers.emergency_contact, drivers.emergency_phone, drivers.remark, drivers.created_at, drivers.updated_at 
FROM drivers ORDER BY drivers.created_at DESC
 LIMIT ? OFFSET ?
2025-11-16 22:24:50,571 - sqlalchemy.engine.Engine - INFO - [cached since 1062s ago] (20, 0)
2025-11-16 22:24:50,572 - sqlalchemy.engine.Engine - INFO - SELECT count(drivers.id) AS count_1 
FROM drivers
2025-11-16 22:24:50,572 - sqlalchemy.engine.Engine - INFO - [cached since 1062s ago] ()
2025-11-16 22:24:50,573 - sqlalchemy.engine.Engine - INFO - ROLLBACK
2025-11-16 22:24:52,435 - sqlalchemy.engine.Engine - INFO - BEGIN (implicit)
2025-11-16 22:24:52,435 - sqlalchemy.engine.Engine - INFO - SELECT users.id, users.username, users.email, users.password_hash, users.role, users.is_active, users.last_login_at, users.created_at, users.updated_at 
FROM users 
WHERE users.username = ?
2025-11-16 22:24:52,435 - sqlalchemy.engine.Engine - INFO - [cached since 1530s ago] ('admin',)
2025-11-16 22:24:52,437 - sqlalchemy.engine.Engine - INFO - SELECT drivers.id, drivers.user_id, drivers.name, drivers.phone, drivers.id_card, drivers.license_number, drivers.license_type, drivers.main_route, drivers.vehicle_type, drivers.vehicle_length, drivers.price_per_km, drivers.experience_years, drivers.status, drivers.emergency_contact, drivers.emergency_phone, drivers.remark, drivers.created_at, drivers.updated_at 
FROM drivers 
WHERE drivers.id = ?
2025-11-16 22:24:52,437 - sqlalchemy.engine.Engine - INFO - [generated in 0.00018s] (5,)
2025-11-16 22:24:52,439 - sqlalchemy.engine.Engine - INFO - ROLLBACK
2025-11-16 22:24:52,444 - sqlalchemy.engine.Engine - INFO - BEGIN (implicit)
2025-11-16 22:24:52,445 - sqlalchemy.engine.Engine - INFO - SELECT users.id, users.username, users.email, users.password_hash, users.role, users.is_active, users.last_login_at, users.created_at, users.updated_at 
FROM users 
WHERE users.username = ?
2025-11-16 22:24:52,445 - sqlalchemy.engine.Engine - INFO - [cached since 1530s ago] ('admin',)
2025-11-16 22:24:52,445 - sqlalchemy.engine.Engine - INFO - SELECT drivers.id, drivers.user_id, drivers.name, drivers.phone, drivers.id_card, drivers.license_number, drivers.license_type, drivers.main_route, drivers.vehicle_type, drivers.vehicle_length, drivers.price_per_km, drivers.experience_years, drivers.status, drivers.emergency_contact, drivers.emergency_phone, drivers.remark, drivers.created_at, drivers.updated_at 
FROM drivers 
WHERE drivers.id = ?
2025-11-16 22:24:52,445 - sqlalchemy.engine.Engine - INFO - [cached since 0.008173s ago] (5,)
2025-11-16 22:24:52,445 - sqlalchemy.engine.Engine - INFO - ROLLBACK
2025-11-16 22:24:58,294 - sqlalchemy.engine.Engine - INFO - BEGIN (implicit)
2025-11-16 22:24:58,294 - sqlalchemy.engine.Engine - INFO - SELECT users.id, users.username, users.email, users.password_hash, users.role, users.is_active, users.last_login_at, users.created_at, users.updated_at 
FROM users 
WHERE users.username = ?
2025-11-16 22:24:58,294 - sqlalchemy.engine.Engine - INFO - [cached since 1536s ago] ('admin',)
2025-11-16 22:24:58,295 - sqlalchemy.engine.Engine - INFO - SELECT drivers.id, drivers.user_id, drivers.name, drivers.phone, drivers.id_card, drivers.license_number, drivers.license_type, drivers.main_route, drivers.vehicle_type, drivers.vehicle_length, drivers.price_per_km, drivers.experience_years, drivers.status, drivers.emergency_contact, drivers.emergency_phone, drivers.remark, drivers.created_at, drivers.updated_at 
FROM drivers ORDER BY drivers.created_at DESC
 LIMIT ? OFFSET ?
2025-11-16 22:24:58,295 - sqlalchemy.engine.Engine - INFO - [cached since 1070s ago] (20, 0)
2025-11-16 22:24:58,295 - sqlalchemy.engine.Engine - INFO - SELECT count(drivers.id) AS count_1 
FROM drivers
2025-11-16 22:24:58,295 - sqlalchemy.engine.Engine - INFO - [cached since 1070s ago] ()
2025-11-16 22:24:58,296 - sqlalchemy.engine.Engine - INFO - ROLLBACK
2025-11-16 22:24:59,556 - sqlalchemy.engine.Engine - INFO - BEGIN (implicit)
2025-11-16 22:24:59,556 - sqlalchemy.engine.Engine - INFO - SELECT users.id, users.username, users.email, users.password_hash, users.role, users.is_active, users.last_login_at, users.created_at, users.updated_at 
FROM users 
WHERE users.username = ?
2025-11-16 22:24:59,556 - sqlalchemy.engine.Engine - INFO - [cached since 1537s ago] ('admin',)
2025-11-16 22:24:59,557 - sqlalchemy.engine.Engine - INFO - SELECT drivers.id, drivers.user_id, drivers.name, drivers.phone, drivers.id_card, drivers.license_number, drivers.license_type, drivers.main_route, drivers.vehicle_type, drivers.vehicle_length, drivers.price_per_km, drivers.experience_years, drivers.status, drivers.emergency_contact, drivers.emergency_phone, drivers.remark, drivers.created_at, drivers.updated_at 
FROM drivers 
WHERE drivers.id = ?
2025-11-16 22:24:59,557 - sqlalchemy.engine.Engine - INFO - [cached since 7.12s ago] (4,)
2025-11-16 22:24:59,558 - sqlalchemy.engine.Engine - INFO - ROLLBACK
2025-11-16 22:24:59,563 - sqlalchemy.engine.Engine - INFO - BEGIN (implicit)
2025-11-16 22:24:59,563 - sqlalchemy.engine.Engine - INFO - SELECT users.id, users.username, users.email, users.password_hash, users.role, users.is_active, users.last_login_at, users.created_at, users.updated_at 
FROM users 
WHERE users.username = ?
2025-11-16 22:24:59,563 - sqlalchemy.engine.Engine - INFO - [cached since 1537s ago] ('admin',)
2025-11-16 22:24:59,564 - sqlalchemy.engine.Engine - INFO - SELECT drivers.id, drivers.user_id, drivers.name, drivers.phone, drivers.id_card, drivers.license_number, drivers.license_type, drivers.main_route, drivers.vehicle_type, drivers.vehicle_length, drivers.price_per_km, drivers.experience_years, drivers.status, drivers.emergency_contact, drivers.emergency_phone, drivers.remark, drivers.created_at, drivers.updated_at 
FROM drivers 
WHERE drivers.id = ?
2025-11-16 22:24:59,564 - sqlalchemy.engine.Engine - INFO - [cached since 7.127s ago] (4,)
2025-11-16 22:24:59,564 - sqlalchemy.engine.Engine - INFO - ROLLBACK
2025-11-16 22:25:00,743 - sqlalchemy.engine.Engine - INFO - BEGIN (implicit)
2025-11-16 22:25:00,743 - sqlalchemy.engine.Engine - INFO - SELECT users.id, users.username, users.email, users.password_hash, users.role, users.is_active, users.last_login_at, users.created_at, users.updated_at 
FROM users 
WHERE users.username = ?
2025-11-16 22:25:00,743 - sqlalchemy.engine.Engine - INFO - [cached since 1539s ago] ('admin',)
2025-11-16 22:25:00,744 - sqlalchemy.engine.Engine - INFO - SELECT drivers.id, drivers.user_id, drivers.name, drivers.phone, drivers.id_card, drivers.license_number, drivers.license_type, drivers.main_route, drivers.vehicle_type, drivers.vehicle_length, drivers.price_per_km, drivers.experience_years, drivers.status, drivers.emergency_contact, drivers.emergency_phone, drivers.remark, drivers.created_at, drivers.updated_at 
FROM drivers 
WHERE drivers.id = ?
2025-11-16 22:25:00,745 - sqlalchemy.engine.Engine - INFO - [cached since 8.308s ago] (4,)
2025-11-16 22:25:00,747 - sqlalchemy.engine.Engine - INFO - ROLLBACK
2025-11-16 22:25:00,753 - sqlalchemy.engine.Engine - INFO - BEGIN (implicit)
2025-11-16 22:25:00,753 - sqlalchemy.engine.Engine - INFO - SELECT users.id, users.username, users.email, users.password_hash, users.role, users.is_active, users.last_login_at, users.created_at, users.updated_at 
FROM users 
WHERE users.username = ?
2025-11-16 22:25:00,753 - sqlalchemy.engine.Engine - INFO - [cached since 1539s ago] ('admin',)
2025-11-16 22:25:00,754 - sqlalchemy.engine.Engine - INFO - SELECT drivers.id, drivers.user_id, drivers.name, drivers.phone, drivers.id_card, drivers.license_number, drivers.license_type, drivers.main_route, drivers.vehicle_type, drivers.vehicle_length, drivers.price_per_km, drivers.experience_years, drivers.status, drivers.emergency_contact, drivers.emergency_phone, drivers.remark, drivers.created_at, drivers.updated_at 
FROM drivers 
WHERE drivers.id = ?
2025-11-16 22:25:00,754 - sqlalchemy.engine.Engine - INFO - [cached since 8.317s ago] (4,)
2025-11-16 22:25:00,754 - sqlalchemy.engine.Engine - INFO - ROLLBACK
2025-11-16 22:25:02,036 - sqlalchemy.engine.Engine - INFO - BEGIN (implicit)
2025-11-16 22:25:02,036 - sqlalchemy.engine.Engine - INFO - SELECT users.id, users.username, users.email, users.password_hash, users.role, users.is_active, users.last_login_at, users.created_at, users.updated_at 
FROM users 
WHERE users.username = ?
2025-11-16 22:25:02,036 - sqlalchemy.engine.Engine - INFO - [cached since 1540s ago] ('admin',)
2025-11-16 22:25:02,037 - sqlalchemy.engine.Engine - INFO - SELECT drivers.id, drivers.user_id, drivers.name, drivers.phone, drivers.id_card, drivers.license_number, drivers.license_type, drivers.main_route, drivers.vehicle_type, drivers.vehicle_length, drivers.price_per_km, drivers.experience_years, drivers.status, drivers.emergency_contact, drivers.emergency_phone, drivers.remark, drivers.created_at, drivers.updated_at 
FROM drivers ORDER BY drivers.created_at DESC
 LIMIT ? OFFSET ?
2025-11-16 22:25:02,037 - sqlalchemy.engine.Engine - INFO - [cached since 1073s ago] (20, 0)
2025-11-16 22:25:02,037 - sqlalchemy.engine.Engine - INFO - SELECT count(drivers.id) AS count_1 
FROM drivers
2025-11-16 22:25:02,037 - sqlalchemy.engine.Engine - INFO - [cached since 1073s ago] ()
2025-11-16 22:25:02,038 - sqlalchemy.engine.Engine - INFO - ROLLBACK
2025-11-16 22:25:05,178 - sqlalchemy.engine.Engine - INFO - BEGIN (implicit)
2025-11-16 22:25:05,179 - sqlalchemy.engine.Engine - INFO - SELECT users.id, users.username, users.email, users.password_hash, users.role, users.is_active, users.last_login_at, users.created_at, users.updated_at 
FROM users 
WHERE users.username = ?
2025-11-16 22:25:05,179 - sqlalchemy.engine.Engine - INFO - [cached since 1543s ago] ('admin',)
2025-11-16 22:25:05,181 - sqlalchemy.engine.Engine - INFO - SELECT drivers.id, drivers.user_id, drivers.name, drivers.phone, drivers.id_card, drivers.license_number, drivers.license_type, drivers.main_route, drivers.vehicle_type, drivers.vehicle_length, drivers.price_per_km, drivers.experience_years, drivers.status, drivers.emergency_contact, drivers.emergency_phone, drivers.remark, drivers.created_at, drivers.updated_at 
FROM drivers ORDER BY drivers.created_at DESC
 LIMIT ? OFFSET ?
2025-11-16 22:25:05,181 - sqlalchemy.engine.Engine - INFO - [cached since 1077s ago] (20, 0)
2025-11-16 22:25:05,182 - sqlalchemy.engine.Engine - INFO - SELECT count(drivers.id) AS count_1 
FROM drivers
2025-11-16 22:25:05,182 - sqlalchemy.engine.Engine - INFO - [cached since 1077s ago] ()
2025-11-16 22:25:05,183 - sqlalchemy.engine.Engine - INFO - ROLLBACK
2025-11-16 22:25:09,514 - sqlalchemy.engine.Engine - INFO - BEGIN (implicit)
2025-11-16 22:25:09,514 - sqlalchemy.engine.Engine - INFO - SELECT users.id, users.username, users.email, users.password_hash, users.role, users.is_active, users.last_login_at, users.created_at, users.updated_at 
FROM users 
WHERE users.username = ?
2025-11-16 22:25:09,514 - sqlalchemy.engine.Engine - INFO - [cached since 1547s ago] ('admin',)
2025-11-16 22:25:09,514 - sqlalchemy.engine.Engine - INFO - SELECT drivers.id, drivers.user_id, drivers.name, drivers.phone, drivers.id_card, drivers.license_number, drivers.license_type, drivers.main_route, drivers.vehicle_type, drivers.vehicle_length, drivers.price_per_km, drivers.experience_years, drivers.status, drivers.emergency_contact, drivers.emergency_phone, drivers.remark, drivers.created_at, drivers.updated_at 
FROM drivers ORDER BY drivers.created_at DESC
 LIMIT ? OFFSET ?
2025-11-16 22:25:09,514 - sqlalchemy.engine.Engine - INFO - [cached since 1081s ago] (20, 0)
2025-11-16 22:25:09,515 - sqlalchemy.engine.Engine - INFO - SELECT count(drivers.id) AS count_1 
FROM drivers
2025-11-16 22:25:09,515 - sqlalchemy.engine.Engine - INFO - [cached since 1081s ago] ()
2025-11-16 22:25:09,516 - sqlalchemy.engine.Engine - INFO - ROLLBACK
2025-11-16 22:25:21,236 - sqlalchemy.engine.Engine - INFO - BEGIN (implicit)
2025-11-16 22:25:21,236 - sqlalchemy.engine.Engine - INFO - SELECT users.id, users.username, users.email, users.password_hash, users.role, users.is_active, users.last_login_at, users.created_at, users.updated_at 
FROM users 
WHERE users.username = ?
2025-11-16 22:25:21,237 - sqlalchemy.engine.Engine - INFO - [cached since 1559s ago] ('admin',)
2025-11-16 22:25:21,238 - sqlalchemy.engine.Engine - INFO - SELECT drivers.id, drivers.user_id, drivers.name, drivers.phone, drivers.id_card, drivers.license_number, drivers.license_type, drivers.main_route, drivers.vehicle_type, drivers.vehicle_length, drivers.price_per_km, drivers.experience_years, drivers.status, drivers.emergency_contact, drivers.emergency_phone, drivers.remark, drivers.created_at, drivers.updated_at 
FROM drivers 
WHERE drivers.id = ?
2025-11-16 22:25:21,238 - sqlalchemy.engine.Engine - INFO - [cached since 28.8s ago] (3,)
2025-11-16 22:25:21,239 - sqlalchemy.engine.Engine - INFO - ROLLBACK
2025-11-16 22:25:21,245 - sqlalchemy.engine.Engine - INFO - BEGIN (implicit)
2025-11-16 22:25:21,245 - sqlalchemy.engine.Engine - INFO - SELECT users.id, users.username, users.email, users.password_hash, users.role, users.is_active, users.last_login_at, users.created_at, users.updated_at 
FROM users 
WHERE users.username = ?
2025-11-16 22:25:21,245 - sqlalchemy.engine.Engine - INFO - [cached since 1559s ago] ('admin',)
2025-11-16 22:25:21,246 - sqlalchemy.engine.Engine - INFO - SELECT drivers.id, drivers.user_id, drivers.name, drivers.phone, drivers.id_card, drivers.license_number, drivers.license_type, drivers.main_route, drivers.vehicle_type, drivers.vehicle_length, drivers.price_per_km, drivers.experience_years, drivers.status, drivers.emergency_contact, drivers.emergency_phone, drivers.remark, drivers.created_at, drivers.updated_at 
FROM drivers 
WHERE drivers.id = ?
2025-11-16 22:25:21,246 - sqlalchemy.engine.Engine - INFO - [cached since 28.81s ago] (3,)
2025-11-16 22:25:21,246 - sqlalchemy.engine.Engine - INFO - ROLLBACK
2025-11-16 22:25:28,021 - sqlalchemy.engine.Engine - INFO - BEGIN (implicit)
2025-11-16 22:25:28,022 - sqlalchemy.engine.Engine - INFO - SELECT users.id, users.username, users.email, users.password_hash, users.role, users.is_active, users.last_login_at, users.created_at, users.updated_at 
FROM users 
WHERE users.username = ?
2025-11-16 22:25:28,022 - sqlalchemy.engine.Engine - INFO - [cached since 1566s ago] ('admin',)
2025-11-16 22:25:28,023 - sqlalchemy.engine.Engine - INFO - SELECT drivers.id, drivers.user_id, drivers.name, drivers.phone, drivers.id_card, drivers.license_number, drivers.license_type, drivers.main_route, drivers.vehicle_type, drivers.vehicle_length, drivers.price_per_km, drivers.experience_years, drivers.status, drivers.emergency_contact, drivers.emergency_phone, drivers.remark, drivers.created_at, drivers.updated_at 
FROM drivers ORDER BY drivers.created_at DESC
 LIMIT ? OFFSET ?
2025-11-16 22:25:28,023 - sqlalchemy.engine.Engine - INFO - [cached since 1099s ago] (20, 0)
2025-11-16 22:25:28,024 - sqlalchemy.engine.Engine - INFO - SELECT count(drivers.id) AS count_1 
FROM drivers
2025-11-16 22:25:28,024 - sqlalchemy.engine.Engine - INFO - [cached since 1099s ago] ()
2025-11-16 22:25:28,026 - sqlalchemy.engine.Engine - INFO - ROLLBACK
2025-11-16 22:26:21,137 - sqlalchemy.engine.Engine - INFO - BEGIN (implicit)
2025-11-16 22:26:21,138 - sqlalchemy.engine.Engine - INFO - SELECT users.id, users.username, users.email, users.password_hash, users.role, users.is_active, users.last_login_at, users.created_at, users.updated_at 
FROM users 
WHERE users.username = ?
2025-11-16 22:26:21,138 - sqlalchemy.engine.Engine - INFO - [cached since 1619s ago] ('admin',)
2025-11-16 22:26:21,139 - sqlalchemy.engine.Engine - INFO - SELECT drivers.id, drivers.user_id, drivers.name, drivers.phone, drivers.id_card, drivers.license_number, drivers.license_type, drivers.main_route, drivers.vehicle_type, drivers.vehicle_length, drivers.price_per_km, drivers.experience_years, drivers.status, drivers.emergency_contact, drivers.emergency_phone, drivers.remark, drivers.created_at, drivers.updated_at 
FROM drivers ORDER BY drivers.created_at DESC
 LIMIT ? OFFSET ?
2025-11-16 22:26:21,139 - sqlalchemy.engine.Engine - INFO - [cached since 1153s ago] (20, 0)
2025-11-16 22:26:21,140 - sqlalchemy.engine.Engine - INFO - SELECT count(drivers.id) AS count_1 
FROM drivers
2025-11-16 22:26:21,140 - sqlalchemy.engine.Engine - INFO - [cached since 1153s ago] ()
2025-11-16 22:26:21,141 - sqlalchemy.engine.Engine - INFO - ROLLBACK
2025-11-16 22:27:05,334 - sqlalchemy.engine.Engine - INFO - BEGIN (implicit)
2025-11-16 22:27:05,336 - sqlalchemy.engine.Engine - INFO - SELECT users.id, users.username, users.email, users.password_hash, users.role, users.is_active, users.last_login_at, users.created_at, users.updated_at 
FROM users 
WHERE users.username = ?
2025-11-16 22:27:05,336 - sqlalchemy.engine.Engine - INFO - [cached since 1663s ago] ('admin',)
2025-11-16 22:27:05,340 - sqlalchemy.engine.Engine - INFO - SELECT drivers.id, drivers.user_id, drivers.name, drivers.phone, drivers.id_card, drivers.license_number, drivers.license_type, drivers.main_route, drivers.vehicle_type, drivers.vehicle_length, drivers.price_per_km, drivers.experience_years, drivers.status, drivers.emergency_contact, drivers.emergency_phone, drivers.remark, drivers.created_at, drivers.updated_at 
FROM drivers ORDER BY drivers.created_at DESC
 LIMIT ? OFFSET ?
2025-11-16 22:27:05,340 - sqlalchemy.engine.Engine - INFO - [cached since 1197s ago] (20, 0)
2025-11-16 22:27:05,344 - sqlalchemy.engine.Engine - INFO - SELECT count(drivers.id) AS count_1 
FROM drivers
2025-11-16 22:27:05,344 - sqlalchemy.engine.Engine - INFO - [cached since 1197s ago] ()
2025-11-16 22:27:05,350 - sqlalchemy.engine.Engine - INFO - ROLLBACK
2025-11-16 22:27:05,569 - sqlalchemy.engine.Engine - INFO - BEGIN (implicit)
2025-11-16 22:27:05,569 - sqlalchemy.engine.Engine - INFO - SELECT users.id, users.username, users.email, users.password_hash, users.role, users.is_active, users.last_login_at, users.created_at, users.updated_at 
FROM users 
WHERE users.username = ?
2025-11-16 22:27:05,570 - sqlalchemy.engine.Engine - INFO - [cached since 1663s ago] ('admin',)
2025-11-16 22:27:05,572 - sqlalchemy.engine.Engine - INFO - SELECT drivers.id, drivers.user_id, drivers.name, drivers.phone, drivers.id_card, drivers.license_number, drivers.license_type, drivers.main_route, drivers.vehicle_type, drivers.vehicle_length, drivers.price_per_km, drivers.experience_years, drivers.status, drivers.emergency_contact, drivers.emergency_phone, drivers.remark, drivers.created_at, drivers.updated_at 
FROM drivers ORDER BY drivers.created_at DESC
 LIMIT ? OFFSET ?
2025-11-16 22:27:05,572 - sqlalchemy.engine.Engine - INFO - [cached since 1197s ago] (20, 0)
2025-11-16 22:27:05,575 - sqlalchemy.engine.Engine - INFO - SELECT count(drivers.id) AS count_1 
FROM drivers
2025-11-16 22:27:05,575 - sqlalchemy.engine.Engine - INFO - [cached since 1197s ago] ()
2025-11-16 22:27:05,579 - sqlalchemy.engine.Engine - INFO - ROLLBACK
2025-11-16 22:27:05,644 - sqlalchemy.engine.Engine - INFO - BEGIN (implicit)
2025-11-16 22:27:05,644 - sqlalchemy.engine.Engine - INFO - SELECT users.id, users.username, users.email, users.password_hash, users.role, users.is_active, users.last_login_at, users.created_at, users.updated_at 
FROM users 
WHERE users.username = ?
2025-11-16 22:27:05,644 - sqlalchemy.engine.Engine - INFO - [cached since 1664s ago] ('admin',)
2025-11-16 22:27:05,660 - sqlalchemy.engine.Engine - INFO - SELECT drivers.id, drivers.user_id, drivers.name, drivers.phone, drivers.id_card, drivers.license_number, drivers.license_type, drivers.main_route, drivers.vehicle_type, drivers.vehicle_length, drivers.price_per_km, drivers.experience_years, drivers.status, drivers.emergency_contact, drivers.emergency_phone, drivers.remark, drivers.created_at, drivers.updated_at 
FROM drivers ORDER BY drivers.created_at DESC
 LIMIT ? OFFSET ?
2025-11-16 22:27:05,660 - sqlalchemy.engine.Engine - INFO - [cached since 1197s ago] (20, 0)
2025-11-16 22:27:05,701 - sqlalchemy.engine.Engine - INFO - SELECT count(drivers.id) AS count_1 
FROM drivers
2025-11-16 22:27:05,701 - sqlalchemy.engine.Engine - INFO - [cached since 1197s ago] ()
2025-11-16 22:27:05,706 - sqlalchemy.engine.Engine - INFO - ROLLBACK
2025-11-16 22:27:05,852 - sqlalchemy.engine.Engine - INFO - BEGIN (implicit)
2025-11-16 22:27:05,853 - sqlalchemy.engine.Engine - INFO - SELECT users.id, users.username, users.email, users.password_hash, users.role, users.is_active, users.last_login_at, users.created_at, users.updated_at 
FROM users 
WHERE users.username = ?
2025-11-16 22:27:05,853 - sqlalchemy.engine.Engine - INFO - [cached since 1664s ago] ('admin',)
2025-11-16 22:27:05,855 - sqlalchemy.engine.Engine - INFO - SELECT drivers.id, drivers.user_id, drivers.name, drivers.phone, drivers.id_card, drivers.license_number, drivers.license_type, drivers.main_route, drivers.vehicle_type, drivers.vehicle_length, drivers.price_per_km, drivers.experience_years, drivers.status, drivers.emergency_contact, drivers.emergency_phone, drivers.remark, drivers.created_at, drivers.updated_at 
FROM drivers ORDER BY drivers.created_at DESC
 LIMIT ? OFFSET ?
2025-11-16 22:27:05,855 - sqlalchemy.engine.Engine - INFO - [cached since 1197s ago] (20, 0)
2025-11-16 22:27:05,855 - sqlalchemy.engine.Engine - INFO - SELECT count(drivers.id) AS count_1 
FROM drivers
2025-11-16 22:27:05,855 - sqlalchemy.engine.Engine - INFO - [cached since 1197s ago] ()
2025-11-16 22:27:05,858 - sqlalchemy.engine.Engine - INFO - ROLLBACK
2025-11-16 22:27:05,981 - sqlalchemy.engine.Engine - INFO - BEGIN (implicit)
2025-11-16 22:27:05,981 - sqlalchemy.engine.Engine - INFO - SELECT users.id, users.username, users.email, users.password_hash, users.role, users.is_active, users.last_login_at, users.created_at, users.updated_at 
FROM users 
WHERE users.username = ?
2025-11-16 22:27:05,981 - sqlalchemy.engine.Engine - INFO - [cached since 1664s ago] ('admin',)
2025-11-16 22:27:05,982 - sqlalchemy.engine.Engine - INFO - SELECT drivers.id, drivers.user_id, drivers.name, drivers.phone, drivers.id_card, drivers.license_number, drivers.license_type, drivers.main_route, drivers.vehicle_type, drivers.vehicle_length, drivers.price_per_km, drivers.experience_years, drivers.status, drivers.emergency_contact, drivers.emergency_phone, drivers.remark, drivers.created_at, drivers.updated_at 
FROM drivers ORDER BY drivers.created_at DESC
 LIMIT ? OFFSET ?
2025-11-16 22:27:05,982 - sqlalchemy.engine.Engine - INFO - [cached since 1197s ago] (20, 0)
2025-11-16 22:27:05,982 - sqlalchemy.engine.Engine - INFO - SELECT count(drivers.id) AS count_1 
FROM drivers
2025-11-16 22:27:05,982 - sqlalchemy.engine.Engine - INFO - [cached since 1197s ago] ()
2025-11-16 22:27:05,983 - sqlalchemy.engine.Engine - INFO - ROLLBACK
2025-11-16 22:27:42,515 - sqlalchemy.engine.Engine - INFO - BEGIN (implicit)
2025-11-16 22:27:42,516 - sqlalchemy.engine.Engine - INFO - SELECT users.id, users.username, users.email, users.password_hash, users.role, users.is_active, users.last_login_at, users.created_at, users.updated_at 
FROM users 
WHERE users.username = ?
2025-11-16 22:27:42,516 - sqlalchemy.engine.Engine - INFO - [cached since 1700s ago] ('admin',)
2025-11-16 22:27:42,517 - sqlalchemy.engine.Engine - INFO - SELECT drivers.id, drivers.user_id, drivers.name, drivers.phone, drivers.id_card, drivers.license_number, drivers.license_type, drivers.main_route, drivers.vehicle_type, drivers.vehicle_length, drivers.price_per_km, drivers.experience_years, drivers.status, drivers.emergency_contact, drivers.emergency_phone, drivers.remark, drivers.created_at, drivers.updated_at 
FROM drivers ORDER BY drivers.created_at DESC
 LIMIT ? OFFSET ?
2025-11-16 22:27:42,517 - sqlalchemy.engine.Engine - INFO - [cached since 1234s ago] (20, 0)
2025-11-16 22:27:42,518 - sqlalchemy.engine.Engine - INFO - SELECT count(drivers.id) AS count_1 
FROM drivers
2025-11-16 22:27:42,519 - sqlalchemy.engine.Engine - INFO - [cached since 1234s ago] ()
2025-11-16 22:27:42,520 - sqlalchemy.engine.Engine - INFO - ROLLBACK
2025-11-16 22:27:44,702 - sqlalchemy.engine.Engine - INFO - BEGIN (implicit)
2025-11-16 22:27:44,703 - sqlalchemy.engine.Engine - INFO - SELECT users.id, users.username, users.email, users.password_hash, users.role, users.is_active, users.last_login_at, users.created_at, users.updated_at 
FROM users 
WHERE users.username = ?
2025-11-16 22:27:44,703 - sqlalchemy.engine.Engine - INFO - [cached since 1703s ago] ('admin',)
2025-11-16 22:27:44,704 - sqlalchemy.engine.Engine - INFO - SELECT drivers.id, drivers.user_id, drivers.name, drivers.phone, drivers.id_card, drivers.license_number, drivers.license_type, drivers.main_route, drivers.vehicle_type, drivers.vehicle_length, drivers.price_per_km, drivers.experience_years, drivers.status, drivers.emergency_contact, drivers.emergency_phone, drivers.remark, drivers.created_at, drivers.updated_at 
FROM drivers ORDER BY drivers.created_at DESC
 LIMIT ? OFFSET ?
2025-11-16 22:27:44,704 - sqlalchemy.engine.Engine - INFO - [cached since 1236s ago] (20, 0)
2025-11-16 22:27:44,705 - sqlalchemy.engine.Engine - INFO - SELECT count(drivers.id) AS count_1 
FROM drivers
2025-11-16 22:27:44,705 - sqlalchemy.engine.Engine - INFO - [cached since 1236s ago] ()
2025-11-16 22:27:44,706 - sqlalchemy.engine.Engine - INFO - ROLLBACK
2025-11-16 22:27:46,262 - sqlalchemy.engine.Engine - INFO - BEGIN (implicit)
2025-11-16 22:27:46,262 - sqlalchemy.engine.Engine - INFO - SELECT users.id, users.username, users.email, users.password_hash, users.role, users.is_active, users.last_login_at, users.created_at, users.updated_at 
FROM users 
WHERE users.username = ?
2025-11-16 22:27:46,262 - sqlalchemy.engine.Engine - INFO - [cached since 1704s ago] ('admin',)
2025-11-16 22:27:46,263 - sqlalchemy.engine.Engine - INFO - SELECT drivers.id, drivers.user_id, drivers.name, drivers.phone, drivers.id_card, drivers.license_number, drivers.license_type, drivers.main_route, drivers.vehicle_type, drivers.vehicle_length, drivers.price_per_km, drivers.experience_years, drivers.status, drivers.emergency_contact, drivers.emergency_phone, drivers.remark, drivers.created_at, drivers.updated_at 
FROM drivers 
WHERE drivers.id = ?
2025-11-16 22:27:46,264 - sqlalchemy.engine.Engine - INFO - [cached since 173.8s ago] (5,)
2025-11-16 22:27:46,266 - sqlalchemy.engine.Engine - INFO - ROLLBACK
2025-11-16 22:27:46,271 - sqlalchemy.engine.Engine - INFO - BEGIN (implicit)
2025-11-16 22:27:46,271 - sqlalchemy.engine.Engine - INFO - SELECT users.id, users.username, users.email, users.password_hash, users.role, users.is_active, users.last_login_at, users.created_at, users.updated_at 
FROM users 
WHERE users.username = ?
2025-11-16 22:27:46,271 - sqlalchemy.engine.Engine - INFO - [cached since 1704s ago] ('admin',)
2025-11-16 22:27:46,272 - sqlalchemy.engine.Engine - INFO - SELECT drivers.id, drivers.user_id, drivers.name, drivers.phone, drivers.id_card, drivers.license_number, drivers.license_type, drivers.main_route, drivers.vehicle_type, drivers.vehicle_length, drivers.price_per_km, drivers.experience_years, drivers.status, drivers.emergency_contact, drivers.emergency_phone, drivers.remark, drivers.created_at, drivers.updated_at 
FROM drivers 
WHERE drivers.id = ?
2025-11-16 22:27:46,272 - sqlalchemy.engine.Engine - INFO - [cached since 173.8s ago] (5,)
2025-11-16 22:27:46,272 - sqlalchemy.engine.Engine - INFO - ROLLBACK
2025-11-16 22:27:52,523 - sqlalchemy.engine.Engine - INFO - BEGIN (implicit)
2025-11-16 22:27:52,523 - sqlalchemy.engine.Engine - INFO - SELECT users.id, users.username, users.email, users.password_hash, users.role, users.is_active, users.last_login_at, users.created_at, users.updated_at 
FROM users 
WHERE users.username = ?
2025-11-16 22:27:52,523 - sqlalchemy.engine.Engine - INFO - [cached since 1710s ago] ('admin',)
2025-11-16 22:27:52,524 - sqlalchemy.engine.Engine - INFO - SELECT drivers.id, drivers.user_id, drivers.name, drivers.phone, drivers.id_card, drivers.license_number, drivers.license_type, drivers.main_route, drivers.vehicle_type, drivers.vehicle_length, drivers.price_per_km, drivers.experience_years, drivers.status, drivers.emergency_contact, drivers.emergency_phone, drivers.remark, drivers.created_at, drivers.updated_at 
FROM drivers 
WHERE drivers.id = ?
2025-11-16 22:27:52,524 - sqlalchemy.engine.Engine - INFO - [cached since 180.1s ago] (5,)
2025-11-16 22:27:52,524 - sqlalchemy.engine.Engine - INFO - ROLLBACK
2025-11-16 22:28:02,153 - sqlalchemy.engine.Engine - INFO - BEGIN (implicit)
2025-11-16 22:28:02,153 - sqlalchemy.engine.Engine - INFO - SELECT users.id, users.username, users.email, users.password_hash, users.role, users.is_active, users.last_login_at, users.created_at, users.updated_at 
FROM users 
WHERE users.username = ?
2025-11-16 22:28:02,153 - sqlalchemy.engine.Engine - INFO - [cached since 1720s ago] ('admin',)
2025-11-16 22:28:02,154 - sqlalchemy.engine.Engine - INFO - SELECT drivers.id, drivers.user_id, drivers.name, drivers.phone, drivers.id_card, drivers.license_number, drivers.license_type, drivers.main_route, drivers.vehicle_type, drivers.vehicle_length, drivers.price_per_km, drivers.experience_years, drivers.status, drivers.emergency_contact, drivers.emergency_phone, drivers.remark, drivers.created_at, drivers.updated_at 
FROM drivers 
WHERE drivers.id = ?
2025-11-16 22:28:02,155 - sqlalchemy.engine.Engine - INFO - [cached since 189.7s ago] (5,)
2025-11-16 22:28:02,156 - sqlalchemy.engine.Engine - INFO - ROLLBACK
2025-11-16 22:28:02,161 - sqlalchemy.engine.Engine - INFO - BEGIN (implicit)
2025-11-16 22:28:02,161 - sqlalchemy.engine.Engine - INFO - SELECT users.id, users.username, users.email, users.password_hash, users.role, users.is_active, users.last_login_at, users.created_at, users.updated_at 
FROM users 
WHERE users.username = ?
2025-11-16 22:28:02,161 - sqlalchemy.engine.Engine - INFO - [cached since 1720s ago] ('admin',)
2025-11-16 22:28:02,162 - sqlalchemy.engine.Engine - INFO - SELECT drivers.id, drivers.user_id, drivers.name, drivers.phone, drivers.id_card, drivers.license_number, drivers.license_type, drivers.main_route, drivers.vehicle_type, drivers.vehicle_length, drivers.price_per_km, drivers.experience_years, drivers.status, drivers.emergency_contact, drivers.emergency_phone, drivers.remark, drivers.created_at, drivers.updated_at 
FROM drivers 
WHERE drivers.id = ?
2025-11-16 22:28:02,162 - sqlalchemy.engine.Engine - INFO - [cached since 189.7s ago] (5,)
2025-11-16 22:28:02,162 - sqlalchemy.engine.Engine - INFO - ROLLBACK
2025-11-16 22:28:03,956 - sqlalchemy.engine.Engine - INFO - BEGIN (implicit)
2025-11-16 22:28:03,957 - sqlalchemy.engine.Engine - INFO - SELECT users.id, users.username, users.email, users.password_hash, users.role, users.is_active, users.last_login_at, users.created_at, users.updated_at 
FROM users 
WHERE users.username = ?
2025-11-16 22:28:03,957 - sqlalchemy.engine.Engine - INFO - [cached since 1722s ago] ('admin',)
2025-11-16 22:28:03,958 - sqlalchemy.engine.Engine - INFO - SELECT drivers.id, drivers.user_id, drivers.name, drivers.phone, drivers.id_card, drivers.license_number, drivers.license_type, drivers.main_route, drivers.vehicle_type, drivers.vehicle_length, drivers.price_per_km, drivers.experience_years, drivers.status, drivers.emergency_contact, drivers.emergency_phone, drivers.remark, drivers.created_at, drivers.updated_at 
FROM drivers ORDER BY drivers.created_at DESC
 LIMIT ? OFFSET ?
2025-11-16 22:28:03,958 - sqlalchemy.engine.Engine - INFO - [cached since 1255s ago] (20, 0)
2025-11-16 22:28:03,959 - sqlalchemy.engine.Engine - INFO - SELECT count(drivers.id) AS count_1 
FROM drivers
2025-11-16 22:28:03,959 - sqlalchemy.engine.Engine - INFO - [cached since 1255s ago] ()
2025-11-16 22:28:03,960 - sqlalchemy.engine.Engine - INFO - ROLLBACK
2025-11-16 22:28:04,994 - sqlalchemy.engine.Engine - INFO - BEGIN (implicit)
2025-11-16 22:28:04,994 - sqlalchemy.engine.Engine - INFO - SELECT users.id, users.username, users.email, users.password_hash, users.role, users.is_active, users.last_login_at, users.created_at, users.updated_at 
FROM users 
WHERE users.username = ?
2025-11-16 22:28:04,994 - sqlalchemy.engine.Engine - INFO - [cached since 1723s ago] ('admin',)
2025-11-16 22:28:04,996 - sqlalchemy.engine.Engine - INFO - SELECT drivers.id, drivers.user_id, drivers.name, drivers.phone, drivers.id_card, drivers.license_number, drivers.license_type, drivers.main_route, drivers.vehicle_type, drivers.vehicle_length, drivers.price_per_km, drivers.experience_years, drivers.status, drivers.emergency_contact, drivers.emergency_phone, drivers.remark, drivers.created_at, drivers.updated_at 
FROM drivers ORDER BY drivers.created_at DESC
 LIMIT ? OFFSET ?
2025-11-16 22:28:04,996 - sqlalchemy.engine.Engine - INFO - [cached since 1256s ago] (20, 0)
2025-11-16 22:28:04,998 - sqlalchemy.engine.Engine - INFO - SELECT count(drivers.id) AS count_1 
FROM drivers
2025-11-16 22:28:04,998 - sqlalchemy.engine.Engine - INFO - [cached since 1256s ago] ()
2025-11-16 22:28:04,999 - sqlalchemy.engine.Engine - INFO - ROLLBACK
2025-11-16 22:30:32,103 - sqlalchemy.engine.Engine - INFO - BEGIN (implicit)
2025-11-16 22:30:32,104 - sqlalchemy.engine.Engine - INFO - SELECT users.id, users.username, users.email, users.password_hash, users.role, users.is_active, users.last_login_at, users.created_at, users.updated_at 
FROM users 
WHERE users.username = ?
2025-11-16 22:30:32,104 - sqlalchemy.engine.Engine - INFO - [cached since 1870s ago] ('admin',)
2025-11-16 22:30:32,104 - sqlalchemy.engine.Engine - INFO - SELECT drivers.id, drivers.user_id, drivers.name, drivers.phone, drivers.id_card, drivers.license_number, drivers.license_type, drivers.main_route, drivers.vehicle_type, drivers.vehicle_length, drivers.price_per_km, drivers.experience_years, drivers.status, drivers.emergency_contact, drivers.emergency_phone, drivers.remark, drivers.created_at, drivers.updated_at 
FROM drivers ORDER BY drivers.created_at DESC
 LIMIT ? OFFSET ?
2025-11-16 22:30:32,104 - sqlalchemy.engine.Engine - INFO - [cached since 1403s ago] (20, 0)
2025-11-16 22:30:32,105 - sqlalchemy.engine.Engine - INFO - SELECT count(drivers.id) AS count_1 
FROM drivers
2025-11-16 22:30:32,105 - sqlalchemy.engine.Engine - INFO - [cached since 1403s ago] ()
2025-11-16 22:30:32,106 - sqlalchemy.engine.Engine - INFO - ROLLBACK
2025-11-16 22:30:35,195 - sqlalchemy.engine.Engine - INFO - BEGIN (implicit)
2025-11-16 22:30:35,195 - sqlalchemy.engine.Engine - INFO - SELECT users.id, users.username, users.email, users.password_hash, users.role, users.is_active, users.last_login_at, users.created_at, users.updated_at 
FROM users 
WHERE users.username = ?
2025-11-16 22:30:35,195 - sqlalchemy.engine.Engine - INFO - [cached since 1873s ago] ('admin',)
2025-11-16 22:30:35,197 - sqlalchemy.engine.Engine - INFO - SELECT drivers.id, drivers.user_id, drivers.name, drivers.phone, drivers.id_card, drivers.license_number, drivers.license_type, drivers.main_route, drivers.vehicle_type, drivers.vehicle_length, drivers.price_per_km, drivers.experience_years, drivers.status, drivers.emergency_contact, drivers.emergency_phone, drivers.remark, drivers.created_at, drivers.updated_at 
FROM drivers ORDER BY drivers.created_at DESC
 LIMIT ? OFFSET ?
2025-11-16 22:30:35,197 - sqlalchemy.engine.Engine - INFO - [cached since 1407s ago] (20, 0)
2025-11-16 22:30:35,198 - sqlalchemy.engine.Engine - INFO - SELECT count(drivers.id) AS count_1 
FROM drivers
2025-11-16 22:30:35,198 - sqlalchemy.engine.Engine - INFO - [cached since 1407s ago] ()
2025-11-16 22:30:35,200 - sqlalchemy.engine.Engine - INFO - ROLLBACK
2025-11-16 22:30:35,994 - sqlalchemy.engine.Engine - INFO - BEGIN (implicit)
2025-11-16 22:30:35,995 - sqlalchemy.engine.Engine - INFO - SELECT users.id, users.username, users.email, users.password_hash, users.role, users.is_active, users.last_login_at, users.created_at, users.updated_at 
FROM users 
WHERE users.username = ?
2025-11-16 22:30:35,995 - sqlalchemy.engine.Engine - INFO - [cached since 1874s ago] ('admin',)
2025-11-16 22:30:35,995 - sqlalchemy.engine.Engine - INFO - SELECT drivers.id, drivers.user_id, drivers.name, drivers.phone, drivers.id_card, drivers.license_number, drivers.license_type, drivers.main_route, drivers.vehicle_type, drivers.vehicle_length, drivers.price_per_km, drivers.experience_years, drivers.status, drivers.emergency_contact, drivers.emergency_phone, drivers.remark, drivers.created_at, drivers.updated_at 
FROM drivers ORDER BY drivers.created_at DESC
 LIMIT ? OFFSET ?
2025-11-16 22:30:35,995 - sqlalchemy.engine.Engine - INFO - [cached since 1407s ago] (20, 0)
2025-11-16 22:30:35,997 - sqlalchemy.engine.Engine - INFO - SELECT count(drivers.id) AS count_1 
FROM drivers
2025-11-16 22:30:35,997 - sqlalchemy.engine.Engine - INFO - [cached since 1407s ago] ()
2025-11-16 22:30:35,998 - sqlalchemy.engine.Engine - INFO - ROLLBACK
2025-11-16 22:30:36,570 - sqlalchemy.engine.Engine - INFO - BEGIN (implicit)
2025-11-16 22:30:36,570 - sqlalchemy.engine.Engine - INFO - SELECT users.id, users.username, users.email, users.password_hash, users.role, users.is_active, users.last_login_at, users.created_at, users.updated_at 
FROM users 
WHERE users.username = ?
2025-11-16 22:30:36,570 - sqlalchemy.engine.Engine - INFO - [cached since 1874s ago] ('admin',)
2025-11-16 22:30:36,571 - sqlalchemy.engine.Engine - INFO - SELECT drivers.id, drivers.user_id, drivers.name, drivers.phone, drivers.id_card, drivers.license_number, drivers.license_type, drivers.main_route, drivers.vehicle_type, drivers.vehicle_length, drivers.price_per_km, drivers.experience_years, drivers.status, drivers.emergency_contact, drivers.emergency_phone, drivers.remark, drivers.created_at, drivers.updated_at 
FROM drivers ORDER BY drivers.created_at DESC
 LIMIT ? OFFSET ?
2025-11-16 22:30:36,571 - sqlalchemy.engine.Engine - INFO - [cached since 1408s ago] (20, 0)
2025-11-16 22:30:36,573 - sqlalchemy.engine.Engine - INFO - SELECT count(drivers.id) AS count_1 
FROM drivers
2025-11-16 22:30:36,574 - sqlalchemy.engine.Engine - INFO - [cached since 1408s ago] ()
2025-11-16 22:30:36,575 - sqlalchemy.engine.Engine - INFO - ROLLBACK
2025-11-16 22:30:37,931 - sqlalchemy.engine.Engine - INFO - BEGIN (implicit)
2025-11-16 22:30:37,932 - sqlalchemy.engine.Engine - INFO - SELECT users.id, users.username, users.email, users.password_hash, users.role, users.is_active, users.last_login_at, users.created_at, users.updated_at 
FROM users 
WHERE users.username = ?
2025-11-16 22:30:37,932 - sqlalchemy.engine.Engine - INFO - [cached since 1876s ago] ('admin',)
2025-11-16 22:30:37,933 - sqlalchemy.engine.Engine - INFO - SELECT drivers.id, drivers.user_id, drivers.name, drivers.phone, drivers.id_card, drivers.license_number, drivers.license_type, drivers.main_route, drivers.vehicle_type, drivers.vehicle_length, drivers.price_per_km, drivers.experience_years, drivers.status, drivers.emergency_contact, drivers.emergency_phone, drivers.remark, drivers.created_at, drivers.updated_at 
FROM drivers ORDER BY drivers.created_at DESC
 LIMIT ? OFFSET ?
2025-11-16 22:30:37,933 - sqlalchemy.engine.Engine - INFO - [cached since 1409s ago] (20, 0)
2025-11-16 22:30:37,934 - sqlalchemy.engine.Engine - INFO - SELECT count(drivers.id) AS count_1 
FROM drivers
2025-11-16 22:30:37,934 - sqlalchemy.engine.Engine - INFO - [cached since 1409s ago] ()
2025-11-16 22:30:37,935 - sqlalchemy.engine.Engine - INFO - ROLLBACK
2025-11-16 22:30:38,774 - sqlalchemy.engine.Engine - INFO - BEGIN (implicit)
2025-11-16 22:30:38,774 - sqlalchemy.engine.Engine - INFO - SELECT users.id, users.username, users.email, users.password_hash, users.role, users.is_active, users.last_login_at, users.created_at, users.updated_at 
FROM users 
WHERE users.username = ?
2025-11-16 22:30:38,774 - sqlalchemy.engine.Engine - INFO - [cached since 1877s ago] ('admin',)
2025-11-16 22:30:38,776 - sqlalchemy.engine.Engine - INFO - SELECT drivers.id, drivers.user_id, drivers.name, drivers.phone, drivers.id_card, drivers.license_number, drivers.license_type, drivers.main_route, drivers.vehicle_type, drivers.vehicle_length, drivers.price_per_km, drivers.experience_years, drivers.status, drivers.emergency_contact, drivers.emergency_phone, drivers.remark, drivers.created_at, drivers.updated_at 
FROM drivers ORDER BY drivers.created_at DESC
 LIMIT ? OFFSET ?
2025-11-16 22:30:38,776 - sqlalchemy.engine.Engine - INFO - [cached since 1410s ago] (20, 0)
2025-11-16 22:30:38,776 - sqlalchemy.engine.Engine - INFO - SELECT count(drivers.id) AS count_1 
FROM drivers
2025-11-16 22:30:38,776 - sqlalchemy.engine.Engine - INFO - [cached since 1410s ago] ()
2025-11-16 22:30:38,777 - sqlalchemy.engine.Engine - INFO - ROLLBACK
2025-11-16 22:30:40,582 - sqlalchemy.engine.Engine - INFO - BEGIN (implicit)
2025-11-16 22:30:40,583 - sqlalchemy.engine.Engine - INFO - SELECT users.id, users.username, users.email, users.password_hash, users.role, users.is_active, users.last_login_at, users.created_at, users.updated_at 
FROM users 
WHERE users.username = ?
2025-11-16 22:30:40,583 - sqlalchemy.engine.Engine - INFO - [cached since 1879s ago] ('admin',)
2025-11-16 22:30:40,584 - sqlalchemy.engine.Engine - INFO - SELECT drivers.id, drivers.user_id, drivers.name, drivers.phone, drivers.id_card, drivers.license_number, drivers.license_type, drivers.main_route, drivers.vehicle_type, drivers.vehicle_length, drivers.price_per_km, drivers.experience_years, drivers.status, drivers.emergency_contact, drivers.emergency_phone, drivers.remark, drivers.created_at, drivers.updated_at 
FROM drivers 
WHERE drivers.id = ?
2025-11-16 22:30:40,584 - sqlalchemy.engine.Engine - INFO - [cached since 348.1s ago] (5,)
2025-11-16 22:30:40,585 - sqlalchemy.engine.Engine - INFO - ROLLBACK
2025-11-16 22:30:40,591 - sqlalchemy.engine.Engine - INFO - BEGIN (implicit)
2025-11-16 22:30:40,591 - sqlalchemy.engine.Engine - INFO - SELECT users.id, users.username, users.email, users.password_hash, users.role, users.is_active, users.last_login_at, users.created_at, users.updated_at 
FROM users 
WHERE users.username = ?
2025-11-16 22:30:40,591 - sqlalchemy.engine.Engine - INFO - [cached since 1879s ago] ('admin',)
2025-11-16 22:30:40,592 - sqlalchemy.engine.Engine - INFO - SELECT drivers.id, drivers.user_id, drivers.name, drivers.phone, drivers.id_card, drivers.license_number, drivers.license_type, drivers.main_route, drivers.vehicle_type, drivers.vehicle_length, drivers.price_per_km, drivers.experience_years, drivers.status, drivers.emergency_contact, drivers.emergency_phone, drivers.remark, drivers.created_at, drivers.updated_at 
FROM drivers 
WHERE drivers.id = ?
2025-11-16 22:30:40,592 - sqlalchemy.engine.Engine - INFO - [cached since 348.2s ago] (5,)
2025-11-16 22:30:40,593 - sqlalchemy.engine.Engine - INFO - ROLLBACK
2025-11-16 22:31:44,960 - sqlalchemy.engine.Engine - INFO - BEGIN (implicit)
2025-11-16 22:31:44,961 - sqlalchemy.engine.Engine - INFO - SELECT users.id, users.username, users.email, users.password_hash, users.role, users.is_active, users.last_login_at, users.created_at, users.updated_at 
FROM users 
WHERE users.username = ?
2025-11-16 22:31:44,961 - sqlalchemy.engine.Engine - INFO - [cached since 1943s ago] ('admin',)
2025-11-16 22:31:44,962 - sqlalchemy.engine.Engine - INFO - SELECT drivers.id, drivers.user_id, drivers.name, drivers.phone, drivers.id_card, drivers.license_number, drivers.license_type, drivers.main_route, drivers.vehicle_type, drivers.vehicle_length, drivers.price_per_km, drivers.experience_years, drivers.status, drivers.emergency_contact, drivers.emergency_phone, drivers.remark, drivers.created_at, drivers.updated_at 
FROM drivers 
WHERE drivers.id = ?
2025-11-16 22:31:44,962 - sqlalchemy.engine.Engine - INFO - [cached since 412.5s ago] (5,)
2025-11-16 22:31:44,962 - sqlalchemy.engine.Engine - INFO - ROLLBACK
2025-11-16 22:31:44,968 - sqlalchemy.engine.Engine - INFO - BEGIN (implicit)
2025-11-16 22:31:44,968 - sqlalchemy.engine.Engine - INFO - SELECT users.id, users.username, users.email, users.password_hash, users.role, users.is_active, users.last_login_at, users.created_at, users.updated_at 
FROM users 
WHERE users.username = ?
2025-11-16 22:31:44,968 - sqlalchemy.engine.Engine - INFO - [cached since 1943s ago] ('admin',)
2025-11-16 22:31:44,969 - sqlalchemy.engine.Engine - INFO - SELECT drivers.id, drivers.user_id, drivers.name, drivers.phone, drivers.id_card, drivers.license_number, drivers.license_type, drivers.main_route, drivers.vehicle_type, drivers.vehicle_length, drivers.price_per_km, drivers.experience_years, drivers.status, drivers.emergency_contact, drivers.emergency_phone, drivers.remark, drivers.created_at, drivers.updated_at 
FROM drivers 
WHERE drivers.id = ?
2025-11-16 22:31:44,969 - sqlalchemy.engine.Engine - INFO - [cached since 412.5s ago] (5,)
2025-11-16 22:31:44,970 - sqlalchemy.engine.Engine - INFO - ROLLBACK
2025-11-16 22:31:46,250 - sqlalchemy.engine.Engine - INFO - BEGIN (implicit)
2025-11-16 22:31:46,251 - sqlalchemy.engine.Engine - INFO - SELECT users.id, users.username, users.email, users.password_hash, users.role, users.is_active, users.last_login_at, users.created_at, users.updated_at 
FROM users 
WHERE users.username = ?
2025-11-16 22:31:46,251 - sqlalchemy.engine.Engine - INFO - [cached since 1944s ago] ('admin',)
2025-11-16 22:31:46,251 - sqlalchemy.engine.Engine - INFO - SELECT drivers.id, drivers.user_id, drivers.name, drivers.phone, drivers.id_card, drivers.license_number, drivers.license_type, drivers.main_route, drivers.vehicle_type, drivers.vehicle_length, drivers.price_per_km, drivers.experience_years, drivers.status, drivers.emergency_contact, drivers.emergency_phone, drivers.remark, drivers.created_at, drivers.updated_at 
FROM drivers ORDER BY drivers.created_at DESC
 LIMIT ? OFFSET ?
2025-11-16 22:31:46,251 - sqlalchemy.engine.Engine - INFO - [cached since 1478s ago] (20, 0)
2025-11-16 22:31:46,252 - sqlalchemy.engine.Engine - INFO - SELECT count(drivers.id) AS count_1 
FROM drivers
2025-11-16 22:31:46,252 - sqlalchemy.engine.Engine - INFO - [cached since 1478s ago] ()
2025-11-16 22:31:46,253 - sqlalchemy.engine.Engine - INFO - ROLLBACK
2025-11-16 22:31:46,875 - sqlalchemy.engine.Engine - INFO - BEGIN (implicit)
2025-11-16 22:31:46,875 - sqlalchemy.engine.Engine - INFO - SELECT users.id, users.username, users.email, users.password_hash, users.role, users.is_active, users.last_login_at, users.created_at, users.updated_at 
FROM users 
WHERE users.username = ?
2025-11-16 22:31:46,875 - sqlalchemy.engine.Engine - INFO - [cached since 1945s ago] ('admin',)
2025-11-16 22:31:46,876 - sqlalchemy.engine.Engine - INFO - SELECT drivers.id, drivers.user_id, drivers.name, drivers.phone, drivers.id_card, drivers.license_number, drivers.license_type, drivers.main_route, drivers.vehicle_type, drivers.vehicle_length, drivers.price_per_km, drivers.experience_years, drivers.status, drivers.emergency_contact, drivers.emergency_phone, drivers.remark, drivers.created_at, drivers.updated_at 
FROM drivers ORDER BY drivers.created_at DESC
 LIMIT ? OFFSET ?
2025-11-16 22:31:46,876 - sqlalchemy.engine.Engine - INFO - [cached since 1478s ago] (20, 0)
2025-11-16 22:31:46,876 - sqlalchemy.engine.Engine - INFO - SELECT count(drivers.id) AS count_1 
FROM drivers
2025-11-16 22:31:46,876 - sqlalchemy.engine.Engine - INFO - [cached since 1478s ago] ()
2025-11-16 22:31:46,877 - sqlalchemy.engine.Engine - INFO - ROLLBACK
2025-11-16 22:32:25,328 - sqlalchemy.engine.Engine - INFO - BEGIN (implicit)
2025-11-16 22:32:25,329 - sqlalchemy.engine.Engine - INFO - SELECT users.id, users.username, users.email, users.password_hash, users.role, users.is_active, users.last_login_at, users.created_at, users.updated_at 
FROM users 
WHERE users.username = ?
2025-11-16 22:32:25,329 - sqlalchemy.engine.Engine - INFO - [cached since 1983s ago] ('admin',)
2025-11-16 22:32:25,330 - sqlalchemy.engine.Engine - INFO - SELECT drivers.id, drivers.user_id, drivers.name, drivers.phone, drivers.id_card, drivers.license_number, drivers.license_type, drivers.main_route, drivers.vehicle_type, drivers.vehicle_length, drivers.price_per_km, drivers.experience_years, drivers.status, drivers.emergency_contact, drivers.emergency_phone, drivers.remark, drivers.created_at, drivers.updated_at 
FROM drivers 
WHERE drivers.id = ?
2025-11-16 22:32:25,330 - sqlalchemy.engine.Engine - INFO - [cached since 452.9s ago] (5,)
2025-11-16 22:32:25,331 - sqlalchemy.engine.Engine - INFO - ROLLBACK
2025-11-16 22:32:25,335 - sqlalchemy.engine.Engine - INFO - BEGIN (implicit)
2025-11-16 22:32:25,336 - sqlalchemy.engine.Engine - INFO - SELECT users.id, users.username, users.email, users.password_hash, users.role, users.is_active, users.last_login_at, users.created_at, users.updated_at 
FROM users 
WHERE users.username = ?
2025-11-16 22:32:25,336 - sqlalchemy.engine.Engine - INFO - [cached since 1983s ago] ('admin',)
2025-11-16 22:32:25,337 - sqlalchemy.engine.Engine - INFO - SELECT drivers.id, drivers.user_id, drivers.name, drivers.phone, drivers.id_card, drivers.license_number, drivers.license_type, drivers.main_route, drivers.vehicle_type, drivers.vehicle_length, drivers.price_per_km, drivers.experience_years, drivers.status, drivers.emergency_contact, drivers.emergency_phone, drivers.remark, drivers.created_at, drivers.updated_at 
FROM drivers 
WHERE drivers.id = ?
2025-11-16 22:32:25,337 - sqlalchemy.engine.Engine - INFO - [cached since 452.9s ago] (5,)
2025-11-16 22:32:25,337 - sqlalchemy.engine.Engine - INFO - ROLLBACK
2025-11-16 22:36:27,826 - sqlalchemy.engine.Engine - INFO - BEGIN (implicit)
2025-11-16 22:36:27,827 - sqlalchemy.engine.Engine - INFO - SELECT users.id, users.username, users.email, users.password_hash, users.role, users.is_active, users.last_login_at, users.created_at, users.updated_at 
FROM users 
WHERE users.username = ?
2025-11-16 22:36:27,827 - sqlalchemy.engine.Engine - INFO - [cached since 2226s ago] ('admin',)
2025-11-16 22:36:27,827 - sqlalchemy.engine.Engine - INFO - SELECT drivers.id, drivers.user_id, drivers.name, drivers.phone, drivers.id_card, drivers.license_number, drivers.license_type, drivers.main_route, drivers.vehicle_type, drivers.vehicle_length, drivers.price_per_km, drivers.experience_years, drivers.status, drivers.emergency_contact, drivers.emergency_phone, drivers.remark, drivers.created_at, drivers.updated_at 
FROM drivers 
WHERE drivers.id = ?
2025-11-16 22:36:27,827 - sqlalchemy.engine.Engine - INFO - [cached since 695.4s ago] (5,)
2025-11-16 22:36:27,831 - sqlalchemy.engine.Engine - INFO - ROLLBACK
2025-11-16 22:36:27,838 - sqlalchemy.engine.Engine - INFO - BEGIN (implicit)
2025-11-16 22:36:27,839 - sqlalchemy.engine.Engine - INFO - SELECT users.id, users.username, users.email, users.password_hash, users.role, users.is_active, users.last_login_at, users.created_at, users.updated_at 
FROM users 
WHERE users.username = ?
2025-11-16 22:36:27,839 - sqlalchemy.engine.Engine - INFO - [cached since 2226s ago] ('admin',)
2025-11-16 22:36:27,839 - sqlalchemy.engine.Engine - INFO - SELECT drivers.id, drivers.user_id, drivers.name, drivers.phone, drivers.id_card, drivers.license_number, drivers.license_type, drivers.main_route, drivers.vehicle_type, drivers.vehicle_length, drivers.price_per_km, drivers.experience_years, drivers.status, drivers.emergency_contact, drivers.emergency_phone, drivers.remark, drivers.created_at, drivers.updated_at 
FROM drivers 
WHERE drivers.id = ?
2025-11-16 22:36:27,839 - sqlalchemy.engine.Engine - INFO - [cached since 695.4s ago] (5,)
2025-11-16 22:36:27,840 - sqlalchemy.engine.Engine - INFO - ROLLBACK
2025-11-16 22:38:17,841 - sqlalchemy.engine.Engine - INFO - BEGIN (implicit)
2025-11-16 22:38:17,843 - sqlalchemy.engine.Engine - INFO - SELECT users.id, users.username, users.email, users.password_hash, users.role, users.is_active, users.last_login_at, users.created_at, users.updated_at 
FROM users 
WHERE users.username = ?
2025-11-16 22:38:17,843 - sqlalchemy.engine.Engine - INFO - [cached since 2336s ago] ('admin',)
2025-11-16 22:38:18,040 - sqlalchemy.engine.Engine - INFO - UPDATE users SET last_login_at=?, updated_at=CURRENT_TIMESTAMP WHERE users.id = ?
2025-11-16 22:38:18,040 - sqlalchemy.engine.Engine - INFO - [cached since 2336s ago] ('2025-11-16 14:38:18.040545', 1)
2025-11-16 22:38:18,041 - sqlalchemy.engine.Engine - INFO - COMMIT
2025-11-16 22:38:18,042 - sqlalchemy.engine.Engine - INFO - BEGIN (implicit)
2025-11-16 22:38:18,042 - sqlalchemy.engine.Engine - INFO - SELECT users.id, users.username, users.email, users.password_hash, users.role, users.is_active, users.last_login_at, users.created_at, users.updated_at 
FROM users 
WHERE users.id = ?
2025-11-16 22:38:18,042 - sqlalchemy.engine.Engine - INFO - [cached since 2336s ago] (1,)
2025-11-16 22:38:18,042 - sqlalchemy.engine.Engine - INFO - INSERT INTO operation_logs (user_id, operation_type, table_name, record_id, old_data, new_data, ip_address, user_agent, created_at) VALUES (?, ?, ?, ?, ?, ?, ?, ?, CURRENT_TIMESTAMP) RETURNING id, created_at
2025-11-16 22:38:18,042 - sqlalchemy.engine.Engine - INFO - [cached since 2336s ago] (1, 'login', 'users', 1, None, None, None, None)
2025-11-16 22:38:18,043 - sqlalchemy.engine.Engine - INFO - COMMIT
2025-11-16 22:38:18,044 - sqlalchemy.engine.Engine - INFO - BEGIN (implicit)
2025-11-16 22:38:18,044 - sqlalchemy.engine.Engine - INFO - SELECT operation_logs.id, operation_logs.user_id, operation_logs.operation_type, operation_logs.table_name, operation_logs.record_id, operation_logs.old_data, operation_logs.new_data, operation_logs.ip_address, operation_logs.user_agent, operation_logs.created_at 
FROM operation_logs 
WHERE operation_logs.id = ?
2025-11-16 22:38:18,044 - sqlalchemy.engine.Engine - INFO - [cached since 2336s ago] (4,)
2025-11-16 22:38:18,045 - sqlalchemy.engine.Engine - INFO - ROLLBACK
2025-11-16 22:38:18,159 - sqlalchemy.engine.Engine - INFO - BEGIN (implicit)
2025-11-16 22:38:18,159 - sqlalchemy.engine.Engine - INFO - SELECT users.id, users.username, users.email, users.password_hash, users.role, users.is_active, users.last_login_at, users.created_at, users.updated_at 
FROM users 
WHERE users.username = ?
2025-11-16 22:38:18,159 - sqlalchemy.engine.Engine - INFO - [cached since 2336s ago] ('admin',)
2025-11-16 22:38:18,159 - sqlalchemy.engine.Engine - INFO - SELECT drivers.id, drivers.user_id, drivers.name, drivers.phone, drivers.id_card, drivers.license_number, drivers.license_type, drivers.main_route, drivers.vehicle_type, drivers.vehicle_length, drivers.price_per_km, drivers.experience_years, drivers.status, drivers.emergency_contact, drivers.emergency_phone, drivers.remark, drivers.created_at, drivers.updated_at 
FROM drivers ORDER BY drivers.created_at DESC
 LIMIT ? OFFSET ?
2025-11-16 22:38:18,159 - sqlalchemy.engine.Engine - INFO - [cached since 1870s ago] (20, 0)
2025-11-16 22:38:18,160 - sqlalchemy.engine.Engine - INFO - SELECT count(drivers.id) AS count_1 
FROM drivers
2025-11-16 22:38:18,160 - sqlalchemy.engine.Engine - INFO - [cached since 1870s ago] ()
2025-11-16 22:38:18,161 - sqlalchemy.engine.Engine - INFO - ROLLBACK
2025-11-16 22:38:25,437 - sqlalchemy.engine.Engine - INFO - BEGIN (implicit)
2025-11-16 22:38:25,438 - sqlalchemy.engine.Engine - INFO - SELECT users.id, users.username, users.email, users.password_hash, users.role, users.is_active, users.last_login_at, users.created_at, users.updated_at 
FROM users 
WHERE users.username = ?
2025-11-16 22:38:25,438 - sqlalchemy.engine.Engine - INFO - [cached since 2343s ago] ('admin',)
2025-11-16 22:38:25,440 - sqlalchemy.engine.Engine - INFO - SELECT drivers.id, drivers.user_id, drivers.name, drivers.phone, drivers.id_card, drivers.license_number, drivers.license_type, drivers.main_route, drivers.vehicle_type, drivers.vehicle_length, drivers.price_per_km, drivers.experience_years, drivers.status, drivers.emergency_contact, drivers.emergency_phone, drivers.remark, drivers.created_at, drivers.updated_at 
FROM drivers 
WHERE drivers.id = ?
2025-11-16 22:38:25,440 - sqlalchemy.engine.Engine - INFO - [cached since 813s ago] (1,)
2025-11-16 22:38:25,442 - sqlalchemy.engine.Engine - INFO - ROLLBACK
2025-11-16 22:38:27,759 - sqlalchemy.engine.Engine - INFO - BEGIN (implicit)
2025-11-16 22:38:27,760 - sqlalchemy.engine.Engine - INFO - SELECT users.id, users.username, users.email, users.password_hash, users.role, users.is_active, users.last_login_at, users.created_at, users.updated_at 
FROM users 
WHERE users.username = ?
2025-11-16 22:38:27,760 - sqlalchemy.engine.Engine - INFO - [cached since 2346s ago] ('admin',)
2025-11-16 22:38:27,762 - sqlalchemy.engine.Engine - INFO - SELECT drivers.id, drivers.user_id, drivers.name, drivers.phone, drivers.id_card, drivers.license_number, drivers.license_type, drivers.main_route, drivers.vehicle_type, drivers.vehicle_length, drivers.price_per_km, drivers.experience_years, drivers.status, drivers.emergency_contact, drivers.emergency_phone, drivers.remark, drivers.created_at, drivers.updated_at 
FROM drivers ORDER BY drivers.created_at DESC
 LIMIT ? OFFSET ?
2025-11-16 22:38:27,762 - sqlalchemy.engine.Engine - INFO - [cached since 1879s ago] (20, 0)
2025-11-16 22:38:27,763 - sqlalchemy.engine.Engine - INFO - SELECT count(drivers.id) AS count_1 
FROM drivers
2025-11-16 22:38:27,763 - sqlalchemy.engine.Engine - INFO - [cached since 1879s ago] ()
2025-11-16 22:38:27,765 - sqlalchemy.engine.Engine - INFO - ROLLBACK
2025-11-16 22:38:29,876 - sqlalchemy.engine.Engine - INFO - BEGIN (implicit)
2025-11-16 22:38:29,877 - sqlalchemy.engine.Engine - INFO - SELECT users.id, users.username, users.email, users.password_hash, users.role, users.is_active, users.last_login_at, users.created_at, users.updated_at 
FROM users 
WHERE users.username = ?
2025-11-16 22:38:29,877 - sqlalchemy.engine.Engine - INFO - [cached since 2348s ago] ('admin',)
2025-11-16 22:38:29,878 - sqlalchemy.engine.Engine - INFO - SELECT drivers.id, drivers.user_id, drivers.name, drivers.phone, drivers.id_card, drivers.license_number, drivers.license_type, drivers.main_route, drivers.vehicle_type, drivers.vehicle_length, drivers.price_per_km, drivers.experience_years, drivers.status, drivers.emergency_contact, drivers.emergency_phone, drivers.remark, drivers.created_at, drivers.updated_at 
FROM drivers 
WHERE drivers.id = ?
2025-11-16 22:38:29,878 - sqlalchemy.engine.Engine - INFO - [cached since 817.4s ago] (5,)
2025-11-16 22:38:29,879 - sqlalchemy.engine.Engine - INFO - ROLLBACK
2025-11-16 22:38:29,895 - sqlalchemy.engine.Engine - INFO - BEGIN (implicit)
2025-11-16 22:38:29,896 - sqlalchemy.engine.Engine - INFO - SELECT users.id, users.username, users.email, users.password_hash, users.role, users.is_active, users.last_login_at, users.created_at, users.updated_at 
FROM users 
WHERE users.username = ?
2025-11-16 22:38:29,896 - sqlalchemy.engine.Engine - INFO - [cached since 2348s ago] ('admin',)
2025-11-16 22:38:29,896 - sqlalchemy.engine.Engine - INFO - SELECT drivers.id, drivers.user_id, drivers.name, drivers.phone, drivers.id_card, drivers.license_number, drivers.license_type, drivers.main_route, drivers.vehicle_type, drivers.vehicle_length, drivers.price_per_km, drivers.experience_years, drivers.status, drivers.emergency_contact, drivers.emergency_phone, drivers.remark, drivers.created_at, drivers.updated_at 
FROM drivers 
WHERE drivers.id = ?
2025-11-16 22:38:29,896 - sqlalchemy.engine.Engine - INFO - [cached since 817.5s ago] (5,)
2025-11-16 22:38:29,897 - sqlalchemy.engine.Engine - INFO - ROLLBACK
2025-11-16 22:38:31,719 - sqlalchemy.engine.Engine - INFO - BEGIN (implicit)
2025-11-16 22:38:31,720 - sqlalchemy.engine.Engine - INFO - SELECT users.id, users.username, users.email, users.password_hash, users.role, users.is_active, users.last_login_at, users.created_at, users.updated_at 
FROM users 
WHERE users.username = ?
2025-11-16 22:38:31,720 - sqlalchemy.engine.Engine - INFO - [cached since 2350s ago] ('admin',)
2025-11-16 22:38:31,721 - sqlalchemy.engine.Engine - INFO - SELECT drivers.id, drivers.user_id, drivers.name, drivers.phone, drivers.id_card, drivers.license_number, drivers.license_type, drivers.main_route, drivers.vehicle_type, drivers.vehicle_length, drivers.price_per_km, drivers.experience_years, drivers.status, drivers.emergency_contact, drivers.emergency_phone, drivers.remark, drivers.created_at, drivers.updated_at 
FROM drivers ORDER BY drivers.created_at DESC
 LIMIT ? OFFSET ?
2025-11-16 22:38:31,721 - sqlalchemy.engine.Engine - INFO - [cached since 1883s ago] (20, 0)
2025-11-16 22:38:31,722 - sqlalchemy.engine.Engine - INFO - SELECT count(drivers.id) AS count_1 
FROM drivers
2025-11-16 22:38:31,722 - sqlalchemy.engine.Engine - INFO - [cached since 1883s ago] ()
2025-11-16 22:38:31,723 - sqlalchemy.engine.Engine - INFO - ROLLBACK
2025-11-16 22:38:33,624 - sqlalchemy.engine.Engine - INFO - BEGIN (implicit)
2025-11-16 22:38:33,624 - sqlalchemy.engine.Engine - INFO - SELECT users.id, users.username, users.email, users.password_hash, users.role, users.is_active, users.last_login_at, users.created_at, users.updated_at 
FROM users 
WHERE users.username = ?
2025-11-16 22:38:33,625 - sqlalchemy.engine.Engine - INFO - [cached since 2352s ago] ('admin',)
2025-11-16 22:38:33,625 - sqlalchemy.engine.Engine - INFO - SELECT drivers.id, drivers.user_id, drivers.name, drivers.phone, drivers.id_card, drivers.license_number, drivers.license_type, drivers.main_route, drivers.vehicle_type, drivers.vehicle_length, drivers.price_per_km, drivers.experience_years, drivers.status, drivers.emergency_contact, drivers.emergency_phone, drivers.remark, drivers.created_at, drivers.updated_at 
FROM drivers ORDER BY drivers.created_at DESC
 LIMIT ? OFFSET ?
2025-11-16 22:38:33,625 - sqlalchemy.engine.Engine - INFO - [cached since 1885s ago] (20, 0)
2025-11-16 22:38:33,626 - sqlalchemy.engine.Engine - INFO - SELECT count(drivers.id) AS count_1 
FROM drivers
2025-11-16 22:38:33,626 - sqlalchemy.engine.Engine - INFO - [cached since 1885s ago] ()
2025-11-16 22:38:33,627 - sqlalchemy.engine.Engine - INFO - ROLLBACK
2025-11-16 22:38:35,067 - sqlalchemy.engine.Engine - INFO - BEGIN (implicit)
2025-11-16 22:38:35,068 - sqlalchemy.engine.Engine - INFO - SELECT users.id, users.username, users.email, users.password_hash, users.role, users.is_active, users.last_login_at, users.created_at, users.updated_at 
FROM users 
WHERE users.username = ?
2025-11-16 22:38:35,068 - sqlalchemy.engine.Engine - INFO - [cached since 2353s ago] ('admin',)
2025-11-16 22:38:35,068 - sqlalchemy.engine.Engine - INFO - SELECT drivers.id, drivers.user_id, drivers.name, drivers.phone, drivers.id_card, drivers.license_number, drivers.license_type, drivers.main_route, drivers.vehicle_type, drivers.vehicle_length, drivers.price_per_km, drivers.experience_years, drivers.status, drivers.emergency_contact, drivers.emergency_phone, drivers.remark, drivers.created_at, drivers.updated_at 
FROM drivers ORDER BY drivers.created_at DESC
 LIMIT ? OFFSET ?
2025-11-16 22:38:35,068 - sqlalchemy.engine.Engine - INFO - [cached since 1886s ago] (20, 0)
2025-11-16 22:38:35,069 - sqlalchemy.engine.Engine - INFO - SELECT count(drivers.id) AS count_1 
FROM drivers
2025-11-16 22:38:35,069 - sqlalchemy.engine.Engine - INFO - [cached since 1886s ago] ()
2025-11-16 22:38:35,069 - sqlalchemy.engine.Engine - INFO - ROLLBACK
2025-11-16 22:38:39,679 - sqlalchemy.engine.Engine - INFO - BEGIN (implicit)
2025-11-16 22:38:39,679 - sqlalchemy.engine.Engine - INFO - SELECT users.id, users.username, users.email, users.password_hash, users.role, users.is_active, users.last_login_at, users.created_at, users.updated_at 
FROM users 
WHERE users.username = ?
2025-11-16 22:38:39,679 - sqlalchemy.engine.Engine - INFO - [cached since 2358s ago] ('admin',)
2025-11-16 22:38:39,680 - sqlalchemy.engine.Engine - INFO - SELECT drivers.id, drivers.user_id, drivers.name, drivers.phone, drivers.id_card, drivers.license_number, drivers.license_type, drivers.main_route, drivers.vehicle_type, drivers.vehicle_length, drivers.price_per_km, drivers.experience_years, drivers.status, drivers.emergency_contact, drivers.emergency_phone, drivers.remark, drivers.created_at, drivers.updated_at 
FROM drivers 
WHERE drivers.id = ?
2025-11-16 22:38:39,681 - sqlalchemy.engine.Engine - INFO - [cached since 827.2s ago] (5,)
2025-11-16 22:38:39,682 - sqlalchemy.engine.Engine - INFO - ROLLBACK
2025-11-16 22:38:39,687 - sqlalchemy.engine.Engine - INFO - BEGIN (implicit)
2025-11-16 22:38:39,687 - sqlalchemy.engine.Engine - INFO - SELECT users.id, users.username, users.email, users.password_hash, users.role, users.is_active, users.last_login_at, users.created_at, users.updated_at 
FROM users 
WHERE users.username = ?
2025-11-16 22:38:39,687 - sqlalchemy.engine.Engine - INFO - [cached since 2358s ago] ('admin',)
2025-11-16 22:38:39,688 - sqlalchemy.engine.Engine - INFO - SELECT drivers.id, drivers.user_id, drivers.name, drivers.phone, drivers.id_card, drivers.license_number, drivers.license_type, drivers.main_route, drivers.vehicle_type, drivers.vehicle_length, drivers.price_per_km, drivers.experience_years, drivers.status, drivers.emergency_contact, drivers.emergency_phone, drivers.remark, drivers.created_at, drivers.updated_at 
FROM drivers 
WHERE drivers.id = ?
2025-11-16 22:38:39,688 - sqlalchemy.engine.Engine - INFO - [cached since 827.3s ago] (5,)
2025-11-16 22:38:39,688 - sqlalchemy.engine.Engine - INFO - ROLLBACK
2025-11-16 22:38:56,090 - sqlalchemy.engine.Engine - INFO - BEGIN (implicit)
2025-11-16 22:38:56,090 - sqlalchemy.engine.Engine - INFO - SELECT users.id, users.username, users.email, users.password_hash, users.role, users.is_active, users.last_login_at, users.created_at, users.updated_at 
FROM users 
WHERE users.username = ?
2025-11-16 22:38:56,090 - sqlalchemy.engine.Engine - INFO - [cached since 2374s ago] ('admin',)
2025-11-16 22:38:56,091 - sqlalchemy.engine.Engine - INFO - SELECT drivers.id, drivers.user_id, drivers.name, drivers.phone, drivers.id_card, drivers.license_number, drivers.license_type, drivers.main_route, drivers.vehicle_type, drivers.vehicle_length, drivers.price_per_km, drivers.experience_years, drivers.status, drivers.emergency_contact, drivers.emergency_phone, drivers.remark, drivers.created_at, drivers.updated_at 
FROM drivers ORDER BY drivers.created_at DESC
 LIMIT ? OFFSET ?
2025-11-16 22:38:56,092 - sqlalchemy.engine.Engine - INFO - [cached since 1907s ago] (20, 0)
2025-11-16 22:38:56,093 - sqlalchemy.engine.Engine - INFO - SELECT count(drivers.id) AS count_1 
FROM drivers
2025-11-16 22:38:56,093 - sqlalchemy.engine.Engine - INFO - [cached since 1907s ago] ()
2025-11-16 22:38:56,094 - sqlalchemy.engine.Engine - INFO - ROLLBACK
2025-11-16 22:38:56,964 - sqlalchemy.engine.Engine - INFO - BEGIN (implicit)
2025-11-16 22:38:56,964 - sqlalchemy.engine.Engine - INFO - SELECT users.id, users.username, users.email, users.password_hash, users.role, users.is_active, users.last_login_at, users.created_at, users.updated_at 
FROM users 
WHERE users.username = ?
2025-11-16 22:38:56,964 - sqlalchemy.engine.Engine - INFO - [cached since 2375s ago] ('admin',)
2025-11-16 22:38:56,965 - sqlalchemy.engine.Engine - INFO - SELECT drivers.id, drivers.user_id, drivers.name, drivers.phone, drivers.id_card, drivers.license_number, drivers.license_type, drivers.main_route, drivers.vehicle_type, drivers.vehicle_length, drivers.price_per_km, drivers.experience_years, drivers.status, drivers.emergency_contact, drivers.emergency_phone, drivers.remark, drivers.created_at, drivers.updated_at 
FROM drivers ORDER BY drivers.created_at DESC
 LIMIT ? OFFSET ?
2025-11-16 22:38:56,965 - sqlalchemy.engine.Engine - INFO - [cached since 1908s ago] (20, 0)
2025-11-16 22:38:56,965 - sqlalchemy.engine.Engine - INFO - SELECT count(drivers.id) AS count_1 
FROM drivers
2025-11-16 22:38:56,965 - sqlalchemy.engine.Engine - INFO - [cached since 1908s ago] ()
2025-11-16 22:38:56,966 - sqlalchemy.engine.Engine - INFO - ROLLBACK
2025-11-16 22:38:57,546 - sqlalchemy.engine.Engine - INFO - BEGIN (implicit)
2025-11-16 22:38:57,546 - sqlalchemy.engine.Engine - INFO - SELECT users.id, users.username, users.email, users.password_hash, users.role, users.is_active, users.last_login_at, users.created_at, users.updated_at 
FROM users 
WHERE users.username = ?
2025-11-16 22:38:57,547 - sqlalchemy.engine.Engine - INFO - [cached since 2375s ago] ('admin',)
2025-11-16 22:38:57,549 - sqlalchemy.engine.Engine - INFO - SELECT drivers.id, drivers.user_id, drivers.name, drivers.phone, drivers.id_card, drivers.license_number, drivers.license_type, drivers.main_route, drivers.vehicle_type, drivers.vehicle_length, drivers.price_per_km, drivers.experience_years, drivers.status, drivers.emergency_contact, drivers.emergency_phone, drivers.remark, drivers.created_at, drivers.updated_at 
FROM drivers ORDER BY drivers.created_at DESC
 LIMIT ? OFFSET ?
2025-11-16 22:38:57,549 - sqlalchemy.engine.Engine - INFO - [cached since 1909s ago] (20, 0)
2025-11-16 22:38:57,551 - sqlalchemy.engine.Engine - INFO - SELECT count(drivers.id) AS count_1 
FROM drivers
2025-11-16 22:38:57,551 - sqlalchemy.engine.Engine - INFO - [cached since 1909s ago] ()
2025-11-16 22:38:57,552 - sqlalchemy.engine.Engine - INFO - ROLLBACK
2025-11-16 22:39:12,397 - sqlalchemy.engine.Engine - INFO - BEGIN (implicit)
2025-11-16 22:39:12,398 - sqlalchemy.engine.Engine - INFO - SELECT users.id, users.username, users.email, users.password_hash, users.role, users.is_active, users.last_login_at, users.created_at, users.updated_at 
FROM users 
WHERE users.username = ?
2025-11-16 22:39:12,398 - sqlalchemy.engine.Engine - INFO - [cached since 2390s ago] ('admin',)
2025-11-16 22:39:12,399 - sqlalchemy.engine.Engine - INFO - SELECT drivers.id, drivers.user_id, drivers.name, drivers.phone, drivers.id_card, drivers.license_number, drivers.license_type, drivers.main_route, drivers.vehicle_type, drivers.vehicle_length, drivers.price_per_km, drivers.experience_years, drivers.status, drivers.emergency_contact, drivers.emergency_phone, drivers.remark, drivers.created_at, drivers.updated_at 
FROM drivers ORDER BY drivers.created_at DESC
 LIMIT ? OFFSET ?
2025-11-16 22:39:12,399 - sqlalchemy.engine.Engine - INFO - [cached since 1924s ago] (20, 0)
2025-11-16 22:39:12,400 - sqlalchemy.engine.Engine - INFO - SELECT count(drivers.id) AS count_1 
FROM drivers
2025-11-16 22:39:12,400 - sqlalchemy.engine.Engine - INFO - [cached since 1924s ago] ()
2025-11-16 22:39:12,401 - sqlalchemy.engine.Engine - INFO - ROLLBACK
2025-11-16 22:40:07,017 - sqlalchemy.engine.Engine - INFO - BEGIN (implicit)
2025-11-16 22:40:07,018 - sqlalchemy.engine.Engine - INFO - SELECT users.id, users.username, users.email, users.password_hash, users.role, users.is_active, users.last_login_at, users.created_at, users.updated_at 
FROM users 
WHERE users.username = ?
2025-11-16 22:40:07,018 - sqlalchemy.engine.Engine - INFO - [cached since 2445s ago] ('admin',)
2025-11-16 22:40:07,019 - sqlalchemy.engine.Engine - INFO - SELECT drivers.id, drivers.user_id, drivers.name, drivers.phone, drivers.id_card, drivers.license_number, drivers.license_type, drivers.main_route, drivers.vehicle_type, drivers.vehicle_length, drivers.price_per_km, drivers.experience_years, drivers.status, drivers.emergency_contact, drivers.emergency_phone, drivers.remark, drivers.created_at, drivers.updated_at 
FROM drivers ORDER BY drivers.created_at DESC
 LIMIT ? OFFSET ?
2025-11-16 22:40:07,019 - sqlalchemy.engine.Engine - INFO - [cached since 1978s ago] (20, 0)
2025-11-16 22:40:07,019 - sqlalchemy.engine.Engine - INFO - SELECT count(drivers.id) AS count_1 
FROM drivers
2025-11-16 22:40:07,019 - sqlalchemy.engine.Engine - INFO - [cached since 1978s ago] ()
2025-11-16 22:40:07,020 - sqlalchemy.engine.Engine - INFO - ROLLBACK
2025-11-16 22:40:08,623 - sqlalchemy.engine.Engine - INFO - BEGIN (implicit)
2025-11-16 22:40:08,623 - sqlalchemy.engine.Engine - INFO - SELECT users.id, users.username, users.email, users.password_hash, users.role, users.is_active, users.last_login_at, users.created_at, users.updated_at 
FROM users 
WHERE users.username = ?
2025-11-16 22:40:08,624 - sqlalchemy.engine.Engine - INFO - [cached since 2447s ago] ('admin',)
2025-11-16 22:40:08,624 - sqlalchemy.engine.Engine - INFO - SELECT drivers.id, drivers.user_id, drivers.name, drivers.phone, drivers.id_card, drivers.license_number, drivers.license_type, drivers.main_route, drivers.vehicle_type, drivers.vehicle_length, drivers.price_per_km, drivers.experience_years, drivers.status, drivers.emergency_contact, drivers.emergency_phone, drivers.remark, drivers.created_at, drivers.updated_at 
FROM drivers 
WHERE drivers.id = ?
2025-11-16 22:40:08,625 - sqlalchemy.engine.Engine - INFO - [cached since 916.2s ago] (5,)
2025-11-16 22:40:08,625 - sqlalchemy.engine.Engine - INFO - ROLLBACK
2025-11-16 22:40:08,629 - sqlalchemy.engine.Engine - INFO - BEGIN (implicit)
2025-11-16 22:40:08,630 - sqlalchemy.engine.Engine - INFO - SELECT users.id, users.username, users.email, users.password_hash, users.role, users.is_active, users.last_login_at, users.created_at, users.updated_at 
FROM users 
WHERE users.username = ?
2025-11-16 22:40:08,630 - sqlalchemy.engine.Engine - INFO - [cached since 2447s ago] ('admin',)
2025-11-16 22:40:08,631 - sqlalchemy.engine.Engine - INFO - SELECT drivers.id, drivers.user_id, drivers.name, drivers.phone, drivers.id_card, drivers.license_number, drivers.license_type, drivers.main_route, drivers.vehicle_type, drivers.vehicle_length, drivers.price_per_km, drivers.experience_years, drivers.status, drivers.emergency_contact, drivers.emergency_phone, drivers.remark, drivers.created_at, drivers.updated_at 
FROM drivers 
WHERE drivers.id = ?
2025-11-16 22:40:08,631 - sqlalchemy.engine.Engine - INFO - [cached since 916.2s ago] (5,)
2025-11-16 22:40:08,632 - sqlalchemy.engine.Engine - INFO - ROLLBACK
2025-11-16 22:40:09,991 - sqlalchemy.engine.Engine - INFO - BEGIN (implicit)
2025-11-16 22:40:09,991 - sqlalchemy.engine.Engine - INFO - SELECT users.id, users.username, users.email, users.password_hash, users.role, users.is_active, users.last_login_at, users.created_at, users.updated_at 
FROM users 
WHERE users.username = ?
2025-11-16 22:40:09,991 - sqlalchemy.engine.Engine - INFO - [cached since 2448s ago] ('admin',)
2025-11-16 22:40:09,992 - sqlalchemy.engine.Engine - INFO - SELECT drivers.id, drivers.user_id, drivers.name, drivers.phone, drivers.id_card, drivers.license_number, drivers.license_type, drivers.main_route, drivers.vehicle_type, drivers.vehicle_length, drivers.price_per_km, drivers.experience_years, drivers.status, drivers.emergency_contact, drivers.emergency_phone, drivers.remark, drivers.created_at, drivers.updated_at 
FROM drivers ORDER BY drivers.created_at DESC
 LIMIT ? OFFSET ?
2025-11-16 22:40:09,993 - sqlalchemy.engine.Engine - INFO - [cached since 1981s ago] (20, 0)
2025-11-16 22:40:09,993 - sqlalchemy.engine.Engine - INFO - SELECT count(drivers.id) AS count_1 
FROM drivers
2025-11-16 22:40:09,993 - sqlalchemy.engine.Engine - INFO - [cached since 1981s ago] ()
2025-11-16 22:40:09,995 - sqlalchemy.engine.Engine - INFO - ROLLBACK
2025-11-16 22:42:31,773 - sqlalchemy.engine.Engine - INFO - BEGIN (implicit)
2025-11-16 22:42:31,773 - sqlalchemy.engine.Engine - INFO - SELECT users.id, users.username, users.email, users.password_hash, users.role, users.is_active, users.last_login_at, users.created_at, users.updated_at 
FROM users 
WHERE users.username = ?
2025-11-16 22:42:31,773 - sqlalchemy.engine.Engine - INFO - [cached since 2590s ago] ('admin',)
2025-11-16 22:42:31,774 - sqlalchemy.engine.Engine - INFO - SELECT drivers.id, drivers.user_id, drivers.name, drivers.phone, drivers.id_card, drivers.license_number, drivers.license_type, drivers.main_route, drivers.vehicle_type, drivers.vehicle_length, drivers.price_per_km, drivers.experience_years, drivers.status, drivers.emergency_contact, drivers.emergency_phone, drivers.remark, drivers.created_at, drivers.updated_at 
FROM drivers 
WHERE drivers.id = ?
2025-11-16 22:42:31,774 - sqlalchemy.engine.Engine - INFO - [cached since 1059s ago] (5,)
2025-11-16 22:42:31,775 - sqlalchemy.engine.Engine - INFO - ROLLBACK
2025-11-16 22:42:31,785 - sqlalchemy.engine.Engine - INFO - BEGIN (implicit)
2025-11-16 22:42:31,785 - sqlalchemy.engine.Engine - INFO - SELECT users.id, users.username, users.email, users.password_hash, users.role, users.is_active, users.last_login_at, users.created_at, users.updated_at 
FROM users 
WHERE users.username = ?
2025-11-16 22:42:31,785 - sqlalchemy.engine.Engine - INFO - [cached since 2590s ago] ('admin',)
2025-11-16 22:42:31,786 - sqlalchemy.engine.Engine - INFO - SELECT drivers.id, drivers.user_id, drivers.name, drivers.phone, drivers.id_card, drivers.license_number, drivers.license_type, drivers.main_route, drivers.vehicle_type, drivers.vehicle_length, drivers.price_per_km, drivers.experience_years, drivers.status, drivers.emergency_contact, drivers.emergency_phone, drivers.remark, drivers.created_at, drivers.updated_at 
FROM drivers 
WHERE drivers.id = ?
2025-11-16 22:42:31,786 - sqlalchemy.engine.Engine - INFO - [cached since 1059s ago] (5,)
2025-11-16 22:42:31,786 - sqlalchemy.engine.Engine - INFO - ROLLBACK
2025-11-16 22:42:44,859 - sqlalchemy.engine.Engine - INFO - BEGIN (implicit)
2025-11-16 22:42:44,860 - sqlalchemy.engine.Engine - INFO - SELECT users.id, users.username, users.email, users.password_hash, users.role, users.is_active, users.last_login_at, users.created_at, users.updated_at 
FROM users 
WHERE users.username = ?
2025-11-16 22:42:44,860 - sqlalchemy.engine.Engine - INFO - [cached since 2603s ago] ('admin',)
2025-11-16 22:42:44,860 - sqlalchemy.engine.Engine - INFO - SELECT drivers.id, drivers.user_id, drivers.name, drivers.phone, drivers.id_card, drivers.license_number, drivers.license_type, drivers.main_route, drivers.vehicle_type, drivers.vehicle_length, drivers.price_per_km, drivers.experience_years, drivers.status, drivers.emergency_contact, drivers.emergency_phone, drivers.remark, drivers.created_at, drivers.updated_at 
FROM drivers ORDER BY drivers.created_at DESC
 LIMIT ? OFFSET ?
2025-11-16 22:42:44,860 - sqlalchemy.engine.Engine - INFO - [cached since 2136s ago] (20, 0)
2025-11-16 22:42:44,861 - sqlalchemy.engine.Engine - INFO - SELECT count(drivers.id) AS count_1 
FROM drivers
2025-11-16 22:42:44,861 - sqlalchemy.engine.Engine - INFO - [cached since 2136s ago] ()
2025-11-16 22:42:44,861 - sqlalchemy.engine.Engine - INFO - ROLLBACK
2025-11-16 22:42:49,788 - sqlalchemy.engine.Engine - INFO - BEGIN (implicit)
2025-11-16 22:42:49,789 - sqlalchemy.engine.Engine - INFO - SELECT users.id, users.username, users.email, users.password_hash, users.role, users.is_active, users.last_login_at, users.created_at, users.updated_at 
FROM users 
WHERE users.username = ?
2025-11-16 22:42:49,789 - sqlalchemy.engine.Engine - INFO - [cached since 2608s ago] ('admin',)
2025-11-16 22:42:49,789 - sqlalchemy.engine.Engine - INFO - SELECT drivers.id, drivers.user_id, drivers.name, drivers.phone, drivers.id_card, drivers.license_number, drivers.license_type, drivers.main_route, drivers.vehicle_type, drivers.vehicle_length, drivers.price_per_km, drivers.experience_years, drivers.status, drivers.emergency_contact, drivers.emergency_phone, drivers.remark, drivers.created_at, drivers.updated_at 
FROM drivers 
WHERE drivers.id = ?
2025-11-16 22:42:49,789 - sqlalchemy.engine.Engine - INFO - [cached since 1077s ago] (5,)
2025-11-16 22:42:49,790 - sqlalchemy.engine.Engine - INFO - ROLLBACK
2025-11-16 22:42:49,796 - sqlalchemy.engine.Engine - INFO - BEGIN (implicit)
2025-11-16 22:42:49,796 - sqlalchemy.engine.Engine - INFO - SELECT users.id, users.username, users.email, users.password_hash, users.role, users.is_active, users.last_login_at, users.created_at, users.updated_at 
FROM users 
WHERE users.username = ?
2025-11-16 22:42:49,796 - sqlalchemy.engine.Engine - INFO - [cached since 2608s ago] ('admin',)
2025-11-16 22:42:49,797 - sqlalchemy.engine.Engine - INFO - SELECT drivers.id, drivers.user_id, drivers.name, drivers.phone, drivers.id_card, drivers.license_number, drivers.license_type, drivers.main_route, drivers.vehicle_type, drivers.vehicle_length, drivers.price_per_km, drivers.experience_years, drivers.status, drivers.emergency_contact, drivers.emergency_phone, drivers.remark, drivers.created_at, drivers.updated_at 
FROM drivers 
WHERE drivers.id = ?
2025-11-16 22:42:49,797 - sqlalchemy.engine.Engine - INFO - [cached since 1077s ago] (5,)
2025-11-16 22:42:49,797 - sqlalchemy.engine.Engine - INFO - ROLLBACK
2025-11-16 22:42:56,270 - sqlalchemy.engine.Engine - INFO - BEGIN (implicit)
2025-11-16 22:42:56,270 - sqlalchemy.engine.Engine - INFO - SELECT users.id, users.username, users.email, users.password_hash, users.role, users.is_active, users.last_login_at, users.created_at, users.updated_at 
FROM users 
WHERE users.username = ?
2025-11-16 22:42:56,270 - sqlalchemy.engine.Engine - INFO - [cached since 2614s ago] ('admin',)
2025-11-16 22:42:56,272 - sqlalchemy.engine.Engine - INFO - SELECT drivers.id, drivers.user_id, drivers.name, drivers.phone, drivers.id_card, drivers.license_number, drivers.license_type, drivers.main_route, drivers.vehicle_type, drivers.vehicle_length, drivers.price_per_km, drivers.experience_years, drivers.status, drivers.emergency_contact, drivers.emergency_phone, drivers.remark, drivers.created_at, drivers.updated_at 
FROM drivers ORDER BY drivers.created_at DESC
 LIMIT ? OFFSET ?
2025-11-16 22:42:56,272 - sqlalchemy.engine.Engine - INFO - [cached since 2148s ago] (20, 0)
2025-11-16 22:42:56,273 - sqlalchemy.engine.Engine - INFO - SELECT count(drivers.id) AS count_1 
FROM drivers
2025-11-16 22:42:56,273 - sqlalchemy.engine.Engine - INFO - [cached since 2148s ago] ()
2025-11-16 22:42:56,274 - sqlalchemy.engine.Engine - INFO - ROLLBACK
2025-11-16 22:43:23,011 - sqlalchemy.engine.Engine - INFO - BEGIN (implicit)
2025-11-16 22:43:23,011 - sqlalchemy.engine.Engine - INFO - SELECT users.id, users.username, users.email, users.password_hash, users.role, users.is_active, users.last_login_at, users.created_at, users.updated_at 
FROM users 
WHERE users.username = ?
2025-11-16 22:43:23,011 - sqlalchemy.engine.Engine - INFO - [cached since 2641s ago] ('admin',)
2025-11-16 22:43:23,012 - sqlalchemy.engine.Engine - INFO - SELECT drivers.id, drivers.user_id, drivers.name, drivers.phone, drivers.id_card, drivers.license_number, drivers.license_type, drivers.main_route, drivers.vehicle_type, drivers.vehicle_length, drivers.price_per_km, drivers.experience_years, drivers.status, drivers.emergency_contact, drivers.emergency_phone, drivers.remark, drivers.created_at, drivers.updated_at 
FROM drivers 
WHERE drivers.id = ?
2025-11-16 22:43:23,012 - sqlalchemy.engine.Engine - INFO - [cached since 1111s ago] (1,)
2025-11-16 22:43:23,013 - sqlalchemy.engine.Engine - INFO - ROLLBACK
2025-11-16 22:43:23,024 - sqlalchemy.engine.Engine - INFO - BEGIN (implicit)
2025-11-16 22:43:23,024 - sqlalchemy.engine.Engine - INFO - SELECT users.id, users.username, users.email, users.password_hash, users.role, users.is_active, users.last_login_at, users.created_at, users.updated_at 
FROM users 
WHERE users.username = ?
2025-11-16 22:43:23,024 - sqlalchemy.engine.Engine - INFO - [cached since 2641s ago] ('admin',)
2025-11-16 22:43:23,029 - sqlalchemy.engine.Engine - INFO - SELECT drivers.id, drivers.user_id, drivers.name, drivers.phone, drivers.id_card, drivers.license_number, drivers.license_type, drivers.main_route, drivers.vehicle_type, drivers.vehicle_length, drivers.price_per_km, drivers.experience_years, drivers.status, drivers.emergency_contact, drivers.emergency_phone, drivers.remark, drivers.created_at, drivers.updated_at 
FROM drivers 
WHERE drivers.id = ?
2025-11-16 22:43:23,029 - sqlalchemy.engine.Engine - INFO - [cached since 1111s ago] (1,)
2025-11-16 22:43:23,030 - sqlalchemy.engine.Engine - INFO - ROLLBACK
2025-11-16 22:43:30,458 - sqlalchemy.engine.Engine - INFO - BEGIN (implicit)
2025-11-16 22:43:30,459 - sqlalchemy.engine.Engine - INFO - SELECT users.id, users.username, users.email, users.password_hash, users.role, users.is_active, users.last_login_at, users.created_at, users.updated_at 
FROM users 
WHERE users.username = ?
2025-11-16 22:43:30,459 - sqlalchemy.engine.Engine - INFO - [cached since 2648s ago] ('admin',)
2025-11-16 22:43:30,460 - sqlalchemy.engine.Engine - INFO - SELECT drivers.id, drivers.user_id, drivers.name, drivers.phone, drivers.id_card, drivers.license_number, drivers.license_type, drivers.main_route, drivers.vehicle_type, drivers.vehicle_length, drivers.price_per_km, drivers.experience_years, drivers.status, drivers.emergency_contact, drivers.emergency_phone, drivers.remark, drivers.created_at, drivers.updated_at 
FROM drivers ORDER BY drivers.created_at DESC
 LIMIT ? OFFSET ?
2025-11-16 22:43:30,461 - sqlalchemy.engine.Engine - INFO - [cached since 2182s ago] (20, 0)
2025-11-16 22:43:30,462 - sqlalchemy.engine.Engine - INFO - SELECT count(drivers.id) AS count_1 
FROM drivers
2025-11-16 22:43:30,462 - sqlalchemy.engine.Engine - INFO - [cached since 2182s ago] ()
2025-11-16 22:43:30,463 - sqlalchemy.engine.Engine - INFO - ROLLBACK
2025-11-16 22:43:33,614 - sqlalchemy.engine.Engine - INFO - BEGIN (implicit)
2025-11-16 22:43:33,614 - sqlalchemy.engine.Engine - INFO - SELECT users.id, users.username, users.email, users.password_hash, users.role, users.is_active, users.last_login_at, users.created_at, users.updated_at 
FROM users 
WHERE users.username = ?
2025-11-16 22:43:33,614 - sqlalchemy.engine.Engine - INFO - [cached since 2652s ago] ('admin',)
2025-11-16 22:43:33,615 - sqlalchemy.engine.Engine - INFO - SELECT drivers.id, drivers.user_id, drivers.name, drivers.phone, drivers.id_card, drivers.license_number, drivers.license_type, drivers.main_route, drivers.vehicle_type, drivers.vehicle_length, drivers.price_per_km, drivers.experience_years, drivers.status, drivers.emergency_contact, drivers.emergency_phone, drivers.remark, drivers.created_at, drivers.updated_at 
FROM drivers ORDER BY drivers.created_at DESC
 LIMIT ? OFFSET ?
2025-11-16 22:43:33,615 - sqlalchemy.engine.Engine - INFO - [cached since 2185s ago] (20, 0)
2025-11-16 22:43:33,615 - sqlalchemy.engine.Engine - INFO - SELECT count(drivers.id) AS count_1 
FROM drivers
2025-11-16 22:43:33,615 - sqlalchemy.engine.Engine - INFO - [cached since 2185s ago] ()
2025-11-16 22:43:33,616 - sqlalchemy.engine.Engine - INFO - ROLLBACK
2025-11-16 22:43:35,845 - sqlalchemy.engine.Engine - INFO - BEGIN (implicit)
2025-11-16 22:43:35,845 - sqlalchemy.engine.Engine - INFO - SELECT users.id, users.username, users.email, users.password_hash, users.role, users.is_active, users.last_login_at, users.created_at, users.updated_at 
FROM users 
WHERE users.username = ?
2025-11-16 22:43:35,845 - sqlalchemy.engine.Engine - INFO - [cached since 2654s ago] ('admin',)
2025-11-16 22:43:35,845 - sqlalchemy.engine.Engine - INFO - SELECT drivers.id, drivers.user_id, drivers.name, drivers.phone, drivers.id_card, drivers.license_number, drivers.license_type, drivers.main_route, drivers.vehicle_type, drivers.vehicle_length, drivers.price_per_km, drivers.experience_years, drivers.status, drivers.emergency_contact, drivers.emergency_phone, drivers.remark, drivers.created_at, drivers.updated_at 
FROM drivers ORDER BY drivers.created_at DESC
 LIMIT ? OFFSET ?
2025-11-16 22:43:35,845 - sqlalchemy.engine.Engine - INFO - [cached since 2187s ago] (20, 0)
2025-11-16 22:43:35,846 - sqlalchemy.engine.Engine - INFO - SELECT count(drivers.id) AS count_1 
FROM drivers
2025-11-16 22:43:35,846 - sqlalchemy.engine.Engine - INFO - [cached since 2187s ago] ()
2025-11-16 22:43:35,847 - sqlalchemy.engine.Engine - INFO - ROLLBACK
2025-11-16 22:43:39,245 - sqlalchemy.engine.Engine - INFO - BEGIN (implicit)
2025-11-16 22:43:39,245 - sqlalchemy.engine.Engine - INFO - SELECT users.id, users.username, users.email, users.password_hash, users.role, users.is_active, users.last_login_at, users.created_at, users.updated_at 
FROM users 
WHERE users.username = ?
2025-11-16 22:43:39,246 - sqlalchemy.engine.Engine - INFO - [cached since 2657s ago] ('admin',)
2025-11-16 22:43:39,248 - sqlalchemy.engine.Engine - INFO - SELECT drivers.id, drivers.user_id, drivers.name, drivers.phone, drivers.id_card, drivers.license_number, drivers.license_type, drivers.main_route, drivers.vehicle_type, drivers.vehicle_length, drivers.price_per_km, drivers.experience_years, drivers.status, drivers.emergency_contact, drivers.emergency_phone, drivers.remark, drivers.created_at, drivers.updated_at 
FROM drivers ORDER BY drivers.created_at DESC
 LIMIT ? OFFSET ?
2025-11-16 22:43:39,248 - sqlalchemy.engine.Engine - INFO - [cached since 2191s ago] (20, 0)
2025-11-16 22:43:39,250 - sqlalchemy.engine.Engine - INFO - SELECT count(drivers.id) AS count_1 
FROM drivers
2025-11-16 22:43:39,250 - sqlalchemy.engine.Engine - INFO - [cached since 2191s ago] ()
2025-11-16 22:43:39,252 - sqlalchemy.engine.Engine - INFO - ROLLBACK
2025-11-16 22:43:41,367 - sqlalchemy.engine.Engine - INFO - BEGIN (implicit)
2025-11-16 22:43:41,368 - sqlalchemy.engine.Engine - INFO - SELECT users.id, users.username, users.email, users.password_hash, users.role, users.is_active, users.last_login_at, users.created_at, users.updated_at 
FROM users 
WHERE users.username = ?
2025-11-16 22:43:41,368 - sqlalchemy.engine.Engine - INFO - [cached since 2659s ago] ('admin',)
2025-11-16 22:43:41,369 - sqlalchemy.engine.Engine - INFO - SELECT drivers.id, drivers.user_id, drivers.name, drivers.phone, drivers.id_card, drivers.license_number, drivers.license_type, drivers.main_route, drivers.vehicle_type, drivers.vehicle_length, drivers.price_per_km, drivers.experience_years, drivers.status, drivers.emergency_contact, drivers.emergency_phone, drivers.remark, drivers.created_at, drivers.updated_at 
FROM drivers 
WHERE drivers.id = ?
2025-11-16 22:43:41,369 - sqlalchemy.engine.Engine - INFO - [cached since 1129s ago] (5,)
2025-11-16 22:43:41,370 - sqlalchemy.engine.Engine - INFO - ROLLBACK
2025-11-16 22:43:41,378 - sqlalchemy.engine.Engine - INFO - BEGIN (implicit)
2025-11-16 22:43:41,379 - sqlalchemy.engine.Engine - INFO - SELECT users.id, users.username, users.email, users.password_hash, users.role, users.is_active, users.last_login_at, users.created_at, users.updated_at 
FROM users 
WHERE users.username = ?
2025-11-16 22:43:41,379 - sqlalchemy.engine.Engine - INFO - [cached since 2659s ago] ('admin',)
2025-11-16 22:43:41,379 - sqlalchemy.engine.Engine - INFO - SELECT drivers.id, drivers.user_id, drivers.name, drivers.phone, drivers.id_card, drivers.license_number, drivers.license_type, drivers.main_route, drivers.vehicle_type, drivers.vehicle_length, drivers.price_per_km, drivers.experience_years, drivers.status, drivers.emergency_contact, drivers.emergency_phone, drivers.remark, drivers.created_at, drivers.updated_at 
FROM drivers 
WHERE drivers.id = ?
2025-11-16 22:43:41,379 - sqlalchemy.engine.Engine - INFO - [cached since 1129s ago] (5,)
2025-11-16 22:43:41,380 - sqlalchemy.engine.Engine - INFO - ROLLBACK
2025-11-16 22:43:42,440 - sqlalchemy.engine.Engine - INFO - BEGIN (implicit)
2025-11-16 22:43:42,440 - sqlalchemy.engine.Engine - INFO - SELECT users.id, users.username, users.email, users.password_hash, users.role, users.is_active, users.last_login_at, users.created_at, users.updated_at 
FROM users 
WHERE users.username = ?
2025-11-16 22:43:42,440 - sqlalchemy.engine.Engine - INFO - [cached since 2660s ago] ('admin',)
2025-11-16 22:43:42,440 - sqlalchemy.engine.Engine - INFO - SELECT drivers.id, drivers.user_id, drivers.name, drivers.phone, drivers.id_card, drivers.license_number, drivers.license_type, drivers.main_route, drivers.vehicle_type, drivers.vehicle_length, drivers.price_per_km, drivers.experience_years, drivers.status, drivers.emergency_contact, drivers.emergency_phone, drivers.remark, drivers.created_at, drivers.updated_at 
FROM drivers ORDER BY drivers.created_at DESC
 LIMIT ? OFFSET ?
2025-11-16 22:43:42,440 - sqlalchemy.engine.Engine - INFO - [cached since 2194s ago] (20, 0)
2025-11-16 22:43:42,441 - sqlalchemy.engine.Engine - INFO - SELECT count(drivers.id) AS count_1 
FROM drivers
2025-11-16 22:43:42,441 - sqlalchemy.engine.Engine - INFO - [cached since 2194s ago] ()
2025-11-16 22:43:42,442 - sqlalchemy.engine.Engine - INFO - ROLLBACK
2025-11-16 22:43:43,350 - sqlalchemy.engine.Engine - INFO - BEGIN (implicit)
2025-11-16 22:43:43,351 - sqlalchemy.engine.Engine - INFO - SELECT users.id, users.username, users.email, users.password_hash, users.role, users.is_active, users.last_login_at, users.created_at, users.updated_at 
FROM users 
WHERE users.username = ?
2025-11-16 22:43:43,351 - sqlalchemy.engine.Engine - INFO - [cached since 2661s ago] ('admin',)
2025-11-16 22:43:43,352 - sqlalchemy.engine.Engine - INFO - SELECT drivers.id, drivers.user_id, drivers.name, drivers.phone, drivers.id_card, drivers.license_number, drivers.license_type, drivers.main_route, drivers.vehicle_type, drivers.vehicle_length, drivers.price_per_km, drivers.experience_years, drivers.status, drivers.emergency_contact, drivers.emergency_phone, drivers.remark, drivers.created_at, drivers.updated_at 
FROM drivers 
WHERE drivers.id = ?
2025-11-16 22:43:43,352 - sqlalchemy.engine.Engine - INFO - [cached since 1131s ago] (5,)
2025-11-16 22:43:43,352 - sqlalchemy.engine.Engine - INFO - ROLLBACK
2025-11-16 22:43:43,358 - sqlalchemy.engine.Engine - INFO - BEGIN (implicit)
2025-11-16 22:43:43,358 - sqlalchemy.engine.Engine - INFO - SELECT users.id, users.username, users.email, users.password_hash, users.role, users.is_active, users.last_login_at, users.created_at, users.updated_at 
FROM users 
WHERE users.username = ?
2025-11-16 22:43:43,358 - sqlalchemy.engine.Engine - INFO - [cached since 2661s ago] ('admin',)
2025-11-16 22:43:43,359 - sqlalchemy.engine.Engine - INFO - SELECT drivers.id, drivers.user_id, drivers.name, drivers.phone, drivers.id_card, drivers.license_number, drivers.license_type, drivers.main_route, drivers.vehicle_type, drivers.vehicle_length, drivers.price_per_km, drivers.experience_years, drivers.status, drivers.emergency_contact, drivers.emergency_phone, drivers.remark, drivers.created_at, drivers.updated_at 
FROM drivers 
WHERE drivers.id = ?
2025-11-16 22:43:43,359 - sqlalchemy.engine.Engine - INFO - [cached since 1131s ago] (5,)
2025-11-16 22:43:43,359 - sqlalchemy.engine.Engine - INFO - ROLLBACK
2025-11-16 22:44:51,954 - sqlalchemy.engine.Engine - INFO - BEGIN (implicit)
2025-11-16 22:44:51,955 - sqlalchemy.engine.Engine - INFO - SELECT users.id, users.username, users.email, users.password_hash, users.role, users.is_active, users.last_login_at, users.created_at, users.updated_at 
FROM users 
WHERE users.username = ?
2025-11-16 22:44:51,955 - sqlalchemy.engine.Engine - INFO - [cached since 2730s ago] ('admin',)
2025-11-16 22:44:51,956 - sqlalchemy.engine.Engine - INFO - SELECT drivers.id, drivers.user_id, drivers.name, drivers.phone, drivers.id_card, drivers.license_number, drivers.license_type, drivers.main_route, drivers.vehicle_type, drivers.vehicle_length, drivers.price_per_km, drivers.experience_years, drivers.status, drivers.emergency_contact, drivers.emergency_phone, drivers.remark, drivers.created_at, drivers.updated_at 
FROM drivers ORDER BY drivers.created_at DESC
 LIMIT ? OFFSET ?
2025-11-16 22:44:51,956 - sqlalchemy.engine.Engine - INFO - [cached since 2263s ago] (20, 0)
2025-11-16 22:44:51,958 - sqlalchemy.engine.Engine - INFO - SELECT count(drivers.id) AS count_1 
FROM drivers
2025-11-16 22:44:51,958 - sqlalchemy.engine.Engine - INFO - [cached since 2263s ago] ()
2025-11-16 22:44:51,959 - sqlalchemy.engine.Engine - INFO - ROLLBACK
2025-11-16 22:45:16,635 - sqlalchemy.engine.Engine - INFO - BEGIN (implicit)
2025-11-16 22:45:16,639 - sqlalchemy.engine.Engine - INFO - SELECT users.id, users.username, users.email, users.password_hash, users.role, users.is_active, users.last_login_at, users.created_at, users.updated_at 
FROM users 
WHERE users.username = ?
2025-11-16 22:45:16,639 - sqlalchemy.engine.Engine - INFO - [cached since 2755s ago] ('admin',)
2025-11-16 22:45:16,647 - sqlalchemy.engine.Engine - INFO - SELECT drivers.id, drivers.user_id, drivers.name, drivers.phone, drivers.id_card, drivers.license_number, drivers.license_type, drivers.main_route, drivers.vehicle_type, drivers.vehicle_length, drivers.price_per_km, drivers.experience_years, drivers.status, drivers.emergency_contact, drivers.emergency_phone, drivers.remark, drivers.created_at, drivers.updated_at 
FROM drivers 
WHERE drivers.id = ?
2025-11-16 22:45:16,647 - sqlalchemy.engine.Engine - INFO - [cached since 1224s ago] (2,)
2025-11-16 22:45:16,674 - sqlalchemy.engine.Engine - INFO - ROLLBACK
2025-11-16 22:45:16,682 - sqlalchemy.engine.Engine - INFO - BEGIN (implicit)
2025-11-16 22:45:16,683 - sqlalchemy.engine.Engine - INFO - SELECT users.id, users.username, users.email, users.password_hash, users.role, users.is_active, users.last_login_at, users.created_at, users.updated_at 
FROM users 
WHERE users.username = ?
2025-11-16 22:45:16,683 - sqlalchemy.engine.Engine - INFO - [cached since 2755s ago] ('admin',)
2025-11-16 22:45:16,684 - sqlalchemy.engine.Engine - INFO - SELECT drivers.id, drivers.user_id, drivers.name, drivers.phone, drivers.id_card, drivers.license_number, drivers.license_type, drivers.main_route, drivers.vehicle_type, drivers.vehicle_length, drivers.price_per_km, drivers.experience_years, drivers.status, drivers.emergency_contact, drivers.emergency_phone, drivers.remark, drivers.created_at, drivers.updated_at 
FROM drivers 
WHERE drivers.id = ?
2025-11-16 22:45:16,684 - sqlalchemy.engine.Engine - INFO - [cached since 1224s ago] (2,)
2025-11-16 22:45:16,685 - sqlalchemy.engine.Engine - INFO - ROLLBACK
2025-11-16 22:45:53,459 - sqlalchemy.engine.Engine - INFO - BEGIN (implicit)
2025-11-16 22:45:53,459 - sqlalchemy.engine.Engine - INFO - SELECT users.id, users.username, users.email, users.password_hash, users.role, users.is_active, users.last_login_at, users.created_at, users.updated_at 
FROM users 
WHERE users.username = ?
2025-11-16 22:45:53,459 - sqlalchemy.engine.Engine - INFO - [cached since 2791s ago] ('admin',)
2025-11-16 22:45:53,460 - sqlalchemy.engine.Engine - INFO - SELECT drivers.id, drivers.user_id, drivers.name, drivers.phone, drivers.id_card, drivers.license_number, drivers.license_type, drivers.main_route, drivers.vehicle_type, drivers.vehicle_length, drivers.price_per_km, drivers.experience_years, drivers.status, drivers.emergency_contact, drivers.emergency_phone, drivers.remark, drivers.created_at, drivers.updated_at 
FROM drivers 
WHERE drivers.id = ?
2025-11-16 22:45:53,461 - sqlalchemy.engine.Engine - INFO - [cached since 1261s ago] (2,)
2025-11-16 22:45:53,462 - sqlalchemy.engine.Engine - INFO - ROLLBACK
2025-11-16 22:45:53,473 - sqlalchemy.engine.Engine - INFO - BEGIN (implicit)
2025-11-16 22:45:53,473 - sqlalchemy.engine.Engine - INFO - SELECT users.id, users.username, users.email, users.password_hash, users.role, users.is_active, users.last_login_at, users.created_at, users.updated_at 
FROM users 
WHERE users.username = ?
2025-11-16 22:45:53,473 - sqlalchemy.engine.Engine - INFO - [cached since 2791s ago] ('admin',)
2025-11-16 22:45:53,474 - sqlalchemy.engine.Engine - INFO - SELECT drivers.id, drivers.user_id, drivers.name, drivers.phone, drivers.id_card, drivers.license_number, drivers.license_type, drivers.main_route, drivers.vehicle_type, drivers.vehicle_length, drivers.price_per_km, drivers.experience_years, drivers.status, drivers.emergency_contact, drivers.emergency_phone, drivers.remark, drivers.created_at, drivers.updated_at 
FROM drivers 
WHERE drivers.id = ?
2025-11-16 22:45:53,474 - sqlalchemy.engine.Engine - INFO - [cached since 1261s ago] (2,)
2025-11-16 22:45:53,474 - sqlalchemy.engine.Engine - INFO - ROLLBACK
2025-11-16 22:46:03,239 - sqlalchemy.engine.Engine - INFO - BEGIN (implicit)
2025-11-16 22:46:03,239 - sqlalchemy.engine.Engine - INFO - SELECT users.id, users.username, users.email, users.password_hash, users.role, users.is_active, users.last_login_at, users.created_at, users.updated_at 
FROM users 
WHERE users.username = ?
2025-11-16 22:46:03,239 - sqlalchemy.engine.Engine - INFO - [cached since 2801s ago] ('admin',)
2025-11-16 22:46:03,241 - sqlalchemy.engine.Engine - INFO - SELECT drivers.id, drivers.user_id, drivers.name, drivers.phone, drivers.id_card, drivers.license_number, drivers.license_type, drivers.main_route, drivers.vehicle_type, drivers.vehicle_length, drivers.price_per_km, drivers.experience_years, drivers.status, drivers.emergency_contact, drivers.emergency_phone, drivers.remark, drivers.created_at, drivers.updated_at 
FROM drivers 
WHERE drivers.id = ?
2025-11-16 22:46:03,241 - sqlalchemy.engine.Engine - INFO - [cached since 1271s ago] (2,)
2025-11-16 22:46:03,243 - sqlalchemy.engine.Engine - INFO - ROLLBACK
2025-11-16 22:46:03,254 - sqlalchemy.engine.Engine - INFO - BEGIN (implicit)
2025-11-16 22:46:03,255 - sqlalchemy.engine.Engine - INFO - SELECT users.id, users.username, users.email, users.password_hash, users.role, users.is_active, users.last_login_at, users.created_at, users.updated_at 
FROM users 
WHERE users.username = ?
2025-11-16 22:46:03,255 - sqlalchemy.engine.Engine - INFO - [cached since 2801s ago] ('admin',)
2025-11-16 22:46:03,255 - sqlalchemy.engine.Engine - INFO - SELECT drivers.id, drivers.user_id, drivers.name, drivers.phone, drivers.id_card, drivers.license_number, drivers.license_type, drivers.main_route, drivers.vehicle_type, drivers.vehicle_length, drivers.price_per_km, drivers.experience_years, drivers.status, drivers.emergency_contact, drivers.emergency_phone, drivers.remark, drivers.created_at, drivers.updated_at 
FROM drivers 
WHERE drivers.id = ?
2025-11-16 22:46:03,255 - sqlalchemy.engine.Engine - INFO - [cached since 1271s ago] (2,)
2025-11-16 22:46:03,255 - sqlalchemy.engine.Engine - INFO - ROLLBACK
2025-11-16 22:46:43,251 - sqlalchemy.engine.Engine - INFO - BEGIN (implicit)
2025-11-16 22:46:43,251 - sqlalchemy.engine.Engine - INFO - SELECT users.id, users.username, users.email, users.password_hash, users.role, users.is_active, users.last_login_at, users.created_at, users.updated_at 
FROM users 
WHERE users.username = ?
2025-11-16 22:46:43,251 - sqlalchemy.engine.Engine - INFO - [cached since 2841s ago] ('admin',)
2025-11-16 22:46:43,252 - sqlalchemy.engine.Engine - INFO - SELECT drivers.id, drivers.user_id, drivers.name, drivers.phone, drivers.id_card, drivers.license_number, drivers.license_type, drivers.main_route, drivers.vehicle_type, drivers.vehicle_length, drivers.price_per_km, drivers.experience_years, drivers.status, drivers.emergency_contact, drivers.emergency_phone, drivers.remark, drivers.created_at, drivers.updated_at 
FROM drivers 
WHERE drivers.id = ?
2025-11-16 22:46:43,252 - sqlalchemy.engine.Engine - INFO - [cached since 1311s ago] (2,)
2025-11-16 22:46:43,253 - sqlalchemy.engine.Engine - INFO - ROLLBACK
2025-11-16 22:46:43,267 - sqlalchemy.engine.Engine - INFO - BEGIN (implicit)
2025-11-16 22:46:43,267 - sqlalchemy.engine.Engine - INFO - SELECT users.id, users.username, users.email, users.password_hash, users.role, users.is_active, users.last_login_at, users.created_at, users.updated_at 
FROM users 
WHERE users.username = ?
2025-11-16 22:46:43,267 - sqlalchemy.engine.Engine - INFO - [cached since 2841s ago] ('admin',)
2025-11-16 22:46:43,268 - sqlalchemy.engine.Engine - INFO - SELECT drivers.id, drivers.user_id, drivers.name, drivers.phone, drivers.id_card, drivers.license_number, drivers.license_type, drivers.main_route, drivers.vehicle_type, drivers.vehicle_length, drivers.price_per_km, drivers.experience_years, drivers.status, drivers.emergency_contact, drivers.emergency_phone, drivers.remark, drivers.created_at, drivers.updated_at 
FROM drivers 
WHERE drivers.id = ?
2025-11-16 22:46:43,268 - sqlalchemy.engine.Engine - INFO - [cached since 1311s ago] (2,)
2025-11-16 22:46:43,268 - sqlalchemy.engine.Engine - INFO - ROLLBACK
2025-11-16 22:48:50,500 - sqlalchemy.engine.Engine - INFO - BEGIN (implicit)
2025-11-16 22:48:50,501 - sqlalchemy.engine.Engine - INFO - SELECT users.id, users.username, users.email, users.password_hash, users.role, users.is_active, users.last_login_at, users.created_at, users.updated_at 
FROM users 
WHERE users.username = ?
2025-11-16 22:48:50,501 - sqlalchemy.engine.Engine - INFO - [cached since 2968s ago] ('admin',)
2025-11-16 22:48:50,501 - sqlalchemy.engine.Engine - INFO - SELECT drivers.id, drivers.user_id, drivers.name, drivers.phone, drivers.id_card, drivers.license_number, drivers.license_type, drivers.main_route, drivers.vehicle_type, drivers.vehicle_length, drivers.price_per_km, drivers.experience_years, drivers.status, drivers.emergency_contact, drivers.emergency_phone, drivers.remark, drivers.created_at, drivers.updated_at 
FROM drivers ORDER BY drivers.created_at DESC
 LIMIT ? OFFSET ?
2025-11-16 22:48:50,502 - sqlalchemy.engine.Engine - INFO - [cached since 2502s ago] (20, 0)
2025-11-16 22:48:50,502 - sqlalchemy.engine.Engine - INFO - SELECT count(drivers.id) AS count_1 
FROM drivers
2025-11-16 22:48:50,502 - sqlalchemy.engine.Engine - INFO - [cached since 2502s ago] ()
2025-11-16 22:48:50,503 - sqlalchemy.engine.Engine - INFO - ROLLBACK
2025-11-16 22:48:52,895 - sqlalchemy.engine.Engine - INFO - BEGIN (implicit)
2025-11-16 22:48:52,895 - sqlalchemy.engine.Engine - INFO - SELECT users.id, users.username, users.email, users.password_hash, users.role, users.is_active, users.last_login_at, users.created_at, users.updated_at 
FROM users 
WHERE users.username = ?
2025-11-16 22:48:52,895 - sqlalchemy.engine.Engine - INFO - [cached since 2971s ago] ('admin',)
2025-11-16 22:48:52,896 - sqlalchemy.engine.Engine - INFO - SELECT drivers.id, drivers.user_id, drivers.name, drivers.phone, drivers.id_card, drivers.license_number, drivers.license_type, drivers.main_route, drivers.vehicle_type, drivers.vehicle_length, drivers.price_per_km, drivers.experience_years, drivers.status, drivers.emergency_contact, drivers.emergency_phone, drivers.remark, drivers.created_at, drivers.updated_at 
FROM drivers 
WHERE drivers.id = ?
2025-11-16 22:48:52,896 - sqlalchemy.engine.Engine - INFO - [cached since 1440s ago] (5,)
2025-11-16 22:48:52,896 - sqlalchemy.engine.Engine - INFO - ROLLBACK
2025-11-16 22:48:52,908 - sqlalchemy.engine.Engine - INFO - BEGIN (implicit)
2025-11-16 22:48:52,908 - sqlalchemy.engine.Engine - INFO - SELECT users.id, users.username, users.email, users.password_hash, users.role, users.is_active, users.last_login_at, users.created_at, users.updated_at 
FROM users 
WHERE users.username = ?
2025-11-16 22:48:52,908 - sqlalchemy.engine.Engine - INFO - [cached since 2971s ago] ('admin',)
2025-11-16 22:48:52,908 - sqlalchemy.engine.Engine - INFO - SELECT drivers.id, drivers.user_id, drivers.name, drivers.phone, drivers.id_card, drivers.license_number, drivers.license_type, drivers.main_route, drivers.vehicle_type, drivers.vehicle_length, drivers.price_per_km, drivers.experience_years, drivers.status, drivers.emergency_contact, drivers.emergency_phone, drivers.remark, drivers.created_at, drivers.updated_at 
FROM drivers 
WHERE drivers.id = ?
2025-11-16 22:48:52,908 - sqlalchemy.engine.Engine - INFO - [cached since 1440s ago] (5,)
2025-11-16 22:48:52,909 - sqlalchemy.engine.Engine - INFO - ROLLBACK
2025-11-16 22:48:56,666 - sqlalchemy.engine.Engine - INFO - BEGIN (implicit)
2025-11-16 22:48:56,667 - sqlalchemy.engine.Engine - INFO - SELECT users.id, users.username, users.email, users.password_hash, users.role, users.is_active, users.last_login_at, users.created_at, users.updated_at 
FROM users 
WHERE users.username = ?
2025-11-16 22:48:56,668 - sqlalchemy.engine.Engine - INFO - [cached since 2975s ago] ('admin',)
2025-11-16 22:48:56,669 - sqlalchemy.engine.Engine - INFO - SELECT drivers.id, drivers.user_id, drivers.name, drivers.phone, drivers.id_card, drivers.license_number, drivers.license_type, drivers.main_route, drivers.vehicle_type, drivers.vehicle_length, drivers.price_per_km, drivers.experience_years, drivers.status, drivers.emergency_contact, drivers.emergency_phone, drivers.remark, drivers.created_at, drivers.updated_at 
FROM drivers ORDER BY drivers.created_at DESC
 LIMIT ? OFFSET ?
2025-11-16 22:48:56,669 - sqlalchemy.engine.Engine - INFO - [cached since 2508s ago] (20, 0)
2025-11-16 22:48:56,669 - sqlalchemy.engine.Engine - INFO - SELECT count(drivers.id) AS count_1 
FROM drivers
2025-11-16 22:48:56,669 - sqlalchemy.engine.Engine - INFO - [cached since 2508s ago] ()
2025-11-16 22:48:56,672 - sqlalchemy.engine.Engine - INFO - ROLLBACK
2025-11-16 22:48:57,981 - sqlalchemy.engine.Engine - INFO - BEGIN (implicit)
2025-11-16 22:48:57,981 - sqlalchemy.engine.Engine - INFO - SELECT users.id, users.username, users.email, users.password_hash, users.role, users.is_active, users.last_login_at, users.created_at, users.updated_at 
FROM users 
WHERE users.username = ?
2025-11-16 22:48:57,981 - sqlalchemy.engine.Engine - INFO - [cached since 2976s ago] ('admin',)
2025-11-16 22:48:57,982 - sqlalchemy.engine.Engine - INFO - SELECT drivers.id, drivers.user_id, drivers.name, drivers.phone, drivers.id_card, drivers.license_number, drivers.license_type, drivers.main_route, drivers.vehicle_type, drivers.vehicle_length, drivers.price_per_km, drivers.experience_years, drivers.status, drivers.emergency_contact, drivers.emergency_phone, drivers.remark, drivers.created_at, drivers.updated_at 
FROM drivers 
WHERE drivers.id = ?
2025-11-16 22:48:57,983 - sqlalchemy.engine.Engine - INFO - [cached since 1446s ago] (5,)
2025-11-16 22:48:57,984 - sqlalchemy.engine.Engine - INFO - ROLLBACK
2025-11-16 22:48:57,994 - sqlalchemy.engine.Engine - INFO - BEGIN (implicit)
2025-11-16 22:48:57,995 - sqlalchemy.engine.Engine - INFO - SELECT users.id, users.username, users.email, users.password_hash, users.role, users.is_active, users.last_login_at, users.created_at, users.updated_at 
FROM users 
WHERE users.username = ?
2025-11-16 22:48:57,995 - sqlalchemy.engine.Engine - INFO - [cached since 2976s ago] ('admin',)
2025-11-16 22:48:57,995 - sqlalchemy.engine.Engine - INFO - SELECT drivers.id, drivers.user_id, drivers.name, drivers.phone, drivers.id_card, drivers.license_number, drivers.license_type, drivers.main_route, drivers.vehicle_type, drivers.vehicle_length, drivers.price_per_km, drivers.experience_years, drivers.status, drivers.emergency_contact, drivers.emergency_phone, drivers.remark, drivers.created_at, drivers.updated_at 
FROM drivers 
WHERE drivers.id = ?
2025-11-16 22:48:57,995 - sqlalchemy.engine.Engine - INFO - [cached since 1446s ago] (5,)
2025-11-16 22:48:57,996 - sqlalchemy.engine.Engine - INFO - ROLLBACK
2025-11-16 22:49:08,028 - sqlalchemy.engine.Engine - INFO - BEGIN (implicit)
2025-11-16 22:49:08,028 - sqlalchemy.engine.Engine - INFO - SELECT users.id, users.username, users.email, users.password_hash, users.role, users.is_active, users.last_login_at, users.created_at, users.updated_at 
FROM users 
WHERE users.username = ?
2025-11-16 22:49:08,028 - sqlalchemy.engine.Engine - INFO - [cached since 2986s ago] ('admin',)
2025-11-16 22:49:08,030 - sqlalchemy.engine.Engine - INFO - SELECT drivers.id, drivers.user_id, drivers.name, drivers.phone, drivers.id_card, drivers.license_number, drivers.license_type, drivers.main_route, drivers.vehicle_type, drivers.vehicle_length, drivers.price_per_km, drivers.experience_years, drivers.status, drivers.emergency_contact, drivers.emergency_phone, drivers.remark, drivers.created_at, drivers.updated_at 
FROM drivers ORDER BY drivers.created_at DESC
 LIMIT ? OFFSET ?
2025-11-16 22:49:08,030 - sqlalchemy.engine.Engine - INFO - [cached since 2519s ago] (20, 0)
2025-11-16 22:49:08,031 - sqlalchemy.engine.Engine - INFO - SELECT count(drivers.id) AS count_1 
FROM drivers
2025-11-16 22:49:08,031 - sqlalchemy.engine.Engine - INFO - [cached since 2519s ago] ()
2025-11-16 22:49:08,032 - sqlalchemy.engine.Engine - INFO - ROLLBACK
2025-11-16 22:49:11,668 - sqlalchemy.engine.Engine - INFO - BEGIN (implicit)
2025-11-16 22:49:11,669 - sqlalchemy.engine.Engine - INFO - SELECT users.id, users.username, users.email, users.password_hash, users.role, users.is_active, users.last_login_at, users.created_at, users.updated_at 
FROM users 
WHERE users.username = ?
2025-11-16 22:49:11,669 - sqlalchemy.engine.Engine - INFO - [cached since 2990s ago] ('admin',)
2025-11-16 22:49:11,670 - sqlalchemy.engine.Engine - INFO - SELECT drivers.id, drivers.user_id, drivers.name, drivers.phone, drivers.id_card, drivers.license_number, drivers.license_type, drivers.main_route, drivers.vehicle_type, drivers.vehicle_length, drivers.price_per_km, drivers.experience_years, drivers.status, drivers.emergency_contact, drivers.emergency_phone, drivers.remark, drivers.created_at, drivers.updated_at 
FROM drivers 
WHERE drivers.id = ?
2025-11-16 22:49:11,670 - sqlalchemy.engine.Engine - INFO - [cached since 1459s ago] (5,)
2025-11-16 22:49:11,671 - sqlalchemy.engine.Engine - INFO - ROLLBACK
2025-11-16 22:49:11,682 - sqlalchemy.engine.Engine - INFO - BEGIN (implicit)
2025-11-16 22:49:11,682 - sqlalchemy.engine.Engine - INFO - SELECT users.id, users.username, users.email, users.password_hash, users.role, users.is_active, users.last_login_at, users.created_at, users.updated_at 
FROM users 
WHERE users.username = ?
2025-11-16 22:49:11,682 - sqlalchemy.engine.Engine - INFO - [cached since 2990s ago] ('admin',)
2025-11-16 22:49:11,683 - sqlalchemy.engine.Engine - INFO - SELECT drivers.id, drivers.user_id, drivers.name, drivers.phone, drivers.id_card, drivers.license_number, drivers.license_type, drivers.main_route, drivers.vehicle_type, drivers.vehicle_length, drivers.price_per_km, drivers.experience_years, drivers.status, drivers.emergency_contact, drivers.emergency_phone, drivers.remark, drivers.created_at, drivers.updated_at 
FROM drivers 
WHERE drivers.id = ?
2025-11-16 22:49:11,683 - sqlalchemy.engine.Engine - INFO - [cached since 1459s ago] (5,)
2025-11-16 22:49:11,683 - sqlalchemy.engine.Engine - INFO - ROLLBACK
2025-11-16 22:49:12,731 - sqlalchemy.engine.Engine - INFO - BEGIN (implicit)
2025-11-16 22:49:12,731 - sqlalchemy.engine.Engine - INFO - SELECT users.id, users.username, users.email, users.password_hash, users.role, users.is_active, users.last_login_at, users.created_at, users.updated_at 
FROM users 
WHERE users.username = ?
2025-11-16 22:49:12,731 - sqlalchemy.engine.Engine - INFO - [cached since 2991s ago] ('admin',)
2025-11-16 22:49:12,731 - sqlalchemy.engine.Engine - INFO - SELECT drivers.id, drivers.user_id, drivers.name, drivers.phone, drivers.id_card, drivers.license_number, drivers.license_type, drivers.main_route, drivers.vehicle_type, drivers.vehicle_length, drivers.price_per_km, drivers.experience_years, drivers.status, drivers.emergency_contact, drivers.emergency_phone, drivers.remark, drivers.created_at, drivers.updated_at 
FROM drivers ORDER BY drivers.created_at DESC
 LIMIT ? OFFSET ?
2025-11-16 22:49:12,732 - sqlalchemy.engine.Engine - INFO - [cached since 2524s ago] (20, 0)
2025-11-16 22:49:12,732 - sqlalchemy.engine.Engine - INFO - SELECT count(drivers.id) AS count_1 
FROM drivers
2025-11-16 22:49:12,732 - sqlalchemy.engine.Engine - INFO - [cached since 2524s ago] ()
2025-11-16 22:49:12,733 - sqlalchemy.engine.Engine - INFO - ROLLBACK
2025-11-16 22:49:18,000 - sqlalchemy.engine.Engine - INFO - BEGIN (implicit)
2025-11-16 22:49:18,002 - sqlalchemy.engine.Engine - INFO - SELECT users.id, users.username, users.email, users.password_hash, users.role, users.is_active, users.last_login_at, users.created_at, users.updated_at 
FROM users 
WHERE users.username = ?
2025-11-16 22:49:18,002 - sqlalchemy.engine.Engine - INFO - [cached since 2996s ago] ('admin',)
2025-11-16 22:49:18,003 - sqlalchemy.engine.Engine - INFO - SELECT drivers.id, drivers.user_id, drivers.name, drivers.phone, drivers.id_card, drivers.license_number, drivers.license_type, drivers.main_route, drivers.vehicle_type, drivers.vehicle_length, drivers.price_per_km, drivers.experience_years, drivers.status, drivers.emergency_contact, drivers.emergency_phone, drivers.remark, drivers.created_at, drivers.updated_at 
FROM drivers ORDER BY drivers.created_at DESC
 LIMIT ? OFFSET ?
2025-11-16 22:49:18,003 - sqlalchemy.engine.Engine - INFO - [cached since 2529s ago] (20, 0)
2025-11-16 22:49:18,004 - sqlalchemy.engine.Engine - INFO - SELECT count(drivers.id) AS count_1 
FROM drivers
2025-11-16 22:49:18,004 - sqlalchemy.engine.Engine - INFO - [cached since 2529s ago] ()
2025-11-16 22:49:18,005 - sqlalchemy.engine.Engine - INFO - ROLLBACK
2025-11-16 22:51:53,594 - sqlalchemy.engine.Engine - INFO - BEGIN (implicit)
2025-11-16 22:51:53,594 - sqlalchemy.engine.Engine - INFO - SELECT users.id, users.username, users.email, users.password_hash, users.role, users.is_active, users.last_login_at, users.created_at, users.updated_at 
FROM users 
WHERE users.username = ?
2025-11-16 22:51:53,594 - sqlalchemy.engine.Engine - INFO - [cached since 3152s ago] ('admin',)
2025-11-16 22:51:53,595 - sqlalchemy.engine.Engine - INFO - SELECT drivers.id, drivers.user_id, drivers.name, drivers.phone, drivers.id_card, drivers.license_number, drivers.license_type, drivers.main_route, drivers.vehicle_type, drivers.vehicle_length, drivers.price_per_km, drivers.experience_years, drivers.status, drivers.emergency_contact, drivers.emergency_phone, drivers.remark, drivers.created_at, drivers.updated_at 
FROM drivers ORDER BY drivers.created_at DESC
 LIMIT ? OFFSET ?
2025-11-16 22:51:53,595 - sqlalchemy.engine.Engine - INFO - [cached since 2685s ago] (20, 0)
2025-11-16 22:51:53,596 - sqlalchemy.engine.Engine - INFO - SELECT count(drivers.id) AS count_1 
FROM drivers
2025-11-16 22:51:53,596 - sqlalchemy.engine.Engine - INFO - [cached since 2685s ago] ()
2025-11-16 22:51:53,597 - sqlalchemy.engine.Engine - INFO - ROLLBACK
2025-11-16 22:51:55,326 - sqlalchemy.engine.Engine - INFO - BEGIN (implicit)
2025-11-16 22:51:55,326 - sqlalchemy.engine.Engine - INFO - SELECT users.id, users.username, users.email, users.password_hash, users.role, users.is_active, users.last_login_at, users.created_at, users.updated_at 
FROM users 
WHERE users.username = ?
2025-11-16 22:51:55,326 - sqlalchemy.engine.Engine - INFO - [cached since 3153s ago] ('admin',)
2025-11-16 22:51:55,327 - sqlalchemy.engine.Engine - INFO - SELECT drivers.id, drivers.user_id, drivers.name, drivers.phone, drivers.id_card, drivers.license_number, drivers.license_type, drivers.main_route, drivers.vehicle_type, drivers.vehicle_length, drivers.price_per_km, drivers.experience_years, drivers.status, drivers.emergency_contact, drivers.emergency_phone, drivers.remark, drivers.created_at, drivers.updated_at 
FROM drivers ORDER BY drivers.created_at DESC
 LIMIT ? OFFSET ?
2025-11-16 22:51:55,327 - sqlalchemy.engine.Engine - INFO - [cached since 2687s ago] (20, 0)
2025-11-16 22:51:55,328 - sqlalchemy.engine.Engine - INFO - SELECT count(drivers.id) AS count_1 
FROM drivers
2025-11-16 22:51:55,328 - sqlalchemy.engine.Engine - INFO - [cached since 2687s ago] ()
2025-11-16 22:51:55,329 - sqlalchemy.engine.Engine - INFO - ROLLBACK
2025-11-16 22:54:01,059 - sqlalchemy.engine.Engine - INFO - BEGIN (implicit)
2025-11-16 22:54:01,060 - sqlalchemy.engine.Engine - INFO - SELECT users.id, users.username, users.email, users.password_hash, users.role, users.is_active, users.last_login_at, users.created_at, users.updated_at 
FROM users 
WHERE users.username = ?
2025-11-16 22:54:01,060 - sqlalchemy.engine.Engine - INFO - [cached since 3279s ago] ('admin',)
2025-11-16 22:54:01,061 - sqlalchemy.engine.Engine - INFO - SELECT drivers.id, drivers.user_id, drivers.name, drivers.phone, drivers.id_card, drivers.license_number, drivers.license_type, drivers.main_route, drivers.vehicle_type, drivers.vehicle_length, drivers.price_per_km, drivers.experience_years, drivers.status, drivers.emergency_contact, drivers.emergency_phone, drivers.remark, drivers.created_at, drivers.updated_at 
FROM drivers ORDER BY drivers.created_at DESC
 LIMIT ? OFFSET ?
2025-11-16 22:54:01,061 - sqlalchemy.engine.Engine - INFO - [cached since 2812s ago] (20, 0)
2025-11-16 22:54:01,062 - sqlalchemy.engine.Engine - INFO - SELECT count(drivers.id) AS count_1 
FROM drivers
2025-11-16 22:54:01,062 - sqlalchemy.engine.Engine - INFO - [cached since 2812s ago] ()
2025-11-16 22:54:01,063 - sqlalchemy.engine.Engine - INFO - ROLLBACK
2025-11-16 22:54:07,235 - sqlalchemy.engine.Engine - INFO - BEGIN (implicit)
2025-11-16 22:54:07,235 - sqlalchemy.engine.Engine - INFO - SELECT users.id, users.username, users.email, users.password_hash, users.role, users.is_active, users.last_login_at, users.created_at, users.updated_at 
FROM users 
WHERE users.username = ?
2025-11-16 22:54:07,235 - sqlalchemy.engine.Engine - INFO - [cached since 3285s ago] ('admin',)
2025-11-16 22:54:07,415 - sqlalchemy.engine.Engine - INFO - UPDATE users SET last_login_at=?, updated_at=CURRENT_TIMESTAMP WHERE users.id = ?
2025-11-16 22:54:07,416 - sqlalchemy.engine.Engine - INFO - [cached since 3285s ago] ('2025-11-16 14:54:07.415496', 1)
2025-11-16 22:54:07,416 - sqlalchemy.engine.Engine - INFO - COMMIT
2025-11-16 22:54:07,417 - sqlalchemy.engine.Engine - INFO - BEGIN (implicit)
2025-11-16 22:54:07,417 - sqlalchemy.engine.Engine - INFO - SELECT users.id, users.username, users.email, users.password_hash, users.role, users.is_active, users.last_login_at, users.created_at, users.updated_at 
FROM users 
WHERE users.id = ?
2025-11-16 22:54:07,417 - sqlalchemy.engine.Engine - INFO - [cached since 3285s ago] (1,)
2025-11-16 22:54:07,418 - sqlalchemy.engine.Engine - INFO - INSERT INTO operation_logs (user_id, operation_type, table_name, record_id, old_data, new_data, ip_address, user_agent, created_at) VALUES (?, ?, ?, ?, ?, ?, ?, ?, CURRENT_TIMESTAMP) RETURNING id, created_at
2025-11-16 22:54:07,418 - sqlalchemy.engine.Engine - INFO - [cached since 3285s ago] (1, 'login', 'users', 1, None, None, None, None)
2025-11-16 22:54:07,418 - sqlalchemy.engine.Engine - INFO - COMMIT
2025-11-16 22:54:07,419 - sqlalchemy.engine.Engine - INFO - BEGIN (implicit)
2025-11-16 22:54:07,419 - sqlalchemy.engine.Engine - INFO - SELECT operation_logs.id, operation_logs.user_id, operation_logs.operation_type, operation_logs.table_name, operation_logs.record_id, operation_logs.old_data, operation_logs.new_data, operation_logs.ip_address, operation_logs.user_agent, operation_logs.created_at 
FROM operation_logs 
WHERE operation_logs.id = ?
2025-11-16 22:54:07,419 - sqlalchemy.engine.Engine - INFO - [cached since 3285s ago] (5,)
2025-11-16 22:54:07,419 - sqlalchemy.engine.Engine - INFO - ROLLBACK
2025-11-16 22:54:07,474 - sqlalchemy.engine.Engine - INFO - BEGIN (implicit)
2025-11-16 22:54:07,474 - sqlalchemy.engine.Engine - INFO - SELECT users.id, users.username, users.email, users.password_hash, users.role, users.is_active, users.last_login_at, users.created_at, users.updated_at 
FROM users 
WHERE users.username = ?
2025-11-16 22:54:07,474 - sqlalchemy.engine.Engine - INFO - [cached since 3285s ago] ('admin',)
2025-11-16 22:54:07,475 - sqlalchemy.engine.Engine - INFO - SELECT drivers.id, drivers.user_id, drivers.name, drivers.phone, drivers.id_card, drivers.license_number, drivers.license_type, drivers.main_route, drivers.vehicle_type, drivers.vehicle_length, drivers.price_per_km, drivers.experience_years, drivers.status, drivers.emergency_contact, drivers.emergency_phone, drivers.remark, drivers.created_at, drivers.updated_at 
FROM drivers ORDER BY drivers.created_at DESC
 LIMIT ? OFFSET ?
2025-11-16 22:54:07,475 - sqlalchemy.engine.Engine - INFO - [cached since 2819s ago] (20, 0)
2025-11-16 22:54:07,476 - sqlalchemy.engine.Engine - INFO - SELECT count(drivers.id) AS count_1 
FROM drivers
2025-11-16 22:54:07,476 - sqlalchemy.engine.Engine - INFO - [cached since 2819s ago] ()
2025-11-16 22:54:07,478 - sqlalchemy.engine.Engine - INFO - ROLLBACK
2025-11-16 22:54:09,176 - sqlalchemy.engine.Engine - INFO - BEGIN (implicit)
2025-11-16 22:54:09,176 - sqlalchemy.engine.Engine - INFO - SELECT users.id, users.username, users.email, users.password_hash, users.role, users.is_active, users.last_login_at, users.created_at, users.updated_at 
FROM users 
WHERE users.username = ?
2025-11-16 22:54:09,176 - sqlalchemy.engine.Engine - INFO - [cached since 3287s ago] ('admin',)
2025-11-16 22:54:09,177 - sqlalchemy.engine.Engine - INFO - ROLLBACK
2025-11-16 22:54:15,941 - sqlalchemy.engine.Engine - INFO - BEGIN (implicit)
2025-11-16 22:54:15,942 - sqlalchemy.engine.Engine - INFO - SELECT users.id, users.username, users.email, users.password_hash, users.role, users.is_active, users.last_login_at, users.created_at, users.updated_at 
FROM users 
WHERE users.username = ?
2025-11-16 22:54:15,943 - sqlalchemy.engine.Engine - INFO - [cached since 3294s ago] ('admin',)
2025-11-16 22:54:15,944 - sqlalchemy.engine.Engine - INFO - SELECT drivers.id, drivers.user_id, drivers.name, drivers.phone, drivers.id_card, drivers.license_number, drivers.license_type, drivers.main_route, drivers.vehicle_type, drivers.vehicle_length, drivers.price_per_km, drivers.experience_years, drivers.status, drivers.emergency_contact, drivers.emergency_phone, drivers.remark, drivers.created_at, drivers.updated_at 
FROM drivers ORDER BY drivers.created_at DESC
 LIMIT ? OFFSET ?
2025-11-16 22:54:15,944 - sqlalchemy.engine.Engine - INFO - [cached since 2827s ago] (20, 0)
2025-11-16 22:54:15,945 - sqlalchemy.engine.Engine - INFO - SELECT count(drivers.id) AS count_1 
FROM drivers
2025-11-16 22:54:15,945 - sqlalchemy.engine.Engine - INFO - [cached since 2827s ago] ()
2025-11-16 22:54:15,947 - sqlalchemy.engine.Engine - INFO - ROLLBACK
2025-11-16 22:55:12,404 - sqlalchemy.engine.Engine - INFO - BEGIN (implicit)
2025-11-16 22:55:12,404 - sqlalchemy.engine.Engine - INFO - SELECT users.id, users.username, users.email, users.password_hash, users.role, users.is_active, users.last_login_at, users.created_at, users.updated_at 
FROM users 
WHERE users.username = ?
2025-11-16 22:55:12,404 - sqlalchemy.engine.Engine - INFO - [cached since 3350s ago] ('admin',)
2025-11-16 22:55:12,405 - sqlalchemy.engine.Engine - INFO - SELECT drivers.id, drivers.user_id, drivers.name, drivers.phone, drivers.id_card, drivers.license_number, drivers.license_type, drivers.main_route, drivers.vehicle_type, drivers.vehicle_length, drivers.price_per_km, drivers.experience_years, drivers.status, drivers.emergency_contact, drivers.emergency_phone, drivers.remark, drivers.created_at, drivers.updated_at 
FROM drivers ORDER BY drivers.created_at DESC
 LIMIT ? OFFSET ?
2025-11-16 22:55:12,405 - sqlalchemy.engine.Engine - INFO - [cached since 2884s ago] (20, 0)
2025-11-16 22:55:12,406 - sqlalchemy.engine.Engine - INFO - SELECT count(drivers.id) AS count_1 
FROM drivers
2025-11-16 22:55:12,406 - sqlalchemy.engine.Engine - INFO - [cached since 2884s ago] ()
2025-11-16 22:55:12,406 - sqlalchemy.engine.Engine - INFO - ROLLBACK
2025-11-16 22:55:14,051 - sqlalchemy.engine.Engine - INFO - BEGIN (implicit)
2025-11-16 22:55:14,052 - sqlalchemy.engine.Engine - INFO - SELECT users.id, users.username, users.email, users.password_hash, users.role, users.is_active, users.last_login_at, users.created_at, users.updated_at 
FROM users 
WHERE users.username = ?
2025-11-16 22:55:14,053 - sqlalchemy.engine.Engine - INFO - [cached since 3352s ago] ('admin',)
2025-11-16 22:55:14,055 - sqlalchemy.engine.Engine - INFO - SELECT drivers.id, drivers.user_id, drivers.name, drivers.phone, drivers.id_card, drivers.license_number, drivers.license_type, drivers.main_route, drivers.vehicle_type, drivers.vehicle_length, drivers.price_per_km, drivers.experience_years, drivers.status, drivers.emergency_contact, drivers.emergency_phone, drivers.remark, drivers.created_at, drivers.updated_at 
FROM drivers ORDER BY drivers.created_at DESC
 LIMIT ? OFFSET ?
2025-11-16 22:55:14,055 - sqlalchemy.engine.Engine - INFO - [cached since 2885s ago] (20, 0)
2025-11-16 22:55:14,056 - sqlalchemy.engine.Engine - INFO - SELECT count(drivers.id) AS count_1 
FROM drivers
2025-11-16 22:55:14,056 - sqlalchemy.engine.Engine - INFO - [cached since 2885s ago] ()
2025-11-16 22:55:14,058 - sqlalchemy.engine.Engine - INFO - ROLLBACK
2025-11-16 22:55:22,939 - sqlalchemy.engine.Engine - INFO - BEGIN (implicit)
2025-11-16 22:55:22,940 - sqlalchemy.engine.Engine - INFO - SELECT users.id, users.username, users.email, users.password_hash, users.role, users.is_active, users.last_login_at, users.created_at, users.updated_at 
FROM users 
WHERE users.username = ?
2025-11-16 22:55:22,940 - sqlalchemy.engine.Engine - INFO - [cached since 3361s ago] ('admin',)
2025-11-16 22:55:23,119 - sqlalchemy.engine.Engine - INFO - UPDATE users SET last_login_at=?, updated_at=CURRENT_TIMESTAMP WHERE users.id = ?
2025-11-16 22:55:23,119 - sqlalchemy.engine.Engine - INFO - [cached since 3361s ago] ('2025-11-16 14:55:23.118932', 1)
2025-11-16 22:55:23,119 - sqlalchemy.engine.Engine - INFO - COMMIT
2025-11-16 22:55:23,120 - sqlalchemy.engine.Engine - INFO - BEGIN (implicit)
2025-11-16 22:55:23,120 - sqlalchemy.engine.Engine - INFO - SELECT users.id, users.username, users.email, users.password_hash, users.role, users.is_active, users.last_login_at, users.created_at, users.updated_at 
FROM users 
WHERE users.id = ?
2025-11-16 22:55:23,120 - sqlalchemy.engine.Engine - INFO - [cached since 3361s ago] (1,)
2025-11-16 22:55:23,121 - sqlalchemy.engine.Engine - INFO - INSERT INTO operation_logs (user_id, operation_type, table_name, record_id, old_data, new_data, ip_address, user_agent, created_at) VALUES (?, ?, ?, ?, ?, ?, ?, ?, CURRENT_TIMESTAMP) RETURNING id, created_at
2025-11-16 22:55:23,121 - sqlalchemy.engine.Engine - INFO - [cached since 3361s ago] (1, 'login', 'users', 1, None, None, None, None)
2025-11-16 22:55:23,121 - sqlalchemy.engine.Engine - INFO - COMMIT
2025-11-16 22:55:23,121 - sqlalchemy.engine.Engine - INFO - BEGIN (implicit)
2025-11-16 22:55:23,122 - sqlalchemy.engine.Engine - INFO - SELECT operation_logs.id, operation_logs.user_id, operation_logs.operation_type, operation_logs.table_name, operation_logs.record_id, operation_logs.old_data, operation_logs.new_data, operation_logs.ip_address, operation_logs.user_agent, operation_logs.created_at 
FROM operation_logs 
WHERE operation_logs.id = ?
2025-11-16 22:55:23,122 - sqlalchemy.engine.Engine - INFO - [cached since 3361s ago] (6,)
2025-11-16 22:55:23,122 - sqlalchemy.engine.Engine - INFO - ROLLBACK
2025-11-16 22:55:23,168 - sqlalchemy.engine.Engine - INFO - BEGIN (implicit)
2025-11-16 22:55:23,169 - sqlalchemy.engine.Engine - INFO - SELECT users.id, users.username, users.email, users.password_hash, users.role, users.is_active, users.last_login_at, users.created_at, users.updated_at 
FROM users 
WHERE users.username = ?
2025-11-16 22:55:23,169 - sqlalchemy.engine.Engine - INFO - [cached since 3361s ago] ('admin',)
2025-11-16 22:55:23,169 - sqlalchemy.engine.Engine - INFO - SELECT drivers.id, drivers.user_id, drivers.name, drivers.phone, drivers.id_card, drivers.license_number, drivers.license_type, drivers.main_route, drivers.vehicle_type, drivers.vehicle_length, drivers.price_per_km, drivers.experience_years, drivers.status, drivers.emergency_contact, drivers.emergency_phone, drivers.remark, drivers.created_at, drivers.updated_at 
FROM drivers ORDER BY drivers.created_at DESC
 LIMIT ? OFFSET ?
2025-11-16 22:55:23,169 - sqlalchemy.engine.Engine - INFO - [cached since 2895s ago] (20, 0)
2025-11-16 22:55:23,170 - sqlalchemy.engine.Engine - INFO - SELECT count(drivers.id) AS count_1 
FROM drivers
2025-11-16 22:55:23,170 - sqlalchemy.engine.Engine - INFO - [cached since 2895s ago] ()
2025-11-16 22:55:23,171 - sqlalchemy.engine.Engine - INFO - ROLLBACK
2025-11-16 22:55:26,265 - sqlalchemy.engine.Engine - INFO - BEGIN (implicit)
2025-11-16 22:55:26,265 - sqlalchemy.engine.Engine - INFO - SELECT users.id, users.username, users.email, users.password_hash, users.role, users.is_active, users.last_login_at, users.created_at, users.updated_at 
FROM users 
WHERE users.username = ?
2025-11-16 22:55:26,266 - sqlalchemy.engine.Engine - INFO - [cached since 3364s ago] ('admin',)
2025-11-16 22:55:26,266 - sqlalchemy.engine.Engine - INFO - ROLLBACK
2025-11-16 22:55:43,958 - sqlalchemy.engine.Engine - INFO - BEGIN (implicit)
2025-11-16 22:55:43,958 - sqlalchemy.engine.Engine - INFO - SELECT users.id, users.username, users.email, users.password_hash, users.role, users.is_active, users.last_login_at, users.created_at, users.updated_at 
FROM users 
WHERE users.username = ?
2025-11-16 22:55:43,958 - sqlalchemy.engine.Engine - INFO - [cached since 3382s ago] ('admin',)
2025-11-16 22:55:43,961 - sqlalchemy.engine.Engine - INFO - ROLLBACK
2025-11-16 22:55:43,968 - sqlalchemy.engine.Engine - INFO - BEGIN (implicit)
2025-11-16 22:55:43,968 - sqlalchemy.engine.Engine - INFO - SELECT users.id, users.username, users.email, users.password_hash, users.role, users.is_active, users.last_login_at, users.created_at, users.updated_at 
FROM users 
WHERE users.username = ?
2025-11-16 22:55:43,968 - sqlalchemy.engine.Engine - INFO - [cached since 3382s ago] ('admin',)
2025-11-16 22:55:43,969 - sqlalchemy.engine.Engine - INFO - ROLLBACK
2025-11-16 22:55:48,486 - sqlalchemy.engine.Engine - INFO - BEGIN (implicit)
2025-11-16 22:55:48,486 - sqlalchemy.engine.Engine - INFO - SELECT users.id, users.username, users.email, users.password_hash, users.role, users.is_active, users.last_login_at, users.created_at, users.updated_at 
FROM users 
WHERE users.username = ?
2025-11-16 22:55:48,486 - sqlalchemy.engine.Engine - INFO - [cached since 3386s ago] ('admin',)
2025-11-16 22:55:48,488 - sqlalchemy.engine.Engine - INFO - ROLLBACK
2025-11-16 22:55:50,759 - sqlalchemy.engine.Engine - INFO - BEGIN (implicit)
2025-11-16 22:55:50,759 - sqlalchemy.engine.Engine - INFO - SELECT users.id, users.username, users.email, users.password_hash, users.role, users.is_active, users.last_login_at, users.created_at, users.updated_at 
FROM users 
WHERE users.username = ?
2025-11-16 22:55:50,759 - sqlalchemy.engine.Engine - INFO - [cached since 3389s ago] ('admin',)
2025-11-16 22:55:50,759 - sqlalchemy.engine.Engine - INFO - ROLLBACK
2025-11-16 22:55:50,762 - sqlalchemy.engine.Engine - INFO - BEGIN (implicit)
2025-11-16 22:55:50,762 - sqlalchemy.engine.Engine - INFO - SELECT users.id, users.username, users.email, users.password_hash, users.role, users.is_active, users.last_login_at, users.created_at, users.updated_at 
FROM users 
WHERE users.username = ?
2025-11-16 22:55:50,762 - sqlalchemy.engine.Engine - INFO - [cached since 3389s ago] ('admin',)
2025-11-16 22:55:50,762 - sqlalchemy.engine.Engine - INFO - ROLLBACK
2025-11-16 22:55:51,551 - sqlalchemy.engine.Engine - INFO - BEGIN (implicit)
2025-11-16 22:55:51,552 - sqlalchemy.engine.Engine - INFO - SELECT users.id, users.username, users.email, users.password_hash, users.role, users.is_active, users.last_login_at, users.created_at, users.updated_at 
FROM users 
WHERE users.username = ?
2025-11-16 22:55:51,552 - sqlalchemy.engine.Engine - INFO - [cached since 3389s ago] ('admin',)
2025-11-16 22:55:51,552 - sqlalchemy.engine.Engine - INFO - ROLLBACK
2025-11-16 22:55:52,311 - sqlalchemy.engine.Engine - INFO - BEGIN (implicit)
2025-11-16 22:55:52,311 - sqlalchemy.engine.Engine - INFO - SELECT users.id, users.username, users.email, users.password_hash, users.role, users.is_active, users.last_login_at, users.created_at, users.updated_at 
FROM users 
WHERE users.username = ?
2025-11-16 22:55:52,311 - sqlalchemy.engine.Engine - INFO - [cached since 3390s ago] ('admin',)
2025-11-16 22:55:52,312 - sqlalchemy.engine.Engine - INFO - ROLLBACK
2025-11-16 22:55:55,956 - sqlalchemy.engine.Engine - INFO - BEGIN (implicit)
2025-11-16 22:55:55,956 - sqlalchemy.engine.Engine - INFO - SELECT users.id, users.username, users.email, users.password_hash, users.role, users.is_active, users.last_login_at, users.created_at, users.updated_at 
FROM users 
WHERE users.username = ?
2025-11-16 22:55:55,956 - sqlalchemy.engine.Engine - INFO - [cached since 3394s ago] ('admin',)
2025-11-16 22:55:55,957 - sqlalchemy.engine.Engine - INFO - ROLLBACK
2025-11-16 22:57:11,302 - sqlalchemy.engine.Engine - INFO - BEGIN (implicit)
2025-11-16 22:57:11,302 - sqlalchemy.engine.Engine - INFO - SELECT users.id, users.username, users.email, users.password_hash, users.role, users.is_active, users.last_login_at, users.created_at, users.updated_at 
FROM users 
WHERE users.username = ?
2025-11-16 22:57:11,302 - sqlalchemy.engine.Engine - INFO - [cached since 3469s ago] ('admin',)
2025-11-16 22:57:11,303 - sqlalchemy.engine.Engine - INFO - ROLLBACK
2025-11-16 22:57:11,378 - sqlalchemy.engine.Engine - INFO - BEGIN (implicit)
2025-11-16 22:57:11,379 - sqlalchemy.engine.Engine - INFO - SELECT users.id, users.username, users.email, users.password_hash, users.role, users.is_active, users.last_login_at, users.created_at, users.updated_at 
FROM users 
WHERE users.username = ?
2025-11-16 22:57:11,380 - sqlalchemy.engine.Engine - INFO - [cached since 3469s ago] ('admin',)
2025-11-16 22:57:11,383 - sqlalchemy.engine.Engine - INFO - ROLLBACK
2025-11-16 22:57:11,383 - sqlalchemy.engine.Engine - INFO - BEGIN (implicit)
2025-11-16 22:57:11,383 - sqlalchemy.engine.Engine - INFO - SELECT users.id, users.username, users.email, users.password_hash, users.role, users.is_active, users.last_login_at, users.created_at, users.updated_at 
FROM users 
WHERE users.username = ?
2025-11-16 22:57:11,383 - sqlalchemy.engine.Engine - INFO - [cached since 3469s ago] ('admin',)
2025-11-16 22:57:11,384 - sqlalchemy.engine.Engine - INFO - SELECT drivers.id, drivers.user_id, drivers.name, drivers.phone, drivers.id_card, drivers.license_number, drivers.license_type, drivers.main_route, drivers.vehicle_type, drivers.vehicle_length, drivers.price_per_km, drivers.experience_years, drivers.status, drivers.emergency_contact, drivers.emergency_phone, drivers.remark, drivers.created_at, drivers.updated_at 
FROM drivers ORDER BY drivers.created_at DESC
 LIMIT ? OFFSET ?
2025-11-16 22:57:11,384 - sqlalchemy.engine.Engine - INFO - [cached since 3003s ago] (20, 0)
2025-11-16 22:57:11,384 - sqlalchemy.engine.Engine - INFO - SELECT count(drivers.id) AS count_1 
FROM drivers
2025-11-16 22:57:11,385 - sqlalchemy.engine.Engine - INFO - [cached since 3003s ago] ()
2025-11-16 22:57:11,385 - sqlalchemy.engine.Engine - INFO - ROLLBACK
2025-11-16 22:57:12,689 - sqlalchemy.engine.Engine - INFO - BEGIN (implicit)
2025-11-16 22:57:12,690 - sqlalchemy.engine.Engine - INFO - SELECT users.id, users.username, users.email, users.password_hash, users.role, users.is_active, users.last_login_at, users.created_at, users.updated_at 
FROM users 
WHERE users.username = ?
2025-11-16 22:57:12,690 - sqlalchemy.engine.Engine - INFO - [cached since 3471s ago] ('admin',)
2025-11-16 22:57:12,691 - sqlalchemy.engine.Engine - INFO - ROLLBACK
2025-11-16 22:57:24,170 - sqlalchemy.engine.Engine - INFO - BEGIN (implicit)
2025-11-16 22:57:24,171 - sqlalchemy.engine.Engine - INFO - SELECT users.id, users.username, users.email, users.password_hash, users.role, users.is_active, users.last_login_at, users.created_at, users.updated_at 
FROM users 
WHERE users.username = ?
2025-11-16 22:57:24,171 - sqlalchemy.engine.Engine - INFO - [cached since 3482s ago] ('admin',)
2025-11-16 22:57:24,342 - sqlalchemy.engine.Engine - INFO - UPDATE users SET last_login_at=?, updated_at=CURRENT_TIMESTAMP WHERE users.id = ?
2025-11-16 22:57:24,342 - sqlalchemy.engine.Engine - INFO - [cached since 3482s ago] ('2025-11-16 14:57:24.342657', 1)
2025-11-16 22:57:24,343 - sqlalchemy.engine.Engine - INFO - COMMIT
2025-11-16 22:57:24,344 - sqlalchemy.engine.Engine - INFO - BEGIN (implicit)
2025-11-16 22:57:24,344 - sqlalchemy.engine.Engine - INFO - SELECT users.id, users.username, users.email, users.password_hash, users.role, users.is_active, users.last_login_at, users.created_at, users.updated_at 
FROM users 
WHERE users.id = ?
2025-11-16 22:57:24,344 - sqlalchemy.engine.Engine - INFO - [cached since 3482s ago] (1,)
2025-11-16 22:57:24,345 - sqlalchemy.engine.Engine - INFO - INSERT INTO operation_logs (user_id, operation_type, table_name, record_id, old_data, new_data, ip_address, user_agent, created_at) VALUES (?, ?, ?, ?, ?, ?, ?, ?, CURRENT_TIMESTAMP) RETURNING id, created_at
2025-11-16 22:57:24,345 - sqlalchemy.engine.Engine - INFO - [cached since 3482s ago] (1, 'login', 'users', 1, None, None, None, None)
2025-11-16 22:57:24,345 - sqlalchemy.engine.Engine - INFO - COMMIT
2025-11-16 22:57:24,346 - sqlalchemy.engine.Engine - INFO - BEGIN (implicit)
2025-11-16 22:57:24,346 - sqlalchemy.engine.Engine - INFO - SELECT operation_logs.id, operation_logs.user_id, operation_logs.operation_type, operation_logs.table_name, operation_logs.record_id, operation_logs.old_data, operation_logs.new_data, operation_logs.ip_address, operation_logs.user_agent, operation_logs.created_at 
FROM operation_logs 
WHERE operation_logs.id = ?
2025-11-16 22:57:24,346 - sqlalchemy.engine.Engine - INFO - [cached since 3482s ago] (7,)
2025-11-16 22:57:24,346 - sqlalchemy.engine.Engine - INFO - ROLLBACK
2025-11-16 22:57:24,394 - sqlalchemy.engine.Engine - INFO - BEGIN (implicit)
2025-11-16 22:57:24,396 - sqlalchemy.engine.Engine - INFO - SELECT users.id, users.username, users.email, users.password_hash, users.role, users.is_active, users.last_login_at, users.created_at, users.updated_at 
FROM users 
WHERE users.username = ?
2025-11-16 22:57:24,396 - sqlalchemy.engine.Engine - INFO - [cached since 3482s ago] ('admin',)
2025-11-16 22:57:24,398 - sqlalchemy.engine.Engine - INFO - ROLLBACK
2025-11-16 22:57:24,399 - sqlalchemy.engine.Engine - INFO - BEGIN (implicit)
2025-11-16 22:57:24,399 - sqlalchemy.engine.Engine - INFO - SELECT users.id, users.username, users.email, users.password_hash, users.role, users.is_active, users.last_login_at, users.created_at, users.updated_at 
FROM users 
WHERE users.username = ?
2025-11-16 22:57:24,399 - sqlalchemy.engine.Engine - INFO - [cached since 3482s ago] ('admin',)
2025-11-16 22:57:24,401 - sqlalchemy.engine.Engine - INFO - SELECT drivers.id, drivers.user_id, drivers.name, drivers.phone, drivers.id_card, drivers.license_number, drivers.license_type, drivers.main_route, drivers.vehicle_type, drivers.vehicle_length, drivers.price_per_km, drivers.experience_years, drivers.status, drivers.emergency_contact, drivers.emergency_phone, drivers.remark, drivers.created_at, drivers.updated_at 
FROM drivers ORDER BY drivers.created_at DESC
 LIMIT ? OFFSET ?
2025-11-16 22:57:24,401 - sqlalchemy.engine.Engine - INFO - [cached since 3016s ago] (20, 0)
2025-11-16 22:57:24,402 - sqlalchemy.engine.Engine - INFO - SELECT count(drivers.id) AS count_1 
FROM drivers
2025-11-16 22:57:24,402 - sqlalchemy.engine.Engine - INFO - [cached since 3016s ago] ()
2025-11-16 22:57:24,404 - sqlalchemy.engine.Engine - INFO - ROLLBACK
2025-11-16 22:57:32,345 - sqlalchemy.engine.Engine - INFO - BEGIN (implicit)
2025-11-16 22:57:32,345 - sqlalchemy.engine.Engine - INFO - SELECT users.id, users.username, users.email, users.password_hash, users.role, users.is_active, users.last_login_at, users.created_at, users.updated_at 
FROM users 
WHERE users.username = ?
2025-11-16 22:57:32,345 - sqlalchemy.engine.Engine - INFO - [cached since 3490s ago] ('admin',)
2025-11-16 22:57:32,519 - sqlalchemy.engine.Engine - INFO - UPDATE users SET last_login_at=?, updated_at=CURRENT_TIMESTAMP WHERE users.id = ?
2025-11-16 22:57:32,519 - sqlalchemy.engine.Engine - INFO - [cached since 3490s ago] ('2025-11-16 14:57:32.519404', 1)
2025-11-16 22:57:32,520 - sqlalchemy.engine.Engine - INFO - COMMIT
2025-11-16 22:57:32,521 - sqlalchemy.engine.Engine - INFO - BEGIN (implicit)
2025-11-16 22:57:32,521 - sqlalchemy.engine.Engine - INFO - SELECT users.id, users.username, users.email, users.password_hash, users.role, users.is_active, users.last_login_at, users.created_at, users.updated_at 
FROM users 
WHERE users.id = ?
2025-11-16 22:57:32,521 - sqlalchemy.engine.Engine - INFO - [cached since 3490s ago] (1,)
2025-11-16 22:57:32,521 - sqlalchemy.engine.Engine - INFO - INSERT INTO operation_logs (user_id, operation_type, table_name, record_id, old_data, new_data, ip_address, user_agent, created_at) VALUES (?, ?, ?, ?, ?, ?, ?, ?, CURRENT_TIMESTAMP) RETURNING id, created_at
2025-11-16 22:57:32,521 - sqlalchemy.engine.Engine - INFO - [cached since 3490s ago] (1, 'login', 'users', 1, None, None, None, None)
2025-11-16 22:57:32,521 - sqlalchemy.engine.Engine - INFO - COMMIT
2025-11-16 22:57:32,522 - sqlalchemy.engine.Engine - INFO - BEGIN (implicit)
2025-11-16 22:57:32,522 - sqlalchemy.engine.Engine - INFO - SELECT operation_logs.id, operation_logs.user_id, operation_logs.operation_type, operation_logs.table_name, operation_logs.record_id, operation_logs.old_data, operation_logs.new_data, operation_logs.ip_address, operation_logs.user_agent, operation_logs.created_at 
FROM operation_logs 
WHERE operation_logs.id = ?
2025-11-16 22:57:32,522 - sqlalchemy.engine.Engine - INFO - [cached since 3490s ago] (8,)
2025-11-16 22:57:32,523 - sqlalchemy.engine.Engine - INFO - ROLLBACK
2025-11-16 22:57:32,564 - sqlalchemy.engine.Engine - INFO - BEGIN (implicit)
2025-11-16 22:57:32,564 - sqlalchemy.engine.Engine - INFO - SELECT users.id, users.username, users.email, users.password_hash, users.role, users.is_active, users.last_login_at, users.created_at, users.updated_at 
FROM users 
WHERE users.username = ?
2025-11-16 22:57:32,564 - sqlalchemy.engine.Engine - INFO - [cached since 3490s ago] ('admin',)
2025-11-16 22:57:32,566 - sqlalchemy.engine.Engine - INFO - ROLLBACK
2025-11-16 22:57:32,573 - sqlalchemy.engine.Engine - INFO - BEGIN (implicit)
2025-11-16 22:57:32,574 - sqlalchemy.engine.Engine - INFO - SELECT users.id, users.username, users.email, users.password_hash, users.role, users.is_active, users.last_login_at, users.created_at, users.updated_at 
FROM users 
WHERE users.username = ?
2025-11-16 22:57:32,574 - sqlalchemy.engine.Engine - INFO - [cached since 3491s ago] ('admin',)
2025-11-16 22:57:32,576 - sqlalchemy.engine.Engine - INFO - SELECT drivers.id, drivers.user_id, drivers.name, drivers.phone, drivers.id_card, drivers.license_number, drivers.license_type, drivers.main_route, drivers.vehicle_type, drivers.vehicle_length, drivers.price_per_km, drivers.experience_years, drivers.status, drivers.emergency_contact, drivers.emergency_phone, drivers.remark, drivers.created_at, drivers.updated_at 
FROM drivers ORDER BY drivers.created_at DESC
 LIMIT ? OFFSET ?
2025-11-16 22:57:32,576 - sqlalchemy.engine.Engine - INFO - [cached since 3024s ago] (20, 0)
2025-11-16 22:57:32,577 - sqlalchemy.engine.Engine - INFO - SELECT count(drivers.id) AS count_1 
FROM drivers
2025-11-16 22:57:32,577 - sqlalchemy.engine.Engine - INFO - [cached since 3024s ago] ()
2025-11-16 22:57:32,578 - sqlalchemy.engine.Engine - INFO - ROLLBACK
2025-11-16 22:57:35,998 - sqlalchemy.engine.Engine - INFO - BEGIN (implicit)
2025-11-16 22:57:35,998 - sqlalchemy.engine.Engine - INFO - SELECT users.id, users.username, users.email, users.password_hash, users.role, users.is_active, users.last_login_at, users.created_at, users.updated_at 
FROM users 
WHERE users.username = ?
2025-11-16 22:57:35,998 - sqlalchemy.engine.Engine - INFO - [cached since 3494s ago] ('admin',)
2025-11-16 22:57:35,999 - sqlalchemy.engine.Engine - INFO - ROLLBACK
2025-11-16 22:57:36,711 - sqlalchemy.engine.Engine - INFO - BEGIN (implicit)
2025-11-16 22:57:36,712 - sqlalchemy.engine.Engine - INFO - SELECT users.id, users.username, users.email, users.password_hash, users.role, users.is_active, users.last_login_at, users.created_at, users.updated_at 
FROM users 
WHERE users.username = ?
2025-11-16 22:57:36,712 - sqlalchemy.engine.Engine - INFO - [cached since 3495s ago] ('admin',)
2025-11-16 22:57:36,713 - sqlalchemy.engine.Engine - INFO - ROLLBACK
2025-11-16 22:57:36,755 - sqlalchemy.engine.Engine - INFO - BEGIN (implicit)
2025-11-16 22:57:36,755 - sqlalchemy.engine.Engine - INFO - SELECT users.id, users.username, users.email, users.password_hash, users.role, users.is_active, users.last_login_at, users.created_at, users.updated_at 
FROM users 
WHERE users.username = ?
2025-11-16 22:57:36,755 - sqlalchemy.engine.Engine - INFO - [cached since 3495s ago] ('admin',)
2025-11-16 22:57:36,756 - sqlalchemy.engine.Engine - INFO - SELECT drivers.id, drivers.user_id, drivers.name, drivers.phone, drivers.id_card, drivers.license_number, drivers.license_type, drivers.main_route, drivers.vehicle_type, drivers.vehicle_length, drivers.price_per_km, drivers.experience_years, drivers.status, drivers.emergency_contact, drivers.emergency_phone, drivers.remark, drivers.created_at, drivers.updated_at 
FROM drivers ORDER BY drivers.created_at DESC
 LIMIT ? OFFSET ?
2025-11-16 22:57:36,756 - sqlalchemy.engine.Engine - INFO - [cached since 3028s ago] (20, 0)
2025-11-16 22:57:36,757 - sqlalchemy.engine.Engine - INFO - SELECT count(drivers.id) AS count_1 
FROM drivers
2025-11-16 22:57:36,757 - sqlalchemy.engine.Engine - INFO - [cached since 3028s ago] ()
2025-11-16 22:57:36,758 - sqlalchemy.engine.Engine - INFO - ROLLBACK
2025-11-16 22:58:17,434 - sqlalchemy.engine.Engine - INFO - BEGIN (implicit)
2025-11-16 22:58:17,434 - sqlalchemy.engine.Engine - INFO - SELECT users.id, users.username, users.email, users.password_hash, users.role, users.is_active, users.last_login_at, users.created_at, users.updated_at 
FROM users 
WHERE users.username = ?
2025-11-16 22:58:17,434 - sqlalchemy.engine.Engine - INFO - [cached since 3535s ago] ('admin',)
2025-11-16 22:58:17,607 - sqlalchemy.engine.Engine - INFO - UPDATE users SET last_login_at=?, updated_at=CURRENT_TIMESTAMP WHERE users.id = ?
2025-11-16 22:58:17,607 - sqlalchemy.engine.Engine - INFO - [cached since 3535s ago] ('2025-11-16 14:58:17.607400', 1)
2025-11-16 22:58:17,608 - sqlalchemy.engine.Engine - INFO - COMMIT
2025-11-16 22:58:17,609 - sqlalchemy.engine.Engine - INFO - BEGIN (implicit)
2025-11-16 22:58:17,609 - sqlalchemy.engine.Engine - INFO - SELECT users.id, users.username, users.email, users.password_hash, users.role, users.is_active, users.last_login_at, users.created_at, users.updated_at 
FROM users 
WHERE users.id = ?
2025-11-16 22:58:17,609 - sqlalchemy.engine.Engine - INFO - [cached since 3535s ago] (1,)
2025-11-16 22:58:17,610 - sqlalchemy.engine.Engine - INFO - INSERT INTO operation_logs (user_id, operation_type, table_name, record_id, old_data, new_data, ip_address, user_agent, created_at) VALUES (?, ?, ?, ?, ?, ?, ?, ?, CURRENT_TIMESTAMP) RETURNING id, created_at
2025-11-16 22:58:17,610 - sqlalchemy.engine.Engine - INFO - [cached since 3535s ago] (1, 'login', 'users', 1, None, None, None, None)
2025-11-16 22:58:17,610 - sqlalchemy.engine.Engine - INFO - COMMIT
2025-11-16 22:58:17,611 - sqlalchemy.engine.Engine - INFO - BEGIN (implicit)
2025-11-16 22:58:17,611 - sqlalchemy.engine.Engine - INFO - SELECT operation_logs.id, operation_logs.user_id, operation_logs.operation_type, operation_logs.table_name, operation_logs.record_id, operation_logs.old_data, operation_logs.new_data, operation_logs.ip_address, operation_logs.user_agent, operation_logs.created_at 
FROM operation_logs 
WHERE operation_logs.id = ?
2025-11-16 22:58:17,611 - sqlalchemy.engine.Engine - INFO - [cached since 3535s ago] (9,)
2025-11-16 22:58:17,612 - sqlalchemy.engine.Engine - INFO - ROLLBACK
2025-11-16 22:58:17,735 - sqlalchemy.engine.Engine - INFO - BEGIN (implicit)
2025-11-16 22:58:17,736 - sqlalchemy.engine.Engine - INFO - SELECT users.id, users.username, users.email, users.password_hash, users.role, users.is_active, users.last_login_at, users.created_at, users.updated_at 
FROM users 
WHERE users.username = ?
2025-11-16 22:58:17,736 - sqlalchemy.engine.Engine - INFO - [cached since 3536s ago] ('admin',)
2025-11-16 22:58:17,737 - sqlalchemy.engine.Engine - INFO - ROLLBACK
2025-11-16 22:58:17,738 - sqlalchemy.engine.Engine - INFO - BEGIN (implicit)
2025-11-16 22:58:17,738 - sqlalchemy.engine.Engine - INFO - SELECT users.id, users.username, users.email, users.password_hash, users.role, users.is_active, users.last_login_at, users.created_at, users.updated_at 
FROM users 
WHERE users.username = ?
2025-11-16 22:58:17,738 - sqlalchemy.engine.Engine - INFO - [cached since 3536s ago] ('admin',)
2025-11-16 22:58:17,739 - sqlalchemy.engine.Engine - INFO - SELECT drivers.id, drivers.user_id, drivers.name, drivers.phone, drivers.id_card, drivers.license_number, drivers.license_type, drivers.main_route, drivers.vehicle_type, drivers.vehicle_length, drivers.price_per_km, drivers.experience_years, drivers.status, drivers.emergency_contact, drivers.emergency_phone, drivers.remark, drivers.created_at, drivers.updated_at 
FROM drivers ORDER BY drivers.created_at DESC
 LIMIT ? OFFSET ?
2025-11-16 22:58:17,739 - sqlalchemy.engine.Engine - INFO - [cached since 3069s ago] (20, 0)
2025-11-16 22:58:17,740 - sqlalchemy.engine.Engine - INFO - SELECT count(drivers.id) AS count_1 
FROM drivers
2025-11-16 22:58:17,741 - sqlalchemy.engine.Engine - INFO - [cached since 3069s ago] ()
2025-11-16 22:58:17,742 - sqlalchemy.engine.Engine - INFO - ROLLBACK
2025-11-16 22:59:26,748 - sqlalchemy.engine.Engine - INFO - BEGIN (implicit)
2025-11-16 22:59:26,749 - sqlalchemy.engine.Engine - INFO - SELECT users.id, users.username, users.email, users.password_hash, users.role, users.is_active, users.last_login_at, users.created_at, users.updated_at 
FROM users 
WHERE users.username = ?
2025-11-16 22:59:26,749 - sqlalchemy.engine.Engine - INFO - [cached since 3605s ago] ('admin',)
2025-11-16 22:59:26,749 - sqlalchemy.engine.Engine - INFO - ROLLBACK
2025-11-16 22:59:26,830 - sqlalchemy.engine.Engine - INFO - BEGIN (implicit)
2025-11-16 22:59:26,831 - sqlalchemy.engine.Engine - INFO - SELECT users.id, users.username, users.email, users.password_hash, users.role, users.is_active, users.last_login_at, users.created_at, users.updated_at 
FROM users 
WHERE users.username = ?
2025-11-16 22:59:26,831 - sqlalchemy.engine.Engine - INFO - [cached since 3605s ago] ('admin',)
2025-11-16 22:59:26,831 - sqlalchemy.engine.Engine - INFO - BEGIN (implicit)
2025-11-16 22:59:26,831 - sqlalchemy.engine.Engine - INFO - SELECT users.id, users.username, users.email, users.password_hash, users.role, users.is_active, users.last_login_at, users.created_at, users.updated_at 
FROM users 
WHERE users.username = ?
2025-11-16 22:59:26,832 - sqlalchemy.engine.Engine - INFO - [cached since 3605s ago] ('admin',)
2025-11-16 22:59:26,833 - sqlalchemy.engine.Engine - INFO - ROLLBACK
2025-11-16 22:59:26,834 - sqlalchemy.engine.Engine - INFO - SELECT drivers.id, drivers.user_id, drivers.name, drivers.phone, drivers.id_card, drivers.license_number, drivers.license_type, drivers.main_route, drivers.vehicle_type, drivers.vehicle_length, drivers.price_per_km, drivers.experience_years, drivers.status, drivers.emergency_contact, drivers.emergency_phone, drivers.remark, drivers.created_at, drivers.updated_at 
FROM drivers ORDER BY drivers.created_at DESC
 LIMIT ? OFFSET ?
2025-11-16 22:59:26,834 - sqlalchemy.engine.Engine - INFO - [cached since 3138s ago] (20, 0)
2025-11-16 22:59:26,834 - sqlalchemy.engine.Engine - INFO - SELECT count(drivers.id) AS count_1 
FROM drivers
2025-11-16 22:59:26,834 - sqlalchemy.engine.Engine - INFO - [cached since 3138s ago] ()
2025-11-16 22:59:26,835 - sqlalchemy.engine.Engine - INFO - ROLLBACK
2025-11-16 22:59:34,707 - sqlalchemy.engine.Engine - INFO - BEGIN (implicit)
2025-11-16 22:59:34,707 - sqlalchemy.engine.Engine - INFO - SELECT users.id, users.username, users.email, users.password_hash, users.role, users.is_active, users.last_login_at, users.created_at, users.updated_at 
FROM users 
WHERE users.username = ?
2025-11-16 22:59:34,707 - sqlalchemy.engine.Engine - INFO - [cached since 3613s ago] ('admin',)
2025-11-16 22:59:34,897 - sqlalchemy.engine.Engine - INFO - UPDATE users SET last_login_at=?, updated_at=CURRENT_TIMESTAMP WHERE users.id = ?
2025-11-16 22:59:34,897 - sqlalchemy.engine.Engine - INFO - [cached since 3613s ago] ('2025-11-16 14:59:34.896959', 1)
2025-11-16 22:59:34,897 - sqlalchemy.engine.Engine - INFO - COMMIT
2025-11-16 22:59:34,899 - sqlalchemy.engine.Engine - INFO - BEGIN (implicit)
2025-11-16 22:59:34,899 - sqlalchemy.engine.Engine - INFO - SELECT users.id, users.username, users.email, users.password_hash, users.role, users.is_active, users.last_login_at, users.created_at, users.updated_at 
FROM users 
WHERE users.id = ?
2025-11-16 22:59:34,899 - sqlalchemy.engine.Engine - INFO - [cached since 3613s ago] (1,)
2025-11-16 22:59:34,899 - sqlalchemy.engine.Engine - INFO - INSERT INTO operation_logs (user_id, operation_type, table_name, record_id, old_data, new_data, ip_address, user_agent, created_at) VALUES (?, ?, ?, ?, ?, ?, ?, ?, CURRENT_TIMESTAMP) RETURNING id, created_at
2025-11-16 22:59:34,899 - sqlalchemy.engine.Engine - INFO - [cached since 3613s ago] (1, 'login', 'users', 1, None, None, None, None)
2025-11-16 22:59:34,900 - sqlalchemy.engine.Engine - INFO - COMMIT
2025-11-16 22:59:34,901 - sqlalchemy.engine.Engine - INFO - BEGIN (implicit)
2025-11-16 22:59:34,901 - sqlalchemy.engine.Engine - INFO - SELECT operation_logs.id, operation_logs.user_id, operation_logs.operation_type, operation_logs.table_name, operation_logs.record_id, operation_logs.old_data, operation_logs.new_data, operation_logs.ip_address, operation_logs.user_agent, operation_logs.created_at 
FROM operation_logs 
WHERE operation_logs.id = ?
2025-11-16 22:59:34,901 - sqlalchemy.engine.Engine - INFO - [cached since 3613s ago] (10,)
2025-11-16 22:59:34,901 - sqlalchemy.engine.Engine - INFO - ROLLBACK
2025-11-16 22:59:34,952 - sqlalchemy.engine.Engine - INFO - BEGIN (implicit)
2025-11-16 22:59:34,952 - sqlalchemy.engine.Engine - INFO - SELECT users.id, users.username, users.email, users.password_hash, users.role, users.is_active, users.last_login_at, users.created_at, users.updated_at 
FROM users 
WHERE users.username = ?
2025-11-16 22:59:34,952 - sqlalchemy.engine.Engine - INFO - [cached since 3613s ago] ('admin',)
2025-11-16 22:59:34,953 - sqlalchemy.engine.Engine - INFO - BEGIN (implicit)
2025-11-16 22:59:34,953 - sqlalchemy.engine.Engine - INFO - SELECT users.id, users.username, users.email, users.password_hash, users.role, users.is_active, users.last_login_at, users.created_at, users.updated_at 
FROM users 
WHERE users.username = ?
2025-11-16 22:59:34,953 - sqlalchemy.engine.Engine - INFO - [cached since 3613s ago] ('admin',)
2025-11-16 22:59:34,954 - sqlalchemy.engine.Engine - INFO - ROLLBACK
2025-11-16 22:59:34,956 - sqlalchemy.engine.Engine - INFO - SELECT drivers.id, drivers.user_id, drivers.name, drivers.phone, drivers.id_card, drivers.license_number, drivers.license_type, drivers.main_route, drivers.vehicle_type, drivers.vehicle_length, drivers.price_per_km, drivers.experience_years, drivers.status, drivers.emergency_contact, drivers.emergency_phone, drivers.remark, drivers.created_at, drivers.updated_at 
FROM drivers ORDER BY drivers.created_at DESC
 LIMIT ? OFFSET ?
2025-11-16 22:59:34,956 - sqlalchemy.engine.Engine - INFO - [cached since 3146s ago] (20, 0)
2025-11-16 22:59:34,958 - sqlalchemy.engine.Engine - INFO - SELECT count(drivers.id) AS count_1 
FROM drivers
2025-11-16 22:59:34,958 - sqlalchemy.engine.Engine - INFO - [cached since 3146s ago] ()
2025-11-16 22:59:34,959 - sqlalchemy.engine.Engine - INFO - ROLLBACK
2025-11-16 22:59:37,084 - sqlalchemy.engine.Engine - INFO - BEGIN (implicit)
2025-11-16 22:59:37,084 - sqlalchemy.engine.Engine - INFO - SELECT users.id, users.username, users.email, users.password_hash, users.role, users.is_active, users.last_login_at, users.created_at, users.updated_at 
FROM users 
WHERE users.username = ?
2025-11-16 22:59:37,084 - sqlalchemy.engine.Engine - INFO - [cached since 3615s ago] ('admin',)
2025-11-16 22:59:37,084 - sqlalchemy.engine.Engine - INFO - ROLLBACK
2025-11-16 22:59:37,843 - sqlalchemy.engine.Engine - INFO - BEGIN (implicit)
2025-11-16 22:59:37,843 - sqlalchemy.engine.Engine - INFO - SELECT users.id, users.username, users.email, users.password_hash, users.role, users.is_active, users.last_login_at, users.created_at, users.updated_at 
FROM users 
WHERE users.username = ?
2025-11-16 22:59:37,844 - sqlalchemy.engine.Engine - INFO - [cached since 3616s ago] ('admin',)
2025-11-16 22:59:37,845 - sqlalchemy.engine.Engine - INFO - ROLLBACK
2025-11-16 22:59:37,880 - sqlalchemy.engine.Engine - INFO - BEGIN (implicit)
2025-11-16 22:59:37,880 - sqlalchemy.engine.Engine - INFO - SELECT users.id, users.username, users.email, users.password_hash, users.role, users.is_active, users.last_login_at, users.created_at, users.updated_at 
FROM users 
WHERE users.username = ?
2025-11-16 22:59:37,880 - sqlalchemy.engine.Engine - INFO - [cached since 3616s ago] ('admin',)
2025-11-16 22:59:37,881 - sqlalchemy.engine.Engine - INFO - SELECT drivers.id, drivers.user_id, drivers.name, drivers.phone, drivers.id_card, drivers.license_number, drivers.license_type, drivers.main_route, drivers.vehicle_type, drivers.vehicle_length, drivers.price_per_km, drivers.experience_years, drivers.status, drivers.emergency_contact, drivers.emergency_phone, drivers.remark, drivers.created_at, drivers.updated_at 
FROM drivers ORDER BY drivers.created_at DESC
 LIMIT ? OFFSET ?
2025-11-16 22:59:37,881 - sqlalchemy.engine.Engine - INFO - [cached since 3149s ago] (20, 0)
2025-11-16 22:59:37,881 - sqlalchemy.engine.Engine - INFO - SELECT count(drivers.id) AS count_1 
FROM drivers
2025-11-16 22:59:37,881 - sqlalchemy.engine.Engine - INFO - [cached since 3149s ago] ()
2025-11-16 22:59:37,882 - sqlalchemy.engine.Engine - INFO - ROLLBACK
2025-11-16 22:59:38,884 - sqlalchemy.engine.Engine - INFO - BEGIN (implicit)
2025-11-16 22:59:38,885 - sqlalchemy.engine.Engine - INFO - SELECT users.id, users.username, users.email, users.password_hash, users.role, users.is_active, users.last_login_at, users.created_at, users.updated_at 
FROM users 
WHERE users.username = ?
2025-11-16 22:59:38,885 - sqlalchemy.engine.Engine - INFO - [cached since 3617s ago] ('admin',)
2025-11-16 22:59:38,887 - sqlalchemy.engine.Engine - INFO - ROLLBACK
2025-11-16 22:59:38,913 - sqlalchemy.engine.Engine - INFO - BEGIN (implicit)
2025-11-16 22:59:38,913 - sqlalchemy.engine.Engine - INFO - SELECT users.id, users.username, users.email, users.password_hash, users.role, users.is_active, users.last_login_at, users.created_at, users.updated_at 
FROM users 
WHERE users.username = ?
2025-11-16 22:59:38,913 - sqlalchemy.engine.Engine - INFO - [cached since 3617s ago] ('admin',)
2025-11-16 22:59:38,914 - sqlalchemy.engine.Engine - INFO - SELECT drivers.id, drivers.user_id, drivers.name, drivers.phone, drivers.id_card, drivers.license_number, drivers.license_type, drivers.main_route, drivers.vehicle_type, drivers.vehicle_length, drivers.price_per_km, drivers.experience_years, drivers.status, drivers.emergency_contact, drivers.emergency_phone, drivers.remark, drivers.created_at, drivers.updated_at 
FROM drivers 
WHERE drivers.id = ?
2025-11-16 22:59:38,914 - sqlalchemy.engine.Engine - INFO - [cached since 2086s ago] (5,)
2025-11-16 22:59:38,915 - sqlalchemy.engine.Engine - INFO - ROLLBACK
2025-11-16 22:59:38,926 - sqlalchemy.engine.Engine - INFO - BEGIN (implicit)
2025-11-16 22:59:38,926 - sqlalchemy.engine.Engine - INFO - SELECT users.id, users.username, users.email, users.password_hash, users.role, users.is_active, users.last_login_at, users.created_at, users.updated_at 
FROM users 
WHERE users.username = ?
2025-11-16 22:59:38,926 - sqlalchemy.engine.Engine - INFO - [cached since 3617s ago] ('admin',)
2025-11-16 22:59:38,927 - sqlalchemy.engine.Engine - INFO - SELECT drivers.id, drivers.user_id, drivers.name, drivers.phone, drivers.id_card, drivers.license_number, drivers.license_type, drivers.main_route, drivers.vehicle_type, drivers.vehicle_length, drivers.price_per_km, drivers.experience_years, drivers.status, drivers.emergency_contact, drivers.emergency_phone, drivers.remark, drivers.created_at, drivers.updated_at 
FROM drivers 
WHERE drivers.id = ?
2025-11-16 22:59:38,927 - sqlalchemy.engine.Engine - INFO - [cached since 2087s ago] (5,)
2025-11-16 22:59:38,927 - sqlalchemy.engine.Engine - INFO - ROLLBACK
2025-11-16 22:59:44,086 - sqlalchemy.engine.Engine - INFO - BEGIN (implicit)
2025-11-16 22:59:44,086 - sqlalchemy.engine.Engine - INFO - SELECT users.id, users.username, users.email, users.password_hash, users.role, users.is_active, users.last_login_at, users.created_at, users.updated_at 
FROM users 
WHERE users.username = ?
2025-11-16 22:59:44,086 - sqlalchemy.engine.Engine - INFO - [cached since 3622s ago] ('admin',)
2025-11-16 22:59:44,088 - sqlalchemy.engine.Engine - INFO - ROLLBACK
2025-11-16 22:59:44,186 - sqlalchemy.engine.Engine - INFO - BEGIN (implicit)
2025-11-16 22:59:44,187 - sqlalchemy.engine.Engine - INFO - SELECT users.id, users.username, users.email, users.password_hash, users.role, users.is_active, users.last_login_at, users.created_at, users.updated_at 
FROM users 
WHERE users.username = ?
2025-11-16 22:59:44,187 - sqlalchemy.engine.Engine - INFO - [cached since 3622s ago] ('admin',)
2025-11-16 22:59:44,189 - sqlalchemy.engine.Engine - INFO - SELECT drivers.id, drivers.user_id, drivers.name, drivers.phone, drivers.id_card, drivers.license_number, drivers.license_type, drivers.main_route, drivers.vehicle_type, drivers.vehicle_length, drivers.price_per_km, drivers.experience_years, drivers.status, drivers.emergency_contact, drivers.emergency_phone, drivers.remark, drivers.created_at, drivers.updated_at 
FROM drivers 
WHERE drivers.id = ?
2025-11-16 22:59:44,189 - sqlalchemy.engine.Engine - INFO - [cached since 2092s ago] (5,)
2025-11-16 22:59:44,191 - sqlalchemy.engine.Engine - INFO - ROLLBACK
2025-11-16 22:59:46,500 - sqlalchemy.engine.Engine - INFO - BEGIN (implicit)
2025-11-16 22:59:46,500 - sqlalchemy.engine.Engine - INFO - SELECT users.id, users.username, users.email, users.password_hash, users.role, users.is_active, users.last_login_at, users.created_at, users.updated_at 
FROM users 
WHERE users.username = ?
2025-11-16 22:59:46,500 - sqlalchemy.engine.Engine - INFO - [cached since 3624s ago] ('admin',)
2025-11-16 22:59:46,501 - sqlalchemy.engine.Engine - INFO - ROLLBACK
2025-11-16 22:59:46,546 - sqlalchemy.engine.Engine - INFO - BEGIN (implicit)
2025-11-16 22:59:46,547 - sqlalchemy.engine.Engine - INFO - SELECT users.id, users.username, users.email, users.password_hash, users.role, users.is_active, users.last_login_at, users.created_at, users.updated_at 
FROM users 
WHERE users.username = ?
2025-11-16 22:59:46,547 - sqlalchemy.engine.Engine - INFO - [cached since 3624s ago] ('admin',)
2025-11-16 22:59:46,548 - sqlalchemy.engine.Engine - INFO - SELECT drivers.id, drivers.user_id, drivers.name, drivers.phone, drivers.id_card, drivers.license_number, drivers.license_type, drivers.main_route, drivers.vehicle_type, drivers.vehicle_length, drivers.price_per_km, drivers.experience_years, drivers.status, drivers.emergency_contact, drivers.emergency_phone, drivers.remark, drivers.created_at, drivers.updated_at 
FROM drivers ORDER BY drivers.created_at DESC
 LIMIT ? OFFSET ?
2025-11-16 22:59:46,548 - sqlalchemy.engine.Engine - INFO - [cached since 3158s ago] (20, 0)
2025-11-16 22:59:46,549 - sqlalchemy.engine.Engine - INFO - SELECT count(drivers.id) AS count_1 
FROM drivers
2025-11-16 22:59:46,549 - sqlalchemy.engine.Engine - INFO - [cached since 3158s ago] ()
2025-11-16 22:59:46,551 - sqlalchemy.engine.Engine - INFO - ROLLBACK
2025-11-16 22:59:47,819 - sqlalchemy.engine.Engine - INFO - BEGIN (implicit)
2025-11-16 22:59:47,819 - sqlalchemy.engine.Engine - INFO - SELECT users.id, users.username, users.email, users.password_hash, users.role, users.is_active, users.last_login_at, users.created_at, users.updated_at 
FROM users 
WHERE users.username = ?
2025-11-16 22:59:47,819 - sqlalchemy.engine.Engine - INFO - [cached since 3626s ago] ('admin',)
2025-11-16 22:59:47,819 - sqlalchemy.engine.Engine - INFO - ROLLBACK
2025-11-16 22:59:47,833 - sqlalchemy.engine.Engine - INFO - BEGIN (implicit)
2025-11-16 22:59:47,833 - sqlalchemy.engine.Engine - INFO - SELECT users.id, users.username, users.email, users.password_hash, users.role, users.is_active, users.last_login_at, users.created_at, users.updated_at 
FROM users 
WHERE users.username = ?
2025-11-16 22:59:47,833 - sqlalchemy.engine.Engine - INFO - [cached since 3626s ago] ('admin',)
2025-11-16 22:59:47,834 - sqlalchemy.engine.Engine - INFO - SELECT drivers.id, drivers.user_id, drivers.name, drivers.phone, drivers.id_card, drivers.license_number, drivers.license_type, drivers.main_route, drivers.vehicle_type, drivers.vehicle_length, drivers.price_per_km, drivers.experience_years, drivers.status, drivers.emergency_contact, drivers.emergency_phone, drivers.remark, drivers.created_at, drivers.updated_at 
FROM drivers 
WHERE drivers.id = ?
2025-11-16 22:59:47,834 - sqlalchemy.engine.Engine - INFO - [cached since 2095s ago] (5,)
2025-11-16 22:59:47,835 - sqlalchemy.engine.Engine - INFO - ROLLBACK
2025-11-16 22:59:47,844 - sqlalchemy.engine.Engine - INFO - BEGIN (implicit)
2025-11-16 22:59:47,844 - sqlalchemy.engine.Engine - INFO - SELECT users.id, users.username, users.email, users.password_hash, users.role, users.is_active, users.last_login_at, users.created_at, users.updated_at 
FROM users 
WHERE users.username = ?
2025-11-16 22:59:47,844 - sqlalchemy.engine.Engine - INFO - [cached since 3626s ago] ('admin',)
2025-11-16 22:59:47,845 - sqlalchemy.engine.Engine - INFO - SELECT drivers.id, drivers.user_id, drivers.name, drivers.phone, drivers.id_card, drivers.license_number, drivers.license_type, drivers.main_route, drivers.vehicle_type, drivers.vehicle_length, drivers.price_per_km, drivers.experience_years, drivers.status, drivers.emergency_contact, drivers.emergency_phone, drivers.remark, drivers.created_at, drivers.updated_at 
FROM drivers 
WHERE drivers.id = ?
2025-11-16 22:59:47,845 - sqlalchemy.engine.Engine - INFO - [cached since 2095s ago] (5,)
2025-11-16 22:59:47,845 - sqlalchemy.engine.Engine - INFO - ROLLBACK
2025-11-16 22:59:50,254 - sqlalchemy.engine.Engine - INFO - BEGIN (implicit)
2025-11-16 22:59:50,255 - sqlalchemy.engine.Engine - INFO - SELECT users.id, users.username, users.email, users.password_hash, users.role, users.is_active, users.last_login_at, users.created_at, users.updated_at 
FROM users 
WHERE users.username = ?
2025-11-16 22:59:50,255 - sqlalchemy.engine.Engine - INFO - [cached since 3628s ago] ('admin',)
2025-11-16 22:59:50,256 - sqlalchemy.engine.Engine - INFO - ROLLBACK
2025-11-16 22:59:50,302 - sqlalchemy.engine.Engine - INFO - BEGIN (implicit)
2025-11-16 22:59:50,302 - sqlalchemy.engine.Engine - INFO - SELECT users.id, users.username, users.email, users.password_hash, users.role, users.is_active, users.last_login_at, users.created_at, users.updated_at 
FROM users 
WHERE users.username = ?
2025-11-16 22:59:50,302 - sqlalchemy.engine.Engine - INFO - [cached since 3628s ago] ('admin',)
2025-11-16 22:59:50,303 - sqlalchemy.engine.Engine - INFO - SELECT drivers.id, drivers.user_id, drivers.name, drivers.phone, drivers.id_card, drivers.license_number, drivers.license_type, drivers.main_route, drivers.vehicle_type, drivers.vehicle_length, drivers.price_per_km, drivers.experience_years, drivers.status, drivers.emergency_contact, drivers.emergency_phone, drivers.remark, drivers.created_at, drivers.updated_at 
FROM drivers ORDER BY drivers.created_at DESC
 LIMIT ? OFFSET ?
2025-11-16 22:59:50,303 - sqlalchemy.engine.Engine - INFO - [cached since 3162s ago] (20, 0)
2025-11-16 22:59:50,303 - sqlalchemy.engine.Engine - INFO - SELECT count(drivers.id) AS count_1 
FROM drivers
2025-11-16 22:59:50,303 - sqlalchemy.engine.Engine - INFO - [cached since 3162s ago] ()
2025-11-16 22:59:50,304 - sqlalchemy.engine.Engine - INFO - ROLLBACK
2025-11-16 22:59:51,917 - sqlalchemy.engine.Engine - INFO - BEGIN (implicit)
2025-11-16 22:59:51,918 - sqlalchemy.engine.Engine - INFO - SELECT users.id, users.username, users.email, users.password_hash, users.role, users.is_active, users.last_login_at, users.created_at, users.updated_at 
FROM users 
WHERE users.username = ?
2025-11-16 22:59:51,918 - sqlalchemy.engine.Engine - INFO - [cached since 3630s ago] ('admin',)
2025-11-16 22:59:51,918 - sqlalchemy.engine.Engine - INFO - ROLLBACK
2025-11-16 22:59:51,933 - sqlalchemy.engine.Engine - INFO - BEGIN (implicit)
2025-11-16 22:59:51,934 - sqlalchemy.engine.Engine - INFO - SELECT users.id, users.username, users.email, users.password_hash, users.role, users.is_active, users.last_login_at, users.created_at, users.updated_at 
FROM users 
WHERE users.username = ?
2025-11-16 22:59:51,934 - sqlalchemy.engine.Engine - INFO - [cached since 3630s ago] ('admin',)
2025-11-16 22:59:51,938 - sqlalchemy.engine.Engine - INFO - SELECT drivers.id, drivers.user_id, drivers.name, drivers.phone, drivers.id_card, drivers.license_number, drivers.license_type, drivers.main_route, drivers.vehicle_type, drivers.vehicle_length, drivers.price_per_km, drivers.experience_years, drivers.status, drivers.emergency_contact, drivers.emergency_phone, drivers.remark, drivers.created_at, drivers.updated_at 
FROM drivers 
WHERE drivers.id = ?
2025-11-16 22:59:51,938 - sqlalchemy.engine.Engine - INFO - [cached since 2100s ago] (5,)
2025-11-16 22:59:51,940 - sqlalchemy.engine.Engine - INFO - ROLLBACK
2025-11-16 22:59:51,949 - sqlalchemy.engine.Engine - INFO - BEGIN (implicit)
2025-11-16 22:59:51,949 - sqlalchemy.engine.Engine - INFO - SELECT users.id, users.username, users.email, users.password_hash, users.role, users.is_active, users.last_login_at, users.created_at, users.updated_at 
FROM users 
WHERE users.username = ?
2025-11-16 22:59:51,949 - sqlalchemy.engine.Engine - INFO - [cached since 3630s ago] ('admin',)
2025-11-16 22:59:51,950 - sqlalchemy.engine.Engine - INFO - SELECT drivers.id, drivers.user_id, drivers.name, drivers.phone, drivers.id_card, drivers.license_number, drivers.license_type, drivers.main_route, drivers.vehicle_type, drivers.vehicle_length, drivers.price_per_km, drivers.experience_years, drivers.status, drivers.emergency_contact, drivers.emergency_phone, drivers.remark, drivers.created_at, drivers.updated_at 
FROM drivers 
WHERE drivers.id = ?
2025-11-16 22:59:51,950 - sqlalchemy.engine.Engine - INFO - [cached since 2100s ago] (5,)
2025-11-16 22:59:51,950 - sqlalchemy.engine.Engine - INFO - ROLLBACK
2025-11-16 22:59:55,027 - sqlalchemy.engine.Engine - INFO - BEGIN (implicit)
2025-11-16 22:59:55,027 - sqlalchemy.engine.Engine - INFO - SELECT users.id, users.username, users.email, users.password_hash, users.role, users.is_active, users.last_login_at, users.created_at, users.updated_at 
FROM users 
WHERE users.username = ?
2025-11-16 22:59:55,027 - sqlalchemy.engine.Engine - INFO - [cached since 3633s ago] ('admin',)
2025-11-16 22:59:55,028 - sqlalchemy.engine.Engine - INFO - ROLLBACK
2025-11-16 22:59:55,063 - sqlalchemy.engine.Engine - INFO - BEGIN (implicit)
2025-11-16 22:59:55,063 - sqlalchemy.engine.Engine - INFO - SELECT users.id, users.username, users.email, users.password_hash, users.role, users.is_active, users.last_login_at, users.created_at, users.updated_at 
FROM users 
WHERE users.username = ?
2025-11-16 22:59:55,063 - sqlalchemy.engine.Engine - INFO - [cached since 3633s ago] ('admin',)
2025-11-16 22:59:55,064 - sqlalchemy.engine.Engine - INFO - SELECT drivers.id, drivers.user_id, drivers.name, drivers.phone, drivers.id_card, drivers.license_number, drivers.license_type, drivers.main_route, drivers.vehicle_type, drivers.vehicle_length, drivers.price_per_km, drivers.experience_years, drivers.status, drivers.emergency_contact, drivers.emergency_phone, drivers.remark, drivers.created_at, drivers.updated_at 
FROM drivers ORDER BY drivers.created_at DESC
 LIMIT ? OFFSET ?
2025-11-16 22:59:55,064 - sqlalchemy.engine.Engine - INFO - [cached since 3166s ago] (20, 0)
2025-11-16 22:59:55,064 - sqlalchemy.engine.Engine - INFO - SELECT count(drivers.id) AS count_1 
FROM drivers
2025-11-16 22:59:55,064 - sqlalchemy.engine.Engine - INFO - [cached since 3166s ago] ()
2025-11-16 22:59:55,065 - sqlalchemy.engine.Engine - INFO - ROLLBACK
2025-11-16 23:00:44,860 - sqlalchemy.engine.Engine - INFO - BEGIN (implicit)
2025-11-16 23:00:44,860 - sqlalchemy.engine.Engine - INFO - SELECT users.id, users.username, users.email, users.password_hash, users.role, users.is_active, users.last_login_at, users.created_at, users.updated_at 
FROM users 
WHERE users.username = ?
2025-11-16 23:00:44,860 - sqlalchemy.engine.Engine - INFO - [cached since 3683s ago] ('admin',)
2025-11-16 23:00:44,861 - sqlalchemy.engine.Engine - INFO - ROLLBACK
2025-11-16 23:00:44,983 - sqlalchemy.engine.Engine - INFO - BEGIN (implicit)
2025-11-16 23:00:44,985 - sqlalchemy.engine.Engine - INFO - SELECT users.id, users.username, users.email, users.password_hash, users.role, users.is_active, users.last_login_at, users.created_at, users.updated_at 
FROM users 
WHERE users.username = ?
2025-11-16 23:00:44,985 - sqlalchemy.engine.Engine - INFO - [cached since 3683s ago] ('admin',)
2025-11-16 23:00:44,986 - sqlalchemy.engine.Engine - INFO - BEGIN (implicit)
2025-11-16 23:00:44,989 - sqlalchemy.engine.Engine - INFO - SELECT users.id, users.username, users.email, users.password_hash, users.role, users.is_active, users.last_login_at, users.created_at, users.updated_at 
FROM users 
WHERE users.username = ?
2025-11-16 23:00:44,990 - sqlalchemy.engine.Engine - INFO - [cached since 3683s ago] ('admin',)
2025-11-16 23:00:45,000 - sqlalchemy.engine.Engine - INFO - ROLLBACK
2025-11-16 23:00:45,003 - sqlalchemy.engine.Engine - INFO - SELECT drivers.id, drivers.user_id, drivers.name, drivers.phone, drivers.id_card, drivers.license_number, drivers.license_type, drivers.main_route, drivers.vehicle_type, drivers.vehicle_length, drivers.price_per_km, drivers.experience_years, drivers.status, drivers.emergency_contact, drivers.emergency_phone, drivers.remark, drivers.created_at, drivers.updated_at 
FROM drivers ORDER BY drivers.created_at DESC
 LIMIT ? OFFSET ?
2025-11-16 23:00:45,004 - sqlalchemy.engine.Engine - INFO - [cached since 3216s ago] (20, 0)
2025-11-16 23:00:45,008 - sqlalchemy.engine.Engine - INFO - SELECT count(drivers.id) AS count_1 
FROM drivers
2025-11-16 23:00:45,008 - sqlalchemy.engine.Engine - INFO - [cached since 3216s ago] ()
2025-11-16 23:00:45,013 - sqlalchemy.engine.Engine - INFO - ROLLBACK
2025-11-16 23:00:45,135 - sqlalchemy.engine.Engine - INFO - BEGIN (implicit)
2025-11-16 23:00:45,136 - sqlalchemy.engine.Engine - INFO - SELECT users.id, users.username, users.email, users.password_hash, users.role, users.is_active, users.last_login_at, users.created_at, users.updated_at 
FROM users 
WHERE users.username = ?
2025-11-16 23:00:45,136 - sqlalchemy.engine.Engine - INFO - [cached since 3683s ago] ('admin',)
2025-11-16 23:00:45,138 - sqlalchemy.engine.Engine - INFO - ROLLBACK
2025-11-16 23:00:45,271 - sqlalchemy.engine.Engine - INFO - BEGIN (implicit)
2025-11-16 23:00:45,271 - sqlalchemy.engine.Engine - INFO - SELECT users.id, users.username, users.email, users.password_hash, users.role, users.is_active, users.last_login_at, users.created_at, users.updated_at 
FROM users 
WHERE users.username = ?
2025-11-16 23:00:45,272 - sqlalchemy.engine.Engine - INFO - [cached since 3683s ago] ('admin',)
2025-11-16 23:00:45,272 - sqlalchemy.engine.Engine - INFO - BEGIN (implicit)
2025-11-16 23:00:45,272 - sqlalchemy.engine.Engine - INFO - SELECT users.id, users.username, users.email, users.password_hash, users.role, users.is_active, users.last_login_at, users.created_at, users.updated_at 
FROM users 
WHERE users.username = ?
2025-11-16 23:00:45,272 - sqlalchemy.engine.Engine - INFO - [cached since 3683s ago] ('admin',)
2025-11-16 23:00:45,273 - sqlalchemy.engine.Engine - INFO - ROLLBACK
2025-11-16 23:00:45,275 - sqlalchemy.engine.Engine - INFO - SELECT drivers.id, drivers.user_id, drivers.name, drivers.phone, drivers.id_card, drivers.license_number, drivers.license_type, drivers.main_route, drivers.vehicle_type, drivers.vehicle_length, drivers.price_per_km, drivers.experience_years, drivers.status, drivers.emergency_contact, drivers.emergency_phone, drivers.remark, drivers.created_at, drivers.updated_at 
FROM drivers ORDER BY drivers.created_at DESC
 LIMIT ? OFFSET ?
2025-11-16 23:00:45,275 - sqlalchemy.engine.Engine - INFO - [cached since 3217s ago] (20, 0)
2025-11-16 23:00:45,276 - sqlalchemy.engine.Engine - INFO - SELECT count(drivers.id) AS count_1 
FROM drivers
2025-11-16 23:00:45,277 - sqlalchemy.engine.Engine - INFO - [cached since 3217s ago] ()
2025-11-16 23:00:45,280 - sqlalchemy.engine.Engine - INFO - ROLLBACK
2025-11-16 23:00:53,686 - sqlalchemy.engine.Engine - INFO - BEGIN (implicit)
2025-11-16 23:00:53,686 - sqlalchemy.engine.Engine - INFO - SELECT users.id, users.username, users.email, users.password_hash, users.role, users.is_active, users.last_login_at, users.created_at, users.updated_at 
FROM users 
WHERE users.username = ?
2025-11-16 23:00:53,686 - sqlalchemy.engine.Engine - INFO - [cached since 3692s ago] ('admin',)
2025-11-16 23:00:53,690 - sqlalchemy.engine.Engine - INFO - SELECT count(drivers.id) AS count_1 
FROM drivers
2025-11-16 23:00:53,690 - sqlalchemy.engine.Engine - INFO - [cached since 3225s ago] ()
2025-11-16 23:00:53,695 - sqlalchemy.engine.Engine - INFO - SELECT count(drivers.id) AS count_1 
FROM drivers 
WHERE drivers.status = ?
2025-11-16 23:00:53,696 - sqlalchemy.engine.Engine - INFO - [generated in 0.00069s] ('active',)
2025-11-16 23:00:53,699 - sqlalchemy.engine.Engine - INFO - SELECT count(drivers.id) AS count_1 
FROM drivers 
WHERE drivers.created_at >= ?
2025-11-16 23:00:53,699 - sqlalchemy.engine.Engine - INFO - [generated in 0.00018s] ('2025-11-01 00:00:00.000000',)
2025-11-16 23:00:53,702 - sqlalchemy.engine.Engine - INFO - SELECT drivers.main_route, count(drivers.id) AS count 
FROM drivers GROUP BY drivers.main_route ORDER BY count(drivers.id) DESC
 LIMIT ? OFFSET ?
2025-11-16 23:00:53,702 - sqlalchemy.engine.Engine - INFO - [generated in 0.00017s] (10, 0)
2025-11-16 23:00:53,707 - sqlalchemy.engine.Engine - INFO - SELECT drivers.user_id, users.username, count(drivers.id) AS count 
FROM drivers JOIN users ON drivers.user_id = users.id GROUP BY drivers.user_id, users.username ORDER BY count(drivers.id) DESC
 LIMIT ? OFFSET ?
2025-11-16 23:00:53,707 - sqlalchemy.engine.Engine - INFO - [generated in 0.00022s] (10, 0)
2025-11-16 23:00:53,709 - sqlalchemy.engine.Engine - INFO - ROLLBACK
2025-11-16 23:01:00,448 - sqlalchemy.engine.Engine - INFO - BEGIN (implicit)
2025-11-16 23:01:00,449 - sqlalchemy.engine.Engine - INFO - SELECT users.id, users.username, users.email, users.password_hash, users.role, users.is_active, users.last_login_at, users.created_at, users.updated_at 
FROM users 
WHERE users.username = ?
2025-11-16 23:01:00,449 - sqlalchemy.engine.Engine - INFO - [cached since 3698s ago] ('admin',)
2025-11-16 23:01:00,450 - sqlalchemy.engine.Engine - INFO - ROLLBACK
2025-11-16 23:01:06,165 - sqlalchemy.engine.Engine - INFO - BEGIN (implicit)
2025-11-16 23:01:06,165 - sqlalchemy.engine.Engine - INFO - SELECT users.id, users.username, users.email, users.password_hash, users.role, users.is_active, users.last_login_at, users.created_at, users.updated_at 
FROM users 
WHERE users.username = ?
2025-11-16 23:01:06,165 - sqlalchemy.engine.Engine - INFO - [cached since 3704s ago] ('admin',)
2025-11-16 23:01:06,166 - sqlalchemy.engine.Engine - INFO - ROLLBACK
2025-11-16 23:01:06,514 - sqlalchemy.engine.Engine - INFO - BEGIN (implicit)
2025-11-16 23:01:06,514 - sqlalchemy.engine.Engine - INFO - SELECT users.id, users.username, users.email, users.password_hash, users.role, users.is_active, users.last_login_at, users.created_at, users.updated_at 
FROM users 
WHERE users.username = ?
2025-11-16 23:01:06,514 - sqlalchemy.engine.Engine - INFO - [cached since 3704s ago] ('admin',)
2025-11-16 23:01:06,515 - sqlalchemy.engine.Engine - INFO - SELECT count(drivers.id) AS count_1 
FROM drivers
2025-11-16 23:01:06,515 - sqlalchemy.engine.Engine - INFO - [cached since 3238s ago] ()
2025-11-16 23:01:06,516 - sqlalchemy.engine.Engine - INFO - SELECT count(drivers.id) AS count_1 
FROM drivers 
WHERE drivers.status = ?
2025-11-16 23:01:06,516 - sqlalchemy.engine.Engine - INFO - [cached since 12.82s ago] ('active',)
2025-11-16 23:01:06,516 - sqlalchemy.engine.Engine - INFO - SELECT count(drivers.id) AS count_1 
FROM drivers 
WHERE drivers.created_at >= ?
2025-11-16 23:01:06,516 - sqlalchemy.engine.Engine - INFO - [cached since 12.82s ago] ('2025-11-01 00:00:00.000000',)
2025-11-16 23:01:06,517 - sqlalchemy.engine.Engine - INFO - SELECT drivers.main_route, count(drivers.id) AS count 
FROM drivers GROUP BY drivers.main_route ORDER BY count(drivers.id) DESC
 LIMIT ? OFFSET ?
2025-11-16 23:01:06,517 - sqlalchemy.engine.Engine - INFO - [cached since 12.81s ago] (10, 0)
2025-11-16 23:01:06,519 - sqlalchemy.engine.Engine - INFO - SELECT drivers.user_id, users.username, count(drivers.id) AS count 
FROM drivers JOIN users ON drivers.user_id = users.id GROUP BY drivers.user_id, users.username ORDER BY count(drivers.id) DESC
 LIMIT ? OFFSET ?
2025-11-16 23:01:06,519 - sqlalchemy.engine.Engine - INFO - [cached since 12.81s ago] (10, 0)
2025-11-16 23:01:06,520 - sqlalchemy.engine.Engine - INFO - ROLLBACK
2025-11-16 23:01:31,853 - sqlalchemy.engine.Engine - INFO - BEGIN (implicit)
2025-11-16 23:01:31,856 - sqlalchemy.engine.Engine - INFO - SELECT users.id, users.username, users.email, users.password_hash, users.role, users.is_active, users.last_login_at, users.created_at, users.updated_at 
FROM users 
WHERE users.username = ?
2025-11-16 23:01:31,856 - sqlalchemy.engine.Engine - INFO - [cached since 3730s ago] ('admin',)
2025-11-16 23:01:31,859 - sqlalchemy.engine.Engine - INFO - SELECT drivers.id, drivers.user_id, drivers.name, drivers.phone, drivers.id_card, drivers.license_number, drivers.license_type, drivers.main_route, drivers.vehicle_type, drivers.vehicle_length, drivers.price_per_km, drivers.experience_years, drivers.status, drivers.emergency_contact, drivers.emergency_phone, drivers.remark, drivers.created_at, drivers.updated_at 
FROM drivers ORDER BY drivers.created_at DESC
 LIMIT ? OFFSET ?
2025-11-16 23:01:31,859 - sqlalchemy.engine.Engine - INFO - [cached since 3263s ago] (20, 0)
2025-11-16 23:01:31,860 - sqlalchemy.engine.Engine - INFO - SELECT count(drivers.id) AS count_1 
FROM drivers
2025-11-16 23:01:31,860 - sqlalchemy.engine.Engine - INFO - [cached since 3263s ago] ()
2025-11-16 23:01:31,861 - sqlalchemy.engine.Engine - INFO - ROLLBACK
2025-11-16 23:01:34,084 - sqlalchemy.engine.Engine - INFO - BEGIN (implicit)
2025-11-16 23:01:34,085 - sqlalchemy.engine.Engine - INFO - SELECT users.id, users.username, users.email, users.password_hash, users.role, users.is_active, users.last_login_at, users.created_at, users.updated_at 
FROM users 
WHERE users.username = ?
2025-11-16 23:01:34,085 - sqlalchemy.engine.Engine - INFO - [cached since 3732s ago] ('admin',)
2025-11-16 23:01:34,087 - sqlalchemy.engine.Engine - INFO - SELECT drivers.id, drivers.user_id, drivers.name, drivers.phone, drivers.id_card, drivers.license_number, drivers.license_type, drivers.main_route, drivers.vehicle_type, drivers.vehicle_length, drivers.price_per_km, drivers.experience_years, drivers.status, drivers.emergency_contact, drivers.emergency_phone, drivers.remark, drivers.created_at, drivers.updated_at 
FROM drivers 
WHERE drivers.id = ?
2025-11-16 23:01:34,087 - sqlalchemy.engine.Engine - INFO - [cached since 2202s ago] (5,)
2025-11-16 23:01:34,089 - sqlalchemy.engine.Engine - INFO - ROLLBACK
2025-11-16 23:01:34,100 - sqlalchemy.engine.Engine - INFO - BEGIN (implicit)
2025-11-16 23:01:34,101 - sqlalchemy.engine.Engine - INFO - SELECT users.id, users.username, users.email, users.password_hash, users.role, users.is_active, users.last_login_at, users.created_at, users.updated_at 
FROM users 
WHERE users.username = ?
2025-11-16 23:01:34,101 - sqlalchemy.engine.Engine - INFO - [cached since 3732s ago] ('admin',)
2025-11-16 23:01:34,101 - sqlalchemy.engine.Engine - INFO - SELECT drivers.id, drivers.user_id, drivers.name, drivers.phone, drivers.id_card, drivers.license_number, drivers.license_type, drivers.main_route, drivers.vehicle_type, drivers.vehicle_length, drivers.price_per_km, drivers.experience_years, drivers.status, drivers.emergency_contact, drivers.emergency_phone, drivers.remark, drivers.created_at, drivers.updated_at 
FROM drivers 
WHERE drivers.id = ?
2025-11-16 23:01:34,101 - sqlalchemy.engine.Engine - INFO - [cached since 2202s ago] (5,)
2025-11-16 23:01:34,101 - sqlalchemy.engine.Engine - INFO - ROLLBACK
2025-11-16 23:02:30,151 - sqlalchemy.engine.Engine - INFO - BEGIN (implicit)
2025-11-16 23:02:30,151 - sqlalchemy.engine.Engine - INFO - SELECT users.id, users.username, users.email, users.password_hash, users.role, users.is_active, users.last_login_at, users.created_at, users.updated_at 
FROM users 
WHERE users.username = ?
2025-11-16 23:02:30,152 - sqlalchemy.engine.Engine - INFO - [cached since 3788s ago] ('admin',)
2025-11-16 23:02:30,152 - sqlalchemy.engine.Engine - INFO - ROLLBACK
2025-11-16 23:02:31,354 - sqlalchemy.engine.Engine - INFO - BEGIN (implicit)
2025-11-16 23:02:31,355 - sqlalchemy.engine.Engine - INFO - SELECT users.id, users.username, users.email, users.password_hash, users.role, users.is_active, users.last_login_at, users.created_at, users.updated_at 
FROM users 
WHERE users.username = ?
2025-11-16 23:02:31,355 - sqlalchemy.engine.Engine - INFO - [cached since 3789s ago] ('admin',)
2025-11-16 23:02:31,355 - sqlalchemy.engine.Engine - INFO - SELECT count(drivers.id) AS count_1 
FROM drivers
2025-11-16 23:02:31,355 - sqlalchemy.engine.Engine - INFO - [cached since 3323s ago] ()
2025-11-16 23:02:31,356 - sqlalchemy.engine.Engine - INFO - SELECT count(drivers.id) AS count_1 
FROM drivers 
WHERE drivers.status = ?
2025-11-16 23:02:31,356 - sqlalchemy.engine.Engine - INFO - [cached since 97.66s ago] ('active',)
2025-11-16 23:02:31,356 - sqlalchemy.engine.Engine - INFO - SELECT count(drivers.id) AS count_1 
FROM drivers 
WHERE drivers.created_at >= ?
2025-11-16 23:02:31,356 - sqlalchemy.engine.Engine - INFO - [cached since 97.66s ago] ('2025-11-01 00:00:00.000000',)
2025-11-16 23:02:31,356 - sqlalchemy.engine.Engine - INFO - SELECT drivers.main_route, count(drivers.id) AS count 
FROM drivers GROUP BY drivers.main_route ORDER BY count(drivers.id) DESC
 LIMIT ? OFFSET ?
2025-11-16 23:02:31,356 - sqlalchemy.engine.Engine - INFO - [cached since 97.65s ago] (10, 0)
2025-11-16 23:02:31,357 - sqlalchemy.engine.Engine - INFO - SELECT drivers.user_id, users.username, count(drivers.id) AS count 
FROM drivers JOIN users ON drivers.user_id = users.id GROUP BY drivers.user_id, users.username ORDER BY count(drivers.id) DESC
 LIMIT ? OFFSET ?
2025-11-16 23:02:31,357 - sqlalchemy.engine.Engine - INFO - [cached since 97.65s ago] (10, 0)
2025-11-16 23:02:31,358 - sqlalchemy.engine.Engine - INFO - ROLLBACK
2025-11-16 23:02:58,384 - sqlalchemy.engine.Engine - INFO - BEGIN (implicit)
2025-11-16 23:02:58,384 - sqlalchemy.engine.Engine - INFO - SELECT users.id, users.username, users.email, users.password_hash, users.role, users.is_active, users.last_login_at, users.created_at, users.updated_at 
FROM users 
WHERE users.username = ?
2025-11-16 23:02:58,384 - sqlalchemy.engine.Engine - INFO - [cached since 3816s ago] ('admin',)
2025-11-16 23:02:58,384 - sqlalchemy.engine.Engine - INFO - ROLLBACK
2025-11-16 23:03:08,352 - sqlalchemy.engine.Engine - INFO - BEGIN (implicit)
2025-11-16 23:03:08,352 - sqlalchemy.engine.Engine - INFO - SELECT users.id, users.username, users.email, users.password_hash, users.role, users.is_active, users.last_login_at, users.created_at, users.updated_at 
FROM users 
WHERE users.username = ?
2025-11-16 23:03:08,352 - sqlalchemy.engine.Engine - INFO - [cached since 3826s ago] ('admin',)
2025-11-16 23:03:08,353 - sqlalchemy.engine.Engine - INFO - ROLLBACK
2025-11-16 23:03:09,436 - sqlalchemy.engine.Engine - INFO - BEGIN (implicit)
2025-11-16 23:03:09,437 - sqlalchemy.engine.Engine - INFO - SELECT users.id, users.username, users.email, users.password_hash, users.role, users.is_active, users.last_login_at, users.created_at, users.updated_at 
FROM users 
WHERE users.username = ?
2025-11-16 23:03:09,437 - sqlalchemy.engine.Engine - INFO - [cached since 3827s ago] ('admin',)
2025-11-16 23:03:09,437 - sqlalchemy.engine.Engine - INFO - ROLLBACK
2025-11-16 23:03:09,894 - sqlalchemy.engine.Engine - INFO - BEGIN (implicit)
2025-11-16 23:03:09,894 - sqlalchemy.engine.Engine - INFO - SELECT users.id, users.username, users.email, users.password_hash, users.role, users.is_active, users.last_login_at, users.created_at, users.updated_at 
FROM users 
WHERE users.username = ?
2025-11-16 23:03:09,894 - sqlalchemy.engine.Engine - INFO - [cached since 3828s ago] ('admin',)
2025-11-16 23:03:09,894 - sqlalchemy.engine.Engine - INFO - ROLLBACK
2025-11-16 23:03:14,964 - sqlalchemy.engine.Engine - INFO - BEGIN (implicit)
2025-11-16 23:03:14,964 - sqlalchemy.engine.Engine - INFO - SELECT users.id, users.username, users.email, users.password_hash, users.role, users.is_active, users.last_login_at, users.created_at, users.updated_at 
FROM users 
WHERE users.username = ?
2025-11-16 23:03:14,964 - sqlalchemy.engine.Engine - INFO - [cached since 3833s ago] ('admin',)
2025-11-16 23:03:14,965 - sqlalchemy.engine.Engine - INFO - ROLLBACK
2025-11-16 23:03:23,855 - sqlalchemy.engine.Engine - INFO - BEGIN (implicit)
2025-11-16 23:03:23,855 - sqlalchemy.engine.Engine - INFO - SELECT users.id, users.username, users.email, users.password_hash, users.role, users.is_active, users.last_login_at, users.created_at, users.updated_at 
FROM users 
WHERE users.username = ?
2025-11-16 23:03:23,855 - sqlalchemy.engine.Engine - INFO - [cached since 3842s ago] ('admin',)
2025-11-16 23:03:23,856 - sqlalchemy.engine.Engine - INFO - ROLLBACK
2025-11-16 23:03:24,554 - sqlalchemy.engine.Engine - INFO - BEGIN (implicit)
2025-11-16 23:03:24,554 - sqlalchemy.engine.Engine - INFO - SELECT users.id, users.username, users.email, users.password_hash, users.role, users.is_active, users.last_login_at, users.created_at, users.updated_at 
FROM users 
WHERE users.username = ?
2025-11-16 23:03:24,554 - sqlalchemy.engine.Engine - INFO - [cached since 3842s ago] ('admin',)
2025-11-16 23:03:24,555 - sqlalchemy.engine.Engine - INFO - ROLLBACK
2025-11-16 23:03:24,685 - sqlalchemy.engine.Engine - INFO - BEGIN (implicit)
2025-11-16 23:03:24,685 - sqlalchemy.engine.Engine - INFO - SELECT users.id, users.username, users.email, users.password_hash, users.role, users.is_active, users.last_login_at, users.created_at, users.updated_at 
FROM users 
WHERE users.username = ?
2025-11-16 23:03:24,685 - sqlalchemy.engine.Engine - INFO - [cached since 3843s ago] ('admin',)
2025-11-16 23:03:24,686 - sqlalchemy.engine.Engine - INFO - ROLLBACK
2025-11-16 23:03:24,825 - sqlalchemy.engine.Engine - INFO - BEGIN (implicit)
2025-11-16 23:03:24,825 - sqlalchemy.engine.Engine - INFO - SELECT users.id, users.username, users.email, users.password_hash, users.role, users.is_active, users.last_login_at, users.created_at, users.updated_at 
FROM users 
WHERE users.username = ?
2025-11-16 23:03:24,825 - sqlalchemy.engine.Engine - INFO - [cached since 3843s ago] ('admin',)
2025-11-16 23:03:24,826 - sqlalchemy.engine.Engine - INFO - ROLLBACK
2025-11-16 23:03:40,111 - sqlalchemy.engine.Engine - INFO - BEGIN (implicit)
2025-11-16 23:03:40,111 - sqlalchemy.engine.Engine - INFO - SELECT users.id, users.username, users.email, users.password_hash, users.role, users.is_active, users.last_login_at, users.created_at, users.updated_at 
FROM users 
WHERE users.username = ?
2025-11-16 23:03:40,112 - sqlalchemy.engine.Engine - INFO - [cached since 3858s ago] ('admin',)
2025-11-16 23:03:40,112 - sqlalchemy.engine.Engine - INFO - ROLLBACK
2025-11-16 23:03:47,290 - sqlalchemy.engine.Engine - INFO - BEGIN (implicit)
2025-11-16 23:03:47,290 - sqlalchemy.engine.Engine - INFO - SELECT users.id, users.username, users.email, users.password_hash, users.role, users.is_active, users.last_login_at, users.created_at, users.updated_at 
FROM users 
WHERE users.username = ?
2025-11-16 23:03:47,290 - sqlalchemy.engine.Engine - INFO - [cached since 3865s ago] ('admin',)
2025-11-16 23:03:47,290 - sqlalchemy.engine.Engine - INFO - ROLLBACK
2025-11-16 23:03:47,952 - sqlalchemy.engine.Engine - INFO - BEGIN (implicit)
2025-11-16 23:03:47,953 - sqlalchemy.engine.Engine - INFO - SELECT users.id, users.username, users.email, users.password_hash, users.role, users.is_active, users.last_login_at, users.created_at, users.updated_at 
FROM users 
WHERE users.username = ?
2025-11-16 23:03:47,953 - sqlalchemy.engine.Engine - INFO - [cached since 3866s ago] ('admin',)
2025-11-16 23:03:47,953 - sqlalchemy.engine.Engine - INFO - ROLLBACK
2025-11-16 23:03:48,099 - sqlalchemy.engine.Engine - INFO - BEGIN (implicit)
2025-11-16 23:03:48,100 - sqlalchemy.engine.Engine - INFO - SELECT users.id, users.username, users.email, users.password_hash, users.role, users.is_active, users.last_login_at, users.created_at, users.updated_at 
FROM users 
WHERE users.username = ?
2025-11-16 23:03:48,100 - sqlalchemy.engine.Engine - INFO - [cached since 3866s ago] ('admin',)
2025-11-16 23:03:48,100 - sqlalchemy.engine.Engine - INFO - ROLLBACK
2025-11-16 23:03:48,228 - sqlalchemy.engine.Engine - INFO - BEGIN (implicit)
2025-11-16 23:03:48,228 - sqlalchemy.engine.Engine - INFO - SELECT users.id, users.username, users.email, users.password_hash, users.role, users.is_active, users.last_login_at, users.created_at, users.updated_at 
FROM users 
WHERE users.username = ?
2025-11-16 23:03:48,228 - sqlalchemy.engine.Engine - INFO - [cached since 3866s ago] ('admin',)
2025-11-16 23:03:48,229 - sqlalchemy.engine.Engine - INFO - ROLLBACK
2025-11-16 23:04:02,969 - sqlalchemy.engine.Engine - INFO - BEGIN (implicit)
2025-11-16 23:04:02,970 - sqlalchemy.engine.Engine - INFO - SELECT users.id, users.username, users.email, users.password_hash, users.role, users.is_active, users.last_login_at, users.created_at, users.updated_at 
FROM users 
WHERE users.username = ?
2025-11-16 23:04:02,970 - sqlalchemy.engine.Engine - INFO - [cached since 3881s ago] ('admin',)
2025-11-16 23:04:02,972 - sqlalchemy.engine.Engine - INFO - ROLLBACK
2025-11-16 23:04:03,055 - sqlalchemy.engine.Engine - INFO - BEGIN (implicit)
2025-11-16 23:04:03,055 - sqlalchemy.engine.Engine - INFO - SELECT users.id, users.username, users.email, users.password_hash, users.role, users.is_active, users.last_login_at, users.created_at, users.updated_at 
FROM users 
WHERE users.username = ?
2025-11-16 23:04:03,055 - sqlalchemy.engine.Engine - INFO - [cached since 3881s ago] ('admin',)
2025-11-16 23:04:03,057 - sqlalchemy.engine.Engine - INFO - ROLLBACK
2025-11-16 23:04:03,057 - sqlalchemy.engine.Engine - INFO - BEGIN (implicit)
2025-11-16 23:04:03,058 - sqlalchemy.engine.Engine - INFO - SELECT users.id, users.username, users.email, users.password_hash, users.role, users.is_active, users.last_login_at, users.created_at, users.updated_at 
FROM users 
WHERE users.username = ?
2025-11-16 23:04:03,058 - sqlalchemy.engine.Engine - INFO - [cached since 3881s ago] ('admin',)
2025-11-16 23:04:03,059 - sqlalchemy.engine.Engine - INFO - SELECT drivers.id, drivers.user_id, drivers.name, drivers.phone, drivers.id_card, drivers.license_number, drivers.license_type, drivers.main_route, drivers.vehicle_type, drivers.vehicle_length, drivers.price_per_km, drivers.experience_years, drivers.status, drivers.emergency_contact, drivers.emergency_phone, drivers.remark, drivers.created_at, drivers.updated_at 
FROM drivers ORDER BY drivers.created_at DESC
 LIMIT ? OFFSET ?
2025-11-16 23:04:03,059 - sqlalchemy.engine.Engine - INFO - [cached since 3414s ago] (20, 0)
2025-11-16 23:04:03,060 - sqlalchemy.engine.Engine - INFO - SELECT count(drivers.id) AS count_1 
FROM drivers
2025-11-16 23:04:03,060 - sqlalchemy.engine.Engine - INFO - [cached since 3414s ago] ()
2025-11-16 23:04:03,061 - sqlalchemy.engine.Engine - INFO - ROLLBACK
2025-11-16 23:04:04,382 - sqlalchemy.engine.Engine - INFO - BEGIN (implicit)
2025-11-16 23:04:04,383 - sqlalchemy.engine.Engine - INFO - SELECT users.id, users.username, users.email, users.password_hash, users.role, users.is_active, users.last_login_at, users.created_at, users.updated_at 
FROM users 
WHERE users.username = ?
2025-11-16 23:04:04,383 - sqlalchemy.engine.Engine - INFO - [cached since 3882s ago] ('admin',)
2025-11-16 23:04:04,384 - sqlalchemy.engine.Engine - INFO - ROLLBACK
2025-11-16 23:04:10,790 - sqlalchemy.engine.Engine - INFO - BEGIN (implicit)
2025-11-16 23:04:10,791 - sqlalchemy.engine.Engine - INFO - SELECT users.id, users.username, users.email, users.password_hash, users.role, users.is_active, users.last_login_at, users.created_at, users.updated_at 
FROM users 
WHERE users.username = ?
2025-11-16 23:04:10,791 - sqlalchemy.engine.Engine - INFO - [cached since 3889s ago] ('admin',)
2025-11-16 23:04:10,793 - sqlalchemy.engine.Engine - INFO - ROLLBACK
2025-11-16 23:04:10,946 - sqlalchemy.engine.Engine - INFO - BEGIN (implicit)
2025-11-16 23:04:10,946 - sqlalchemy.engine.Engine - INFO - SELECT users.id, users.username, users.email, users.password_hash, users.role, users.is_active, users.last_login_at, users.created_at, users.updated_at 
FROM users 
WHERE users.username = ?
2025-11-16 23:04:10,946 - sqlalchemy.engine.Engine - INFO - [cached since 3889s ago] ('admin',)
2025-11-16 23:04:10,948 - sqlalchemy.engine.Engine - INFO - ROLLBACK
2025-11-16 23:04:13,373 - sqlalchemy.engine.Engine - INFO - BEGIN (implicit)
2025-11-16 23:04:13,373 - sqlalchemy.engine.Engine - INFO - SELECT users.id, users.username, users.email, users.password_hash, users.role, users.is_active, users.last_login_at, users.created_at, users.updated_at 
FROM users 
WHERE users.username = ?
2025-11-16 23:04:13,373 - sqlalchemy.engine.Engine - INFO - [cached since 3891s ago] ('admin',)
2025-11-16 23:04:13,374 - sqlalchemy.engine.Engine - INFO - ROLLBACK
2025-11-16 23:04:20,490 - sqlalchemy.engine.Engine - INFO - BEGIN (implicit)
2025-11-16 23:04:20,490 - sqlalchemy.engine.Engine - INFO - SELECT users.id, users.username, users.email, users.password_hash, users.role, users.is_active, users.last_login_at, users.created_at, users.updated_at 
FROM users 
WHERE users.username = ?
2025-11-16 23:04:20,490 - sqlalchemy.engine.Engine - INFO - [cached since 3898s ago] ('admin',)
2025-11-16 23:04:20,491 - sqlalchemy.engine.Engine - INFO - ROLLBACK
2025-11-16 23:04:35,515 - sqlalchemy.engine.Engine - INFO - BEGIN (implicit)
2025-11-16 23:04:35,516 - sqlalchemy.engine.Engine - INFO - SELECT users.id, users.username, users.email, users.password_hash, users.role, users.is_active, users.last_login_at, users.created_at, users.updated_at 
FROM users 
WHERE users.username = ?
2025-11-16 23:04:35,516 - sqlalchemy.engine.Engine - INFO - [cached since 3913s ago] ('admin',)
2025-11-16 23:04:35,517 - sqlalchemy.engine.Engine - INFO - ROLLBACK
2025-11-16 23:04:35,837 - sqlalchemy.engine.Engine - INFO - BEGIN (implicit)
2025-11-16 23:04:35,837 - sqlalchemy.engine.Engine - INFO - SELECT users.id, users.username, users.email, users.password_hash, users.role, users.is_active, users.last_login_at, users.created_at, users.updated_at 
FROM users 
WHERE users.username = ?
2025-11-16 23:04:35,837 - sqlalchemy.engine.Engine - INFO - [cached since 3914s ago] ('admin',)
2025-11-16 23:04:35,837 - sqlalchemy.engine.Engine - INFO - SELECT count(drivers.id) AS count_1 
FROM drivers
2025-11-16 23:04:35,837 - sqlalchemy.engine.Engine - INFO - [cached since 3447s ago] ()
2025-11-16 23:04:35,838 - sqlalchemy.engine.Engine - INFO - SELECT count(drivers.id) AS count_1 
FROM drivers 
WHERE drivers.status = ?
2025-11-16 23:04:35,838 - sqlalchemy.engine.Engine - INFO - [cached since 222.1s ago] ('active',)
2025-11-16 23:04:35,838 - sqlalchemy.engine.Engine - INFO - SELECT count(drivers.id) AS count_1 
FROM drivers 
WHERE drivers.created_at >= ?
2025-11-16 23:04:35,838 - sqlalchemy.engine.Engine - INFO - [cached since 222.1s ago] ('2025-11-01 00:00:00.000000',)
2025-11-16 23:04:35,839 - sqlalchemy.engine.Engine - INFO - SELECT drivers.main_route, count(drivers.id) AS count 
FROM drivers GROUP BY drivers.main_route ORDER BY count(drivers.id) DESC
 LIMIT ? OFFSET ?
2025-11-16 23:04:35,839 - sqlalchemy.engine.Engine - INFO - [cached since 222.1s ago] (10, 0)
2025-11-16 23:04:35,839 - sqlalchemy.engine.Engine - INFO - SELECT drivers.user_id, users.username, count(drivers.id) AS count 
FROM drivers JOIN users ON drivers.user_id = users.id GROUP BY drivers.user_id, users.username ORDER BY count(drivers.id) DESC
 LIMIT ? OFFSET ?
2025-11-16 23:04:35,839 - sqlalchemy.engine.Engine - INFO - [cached since 222.1s ago] (10, 0)
2025-11-16 23:04:35,840 - sqlalchemy.engine.Engine - INFO - ROLLBACK
2025-11-16 23:04:40,198 - sqlalchemy.engine.Engine - INFO - BEGIN (implicit)
2025-11-16 23:04:40,199 - sqlalchemy.engine.Engine - INFO - SELECT users.id, users.username, users.email, users.password_hash, users.role, users.is_active, users.last_login_at, users.created_at, users.updated_at 
FROM users 
WHERE users.username = ?
2025-11-16 23:04:40,199 - sqlalchemy.engine.Engine - INFO - [cached since 3918s ago] ('admin',)
2025-11-16 23:04:40,205 - sqlalchemy.engine.Engine - INFO - SELECT drivers.id, drivers.user_id, drivers.name, drivers.phone, drivers.id_card, drivers.license_number, drivers.license_type, drivers.main_route, drivers.vehicle_type, drivers.vehicle_length, drivers.price_per_km, drivers.experience_years, drivers.status, drivers.emergency_contact, drivers.emergency_phone, drivers.remark, drivers.created_at, drivers.updated_at 
FROM drivers ORDER BY drivers.created_at DESC
 LIMIT ? OFFSET ?
2025-11-16 23:04:40,205 - sqlalchemy.engine.Engine - INFO - [cached since 3452s ago] (20, 0)
2025-11-16 23:04:40,206 - sqlalchemy.engine.Engine - INFO - SELECT count(drivers.id) AS count_1 
FROM drivers
2025-11-16 23:04:40,207 - sqlalchemy.engine.Engine - INFO - [cached since 3452s ago] ()
2025-11-16 23:04:40,209 - sqlalchemy.engine.Engine - INFO - ROLLBACK
2025-11-16 23:04:41,526 - sqlalchemy.engine.Engine - INFO - BEGIN (implicit)
2025-11-16 23:04:41,526 - sqlalchemy.engine.Engine - INFO - SELECT users.id, users.username, users.email, users.password_hash, users.role, users.is_active, users.last_login_at, users.created_at, users.updated_at 
FROM users 
WHERE users.username = ?
2025-11-16 23:04:41,526 - sqlalchemy.engine.Engine - INFO - [cached since 3919s ago] ('admin',)
2025-11-16 23:04:41,527 - sqlalchemy.engine.Engine - INFO - SELECT drivers.id, drivers.user_id, drivers.name, drivers.phone, drivers.id_card, drivers.license_number, drivers.license_type, drivers.main_route, drivers.vehicle_type, drivers.vehicle_length, drivers.price_per_km, drivers.experience_years, drivers.status, drivers.emergency_contact, drivers.emergency_phone, drivers.remark, drivers.created_at, drivers.updated_at 
FROM drivers 
WHERE drivers.id = ?
2025-11-16 23:04:41,527 - sqlalchemy.engine.Engine - INFO - [cached since 2389s ago] (5,)
2025-11-16 23:04:41,528 - sqlalchemy.engine.Engine - INFO - ROLLBACK
2025-11-16 23:04:41,538 - sqlalchemy.engine.Engine - INFO - BEGIN (implicit)
2025-11-16 23:04:41,538 - sqlalchemy.engine.Engine - INFO - SELECT users.id, users.username, users.email, users.password_hash, users.role, users.is_active, users.last_login_at, users.created_at, users.updated_at 
FROM users 
WHERE users.username = ?
2025-11-16 23:04:41,538 - sqlalchemy.engine.Engine - INFO - [cached since 3919s ago] ('admin',)
2025-11-16 23:04:41,539 - sqlalchemy.engine.Engine - INFO - SELECT drivers.id, drivers.user_id, drivers.name, drivers.phone, drivers.id_card, drivers.license_number, drivers.license_type, drivers.main_route, drivers.vehicle_type, drivers.vehicle_length, drivers.price_per_km, drivers.experience_years, drivers.status, drivers.emergency_contact, drivers.emergency_phone, drivers.remark, drivers.created_at, drivers.updated_at 
FROM drivers 
WHERE drivers.id = ?
2025-11-16 23:04:41,539 - sqlalchemy.engine.Engine - INFO - [cached since 2389s ago] (5,)
2025-11-16 23:04:41,540 - sqlalchemy.engine.Engine - INFO - ROLLBACK
2025-11-16 23:05:08,046 - sqlalchemy.engine.Engine - INFO - BEGIN (implicit)
2025-11-16 23:05:08,046 - sqlalchemy.engine.Engine - INFO - SELECT users.id, users.username, users.email, users.password_hash, users.role, users.is_active, users.last_login_at, users.created_at, users.updated_at 
FROM users 
WHERE users.username = ?
2025-11-16 23:05:08,046 - sqlalchemy.engine.Engine - INFO - [cached since 3946s ago] ('admin',)
2025-11-16 23:05:08,047 - sqlalchemy.engine.Engine - INFO - SELECT drivers.id, drivers.user_id, drivers.name, drivers.phone, drivers.id_card, drivers.license_number, drivers.license_type, drivers.main_route, drivers.vehicle_type, drivers.vehicle_length, drivers.price_per_km, drivers.experience_years, drivers.status, drivers.emergency_contact, drivers.emergency_phone, drivers.remark, drivers.created_at, drivers.updated_at 
FROM drivers 
WHERE drivers.id = ?
2025-11-16 23:05:08,047 - sqlalchemy.engine.Engine - INFO - [cached since 2416s ago] (5,)
2025-11-16 23:05:08,047 - sqlalchemy.engine.Engine - INFO - SELECT drivers.id, drivers.user_id, drivers.name, drivers.phone, drivers.id_card, drivers.license_number, drivers.license_type, drivers.main_route, drivers.vehicle_type, drivers.vehicle_length, drivers.price_per_km, drivers.experience_years, drivers.status, drivers.emergency_contact, drivers.emergency_phone, drivers.remark, drivers.created_at, drivers.updated_at 
FROM drivers 
WHERE drivers.id = ?
2025-11-16 23:05:08,047 - sqlalchemy.engine.Engine - INFO - [cached since 2416s ago] (5,)
2025-11-16 23:05:08,048 - sqlalchemy.engine.Engine - INFO - SELECT driver_photos.id AS driver_photos_id, driver_photos.driver_id AS driver_photos_driver_id, driver_photos.photo_type AS driver_photos_photo_type, driver_photos.file_path AS driver_photos_file_path, driver_photos.file_name AS driver_photos_file_name, driver_photos.file_size AS driver_photos_file_size, driver_photos.mime_type AS driver_photos_mime_type, driver_photos.created_at AS driver_photos_created_at 
FROM driver_photos 
WHERE ? = driver_photos.driver_id
2025-11-16 23:05:08,048 - sqlalchemy.engine.Engine - INFO - [generated in 0.00010s] (5,)
2025-11-16 23:05:08,049 - sqlalchemy.engine.Engine - INFO - DELETE FROM drivers WHERE drivers.id = ?
2025-11-16 23:05:08,050 - sqlalchemy.engine.Engine - INFO - [generated in 0.00007s] (5,)
2025-11-16 23:05:08,050 - sqlalchemy.engine.Engine - INFO - COMMIT
2025-11-16 23:05:08,088 - sqlalchemy.engine.Engine - INFO - BEGIN (implicit)
2025-11-16 23:05:08,088 - sqlalchemy.engine.Engine - INFO - SELECT users.id, users.username, users.email, users.password_hash, users.role, users.is_active, users.last_login_at, users.created_at, users.updated_at 
FROM users 
WHERE users.username = ?
2025-11-16 23:05:08,088 - sqlalchemy.engine.Engine - INFO - [cached since 3946s ago] ('admin',)
2025-11-16 23:05:08,089 - sqlalchemy.engine.Engine - INFO - SELECT drivers.id, drivers.user_id, drivers.name, drivers.phone, drivers.id_card, drivers.license_number, drivers.license_type, drivers.main_route, drivers.vehicle_type, drivers.vehicle_length, drivers.price_per_km, drivers.experience_years, drivers.status, drivers.emergency_contact, drivers.emergency_phone, drivers.remark, drivers.created_at, drivers.updated_at 
FROM drivers ORDER BY drivers.created_at DESC
 LIMIT ? OFFSET ?
2025-11-16 23:05:08,089 - sqlalchemy.engine.Engine - INFO - [cached since 3479s ago] (20, 0)
2025-11-16 23:05:08,090 - sqlalchemy.engine.Engine - INFO - SELECT count(drivers.id) AS count_1 
FROM drivers
2025-11-16 23:05:08,090 - sqlalchemy.engine.Engine - INFO - [cached since 3479s ago] ()
2025-11-16 23:05:08,092 - sqlalchemy.engine.Engine - INFO - ROLLBACK
2025-11-16 23:05:10,819 - sqlalchemy.engine.Engine - INFO - BEGIN (implicit)
2025-11-16 23:05:10,819 - sqlalchemy.engine.Engine - INFO - SELECT users.id, users.username, users.email, users.password_hash, users.role, users.is_active, users.last_login_at, users.created_at, users.updated_at 
FROM users 
WHERE users.username = ?
2025-11-16 23:05:10,819 - sqlalchemy.engine.Engine - INFO - [cached since 3949s ago] ('admin',)
2025-11-16 23:05:10,819 - sqlalchemy.engine.Engine - INFO - SELECT drivers.id, drivers.user_id, drivers.name, drivers.phone, drivers.id_card, drivers.license_number, drivers.license_type, drivers.main_route, drivers.vehicle_type, drivers.vehicle_length, drivers.price_per_km, drivers.experience_years, drivers.status, drivers.emergency_contact, drivers.emergency_phone, drivers.remark, drivers.created_at, drivers.updated_at 
FROM drivers 
WHERE drivers.id = ?
2025-11-16 23:05:10,819 - sqlalchemy.engine.Engine - INFO - [cached since 2418s ago] (2,)
2025-11-16 23:05:10,820 - sqlalchemy.engine.Engine - INFO - SELECT drivers.id, drivers.user_id, drivers.name, drivers.phone, drivers.id_card, drivers.license_number, drivers.license_type, drivers.main_route, drivers.vehicle_type, drivers.vehicle_length, drivers.price_per_km, drivers.experience_years, drivers.status, drivers.emergency_contact, drivers.emergency_phone, drivers.remark, drivers.created_at, drivers.updated_at 
FROM drivers 
WHERE drivers.id = ?
2025-11-16 23:05:10,820 - sqlalchemy.engine.Engine - INFO - [cached since 2418s ago] (2,)
2025-11-16 23:05:10,821 - sqlalchemy.engine.Engine - INFO - SELECT driver_photos.id AS driver_photos_id, driver_photos.driver_id AS driver_photos_driver_id, driver_photos.photo_type AS driver_photos_photo_type, driver_photos.file_path AS driver_photos_file_path, driver_photos.file_name AS driver_photos_file_name, driver_photos.file_size AS driver_photos_file_size, driver_photos.mime_type AS driver_photos_mime_type, driver_photos.created_at AS driver_photos_created_at 
FROM driver_photos 
WHERE ? = driver_photos.driver_id
2025-11-16 23:05:10,821 - sqlalchemy.engine.Engine - INFO - [cached since 2.772s ago] (2,)
2025-11-16 23:05:10,822 - sqlalchemy.engine.Engine - INFO - DELETE FROM drivers WHERE drivers.id = ?
2025-11-16 23:05:10,822 - sqlalchemy.engine.Engine - INFO - [cached since 2.772s ago] (2,)
2025-11-16 23:05:10,823 - sqlalchemy.engine.Engine - INFO - COMMIT
2025-11-16 23:06:40,967 - sqlalchemy.engine.Engine - INFO - BEGIN (implicit)
2025-11-16 23:06:40,968 - sqlalchemy.engine.Engine - INFO - SELECT users.id, users.username, users.email, users.password_hash, users.role, users.is_active, users.last_login_at, users.created_at, users.updated_at 
FROM users 
WHERE users.username = ?
2025-11-16 23:06:40,968 - sqlalchemy.engine.Engine - INFO - [cached since 4039s ago] ('admin',)
2025-11-16 23:06:40,969 - sqlalchemy.engine.Engine - INFO - ROLLBACK
2025-11-16 23:06:44,199 - sqlalchemy.engine.Engine - INFO - BEGIN (implicit)
2025-11-16 23:06:44,199 - sqlalchemy.engine.Engine - INFO - SELECT users.id, users.username, users.email, users.password_hash, users.role, users.is_active, users.last_login_at, users.created_at, users.updated_at 
FROM users 
WHERE users.username = ?
2025-11-16 23:06:44,199 - sqlalchemy.engine.Engine - INFO - [cached since 4042s ago] ('admin',)
2025-11-16 23:06:44,200 - sqlalchemy.engine.Engine - INFO - SELECT count(drivers.id) AS count_1 
FROM drivers
2025-11-16 23:06:44,200 - sqlalchemy.engine.Engine - INFO - [cached since 3575s ago] ()
2025-11-16 23:06:44,200 - sqlalchemy.engine.Engine - INFO - SELECT count(drivers.id) AS count_1 
FROM drivers 
WHERE drivers.status = ?
2025-11-16 23:06:44,200 - sqlalchemy.engine.Engine - INFO - [cached since 350.3s ago] ('active',)
2025-11-16 23:06:44,200 - sqlalchemy.engine.Engine - INFO - SELECT count(drivers.id) AS count_1 
FROM drivers 
WHERE drivers.created_at >= ?
2025-11-16 23:06:44,200 - sqlalchemy.engine.Engine - INFO - [cached since 350.3s ago] ('2025-11-01 00:00:00.000000',)
2025-11-16 23:06:44,201 - sqlalchemy.engine.Engine - INFO - SELECT drivers.main_route, count(drivers.id) AS count 
FROM drivers GROUP BY drivers.main_route ORDER BY count(drivers.id) DESC
 LIMIT ? OFFSET ?
2025-11-16 23:06:44,202 - sqlalchemy.engine.Engine - INFO - [cached since 350.3s ago] (10, 0)
2025-11-16 23:06:44,203 - sqlalchemy.engine.Engine - INFO - SELECT drivers.user_id, users.username, count(drivers.id) AS count 
FROM drivers JOIN users ON drivers.user_id = users.id GROUP BY drivers.user_id, users.username ORDER BY count(drivers.id) DESC
 LIMIT ? OFFSET ?
2025-11-16 23:06:44,203 - sqlalchemy.engine.Engine - INFO - [cached since 350.3s ago] (10, 0)
2025-11-16 23:06:44,204 - sqlalchemy.engine.Engine - INFO - ROLLBACK
2025-11-16 23:06:49,281 - sqlalchemy.engine.Engine - INFO - BEGIN (implicit)
2025-11-16 23:06:49,282 - sqlalchemy.engine.Engine - INFO - SELECT users.id, users.username, users.email, users.password_hash, users.role, users.is_active, users.last_login_at, users.created_at, users.updated_at 
FROM users 
WHERE users.username = ?
2025-11-16 23:06:49,282 - sqlalchemy.engine.Engine - INFO - [cached since 4047s ago] ('admin',)
2025-11-16 23:06:49,282 - sqlalchemy.engine.Engine - INFO - SELECT drivers.id, drivers.user_id, drivers.name, drivers.phone, drivers.id_card, drivers.license_number, drivers.license_type, drivers.main_route, drivers.vehicle_type, drivers.vehicle_length, drivers.price_per_km, drivers.experience_years, drivers.status, drivers.emergency_contact, drivers.emergency_phone, drivers.remark, drivers.created_at, drivers.updated_at 
FROM drivers ORDER BY drivers.created_at DESC
 LIMIT ? OFFSET ?
2025-11-16 23:06:49,282 - sqlalchemy.engine.Engine - INFO - [cached since 3580s ago] (20, 0)
2025-11-16 23:06:49,283 - sqlalchemy.engine.Engine - INFO - SELECT count(drivers.id) AS count_1 
FROM drivers
2025-11-16 23:06:49,283 - sqlalchemy.engine.Engine - INFO - [cached since 3580s ago] ()
2025-11-16 23:06:49,283 - sqlalchemy.engine.Engine - INFO - ROLLBACK
2025-11-16 23:07:36,015 - sqlalchemy.engine.Engine - INFO - BEGIN (implicit)
2025-11-16 23:07:36,015 - sqlalchemy.engine.Engine - INFO - SELECT users.id, users.username, users.email, users.password_hash, users.role, users.is_active, users.last_login_at, users.created_at, users.updated_at 
FROM users 
WHERE users.username = ?
2025-11-16 23:07:36,015 - sqlalchemy.engine.Engine - INFO - [cached since 4094s ago] ('admin',)
2025-11-16 23:07:36,016 - sqlalchemy.engine.Engine - INFO - ROLLBACK
2025-11-16 23:07:36,101 - sqlalchemy.engine.Engine - INFO - BEGIN (implicit)
2025-11-16 23:07:36,101 - sqlalchemy.engine.Engine - INFO - SELECT users.id, users.username, users.email, users.password_hash, users.role, users.is_active, users.last_login_at, users.created_at, users.updated_at 
FROM users 
WHERE users.username = ?
2025-11-16 23:07:36,101 - sqlalchemy.engine.Engine - INFO - [cached since 4094s ago] ('admin',)
2025-11-16 23:07:36,103 - sqlalchemy.engine.Engine - INFO - ROLLBACK
2025-11-16 23:07:36,104 - sqlalchemy.engine.Engine - INFO - BEGIN (implicit)
2025-11-16 23:07:36,104 - sqlalchemy.engine.Engine - INFO - SELECT users.id, users.username, users.email, users.password_hash, users.role, users.is_active, users.last_login_at, users.created_at, users.updated_at 
FROM users 
WHERE users.username = ?
2025-11-16 23:07:36,104 - sqlalchemy.engine.Engine - INFO - [cached since 4094s ago] ('admin',)
2025-11-16 23:07:36,105 - sqlalchemy.engine.Engine - INFO - SELECT drivers.id, drivers.user_id, drivers.name, drivers.phone, drivers.id_card, drivers.license_number, drivers.license_type, drivers.main_route, drivers.vehicle_type, drivers.vehicle_length, drivers.price_per_km, drivers.experience_years, drivers.status, drivers.emergency_contact, drivers.emergency_phone, drivers.remark, drivers.created_at, drivers.updated_at 
FROM drivers ORDER BY drivers.created_at DESC
 LIMIT ? OFFSET ?
2025-11-16 23:07:36,105 - sqlalchemy.engine.Engine - INFO - [cached since 3627s ago] (20, 0)
2025-11-16 23:07:36,106 - sqlalchemy.engine.Engine - INFO - SELECT count(drivers.id) AS count_1 
FROM drivers
2025-11-16 23:07:36,106 - sqlalchemy.engine.Engine - INFO - [cached since 3627s ago] ()
2025-11-16 23:07:36,108 - sqlalchemy.engine.Engine - INFO - ROLLBACK
2025-11-16 23:07:36,493 - sqlalchemy.engine.Engine - INFO - BEGIN (implicit)
2025-11-16 23:07:36,496 - sqlalchemy.engine.Engine - INFO - SELECT users.id, users.username, users.email, users.password_hash, users.role, users.is_active, users.last_login_at, users.created_at, users.updated_at 
FROM users 
WHERE users.username = ?
2025-11-16 23:07:36,496 - sqlalchemy.engine.Engine - INFO - [cached since 4094s ago] ('admin',)
2025-11-16 23:07:36,500 - sqlalchemy.engine.Engine - INFO - ROLLBACK
2025-11-16 23:07:36,744 - sqlalchemy.engine.Engine - INFO - BEGIN (implicit)
2025-11-16 23:07:36,744 - sqlalchemy.engine.Engine - INFO - SELECT users.id, users.username, users.email, users.password_hash, users.role, users.is_active, users.last_login_at, users.created_at, users.updated_at 
FROM users 
WHERE users.username = ?
2025-11-16 23:07:36,744 - sqlalchemy.engine.Engine - INFO - [cached since 4094s ago] ('admin',)
2025-11-16 23:07:36,751 - sqlalchemy.engine.Engine - INFO - ROLLBACK
2025-11-16 23:07:40,550 - sqlalchemy.engine.Engine - INFO - BEGIN (implicit)
2025-11-16 23:07:40,550 - sqlalchemy.engine.Engine - INFO - SELECT users.id, users.username, users.email, users.password_hash, users.role, users.is_active, users.last_login_at, users.created_at, users.updated_at 
FROM users 
WHERE users.username = ?
2025-11-16 23:07:40,550 - sqlalchemy.engine.Engine - INFO - [cached since 4098s ago] ('admin',)
2025-11-16 23:07:40,551 - sqlalchemy.engine.Engine - INFO - SELECT drivers.id, drivers.user_id, drivers.name, drivers.phone, drivers.id_card, drivers.license_number, drivers.license_type, drivers.main_route, drivers.vehicle_type, drivers.vehicle_length, drivers.price_per_km, drivers.experience_years, drivers.status, drivers.emergency_contact, drivers.emergency_phone, drivers.remark, drivers.created_at, drivers.updated_at 
FROM drivers 
WHERE drivers.id = ?
2025-11-16 23:07:40,551 - sqlalchemy.engine.Engine - INFO - [cached since 2568s ago] (4,)
2025-11-16 23:07:40,552 - sqlalchemy.engine.Engine - INFO - ROLLBACK
2025-11-16 23:07:40,565 - sqlalchemy.engine.Engine - INFO - BEGIN (implicit)
2025-11-16 23:07:40,565 - sqlalchemy.engine.Engine - INFO - SELECT users.id, users.username, users.email, users.password_hash, users.role, users.is_active, users.last_login_at, users.created_at, users.updated_at 
FROM users 
WHERE users.username = ?
2025-11-16 23:07:40,565 - sqlalchemy.engine.Engine - INFO - [cached since 4098s ago] ('admin',)
2025-11-16 23:07:40,566 - sqlalchemy.engine.Engine - INFO - SELECT drivers.id, drivers.user_id, drivers.name, drivers.phone, drivers.id_card, drivers.license_number, drivers.license_type, drivers.main_route, drivers.vehicle_type, drivers.vehicle_length, drivers.price_per_km, drivers.experience_years, drivers.status, drivers.emergency_contact, drivers.emergency_phone, drivers.remark, drivers.created_at, drivers.updated_at 
FROM drivers 
WHERE drivers.id = ?
2025-11-16 23:07:40,566 - sqlalchemy.engine.Engine - INFO - [cached since 2568s ago] (4,)
2025-11-16 23:07:40,566 - sqlalchemy.engine.Engine - INFO - ROLLBACK
2025-11-16 23:07:40,870 - sqlalchemy.engine.Engine - INFO - BEGIN (implicit)
2025-11-16 23:07:40,870 - sqlalchemy.engine.Engine - INFO - SELECT users.id, users.username, users.email, users.password_hash, users.role, users.is_active, users.last_login_at, users.created_at, users.updated_at 
FROM users 
WHERE users.username = ?
2025-11-16 23:07:40,870 - sqlalchemy.engine.Engine - INFO - [cached since 4099s ago] ('admin',)
2025-11-16 23:07:40,870 - sqlalchemy.engine.Engine - INFO - SELECT drivers.id, drivers.user_id, drivers.name, drivers.phone, drivers.id_card, drivers.license_number, drivers.license_type, drivers.main_route, drivers.vehicle_type, drivers.vehicle_length, drivers.price_per_km, drivers.experience_years, drivers.status, drivers.emergency_contact, drivers.emergency_phone, drivers.remark, drivers.created_at, drivers.updated_at 
FROM drivers 
WHERE drivers.id = ?
2025-11-16 23:07:40,870 - sqlalchemy.engine.Engine - INFO - [cached since 2568s ago] (4,)
2025-11-16 23:07:40,871 - sqlalchemy.engine.Engine - INFO - ROLLBACK
2025-11-16 23:07:44,006 - sqlalchemy.engine.Engine - INFO - BEGIN (implicit)
2025-11-16 23:07:44,007 - sqlalchemy.engine.Engine - INFO - SELECT users.id, users.username, users.email, users.password_hash, users.role, users.is_active, users.last_login_at, users.created_at, users.updated_at 
FROM users 
WHERE users.username = ?
2025-11-16 23:07:44,007 - sqlalchemy.engine.Engine - INFO - [cached since 4102s ago] ('admin',)
2025-11-16 23:07:44,007 - sqlalchemy.engine.Engine - INFO - SELECT drivers.id, drivers.user_id, drivers.name, drivers.phone, drivers.id_card, drivers.license_number, drivers.license_type, drivers.main_route, drivers.vehicle_type, drivers.vehicle_length, drivers.price_per_km, drivers.experience_years, drivers.status, drivers.emergency_contact, drivers.emergency_phone, drivers.remark, drivers.created_at, drivers.updated_at 
FROM drivers ORDER BY drivers.created_at DESC
 LIMIT ? OFFSET ?
2025-11-16 23:07:44,007 - sqlalchemy.engine.Engine - INFO - [cached since 3635s ago] (20, 0)
2025-11-16 23:07:44,008 - sqlalchemy.engine.Engine - INFO - SELECT count(drivers.id) AS count_1 
FROM drivers
2025-11-16 23:07:44,009 - sqlalchemy.engine.Engine - INFO - [cached since 3635s ago] ()
2025-11-16 23:07:44,010 - sqlalchemy.engine.Engine - INFO - ROLLBACK
2025-11-16 23:07:44,598 - sqlalchemy.engine.Engine - INFO - BEGIN (implicit)
2025-11-16 23:07:44,599 - sqlalchemy.engine.Engine - INFO - SELECT users.id, users.username, users.email, users.password_hash, users.role, users.is_active, users.last_login_at, users.created_at, users.updated_at 
FROM users 
WHERE users.username = ?
2025-11-16 23:07:44,599 - sqlalchemy.engine.Engine - INFO - [cached since 4102s ago] ('admin',)
2025-11-16 23:07:44,600 - sqlalchemy.engine.Engine - INFO - SELECT count(drivers.id) AS count_1 
FROM drivers
2025-11-16 23:07:44,600 - sqlalchemy.engine.Engine - INFO - [cached since 3636s ago] ()
2025-11-16 23:07:44,600 - sqlalchemy.engine.Engine - INFO - SELECT count(drivers.id) AS count_1 
FROM drivers 
WHERE drivers.status = ?
2025-11-16 23:07:44,600 - sqlalchemy.engine.Engine - INFO - [cached since 410.7s ago] ('active',)
2025-11-16 23:07:44,601 - sqlalchemy.engine.Engine - INFO - SELECT count(drivers.id) AS count_1 
FROM drivers 
WHERE drivers.created_at >= ?
2025-11-16 23:07:44,601 - sqlalchemy.engine.Engine - INFO - [cached since 410.7s ago] ('2025-11-01 00:00:00.000000',)
2025-11-16 23:07:44,601 - sqlalchemy.engine.Engine - INFO - SELECT drivers.main_route, count(drivers.id) AS count 
FROM drivers GROUP BY drivers.main_route ORDER BY count(drivers.id) DESC
 LIMIT ? OFFSET ?
2025-11-16 23:07:44,601 - sqlalchemy.engine.Engine - INFO - [cached since 410.7s ago] (10, 0)
2025-11-16 23:07:44,601 - sqlalchemy.engine.Engine - INFO - SELECT drivers.user_id, users.username, count(drivers.id) AS count 
FROM drivers JOIN users ON drivers.user_id = users.id GROUP BY drivers.user_id, users.username ORDER BY count(drivers.id) DESC
 LIMIT ? OFFSET ?
2025-11-16 23:07:44,601 - sqlalchemy.engine.Engine - INFO - [cached since 410.7s ago] (10, 0)
2025-11-16 23:07:44,602 - sqlalchemy.engine.Engine - INFO - ROLLBACK
2025-11-16 23:07:54,524 - sqlalchemy.engine.Engine - INFO - BEGIN (implicit)
2025-11-16 23:07:54,524 - sqlalchemy.engine.Engine - INFO - SELECT users.id, users.username, users.email, users.password_hash, users.role, users.is_active, users.last_login_at, users.created_at, users.updated_at 
FROM users 
WHERE users.username = ?
2025-11-16 23:07:54,524 - sqlalchemy.engine.Engine - INFO - [cached since 4112s ago] ('admin',)
2025-11-16 23:07:54,525 - sqlalchemy.engine.Engine - INFO - ROLLBACK
2025-11-16 23:07:54,831 - sqlalchemy.engine.Engine - INFO - BEGIN (implicit)
2025-11-16 23:07:54,832 - sqlalchemy.engine.Engine - INFO - SELECT users.id, users.username, users.email, users.password_hash, users.role, users.is_active, users.last_login_at, users.created_at, users.updated_at 
FROM users 
WHERE users.username = ?
2025-11-16 23:07:54,832 - sqlalchemy.engine.Engine - INFO - [cached since 4113s ago] ('admin',)
2025-11-16 23:07:54,833 - sqlalchemy.engine.Engine - INFO - ROLLBACK
2025-11-16 23:07:54,956 - sqlalchemy.engine.Engine - INFO - BEGIN (implicit)
2025-11-16 23:07:54,956 - sqlalchemy.engine.Engine - INFO - SELECT users.id, users.username, users.email, users.password_hash, users.role, users.is_active, users.last_login_at, users.created_at, users.updated_at 
FROM users 
WHERE users.username = ?
2025-11-16 23:07:54,956 - sqlalchemy.engine.Engine - INFO - [cached since 4113s ago] ('admin',)
2025-11-16 23:07:54,957 - sqlalchemy.engine.Engine - INFO - SELECT drivers.id, drivers.user_id, drivers.name, drivers.phone, drivers.id_card, drivers.license_number, drivers.license_type, drivers.main_route, drivers.vehicle_type, drivers.vehicle_length, drivers.price_per_km, drivers.experience_years, drivers.status, drivers.emergency_contact, drivers.emergency_phone, drivers.remark, drivers.created_at, drivers.updated_at 
FROM drivers ORDER BY drivers.created_at DESC
 LIMIT ? OFFSET ?
2025-11-16 23:07:54,957 - sqlalchemy.engine.Engine - INFO - [cached since 3646s ago] (20, 0)
2025-11-16 23:07:54,958 - sqlalchemy.engine.Engine - INFO - SELECT count(drivers.id) AS count_1 
FROM drivers
2025-11-16 23:07:54,958 - sqlalchemy.engine.Engine - INFO - [cached since 3646s ago] ()
2025-11-16 23:07:54,958 - sqlalchemy.engine.Engine - INFO - ROLLBACK
2025-11-16 23:07:56,462 - sqlalchemy.engine.Engine - INFO - BEGIN (implicit)
2025-11-16 23:07:56,462 - sqlalchemy.engine.Engine - INFO - SELECT users.id, users.username, users.email, users.password_hash, users.role, users.is_active, users.last_login_at, users.created_at, users.updated_at 
FROM users 
WHERE users.username = ?
2025-11-16 23:07:56,462 - sqlalchemy.engine.Engine - INFO - [cached since 4114s ago] ('admin',)
2025-11-16 23:07:56,463 - sqlalchemy.engine.Engine - INFO - SELECT drivers.id, drivers.user_id, drivers.name, drivers.phone, drivers.id_card, drivers.license_number, drivers.license_type, drivers.main_route, drivers.vehicle_type, drivers.vehicle_length, drivers.price_per_km, drivers.experience_years, drivers.status, drivers.emergency_contact, drivers.emergency_phone, drivers.remark, drivers.created_at, drivers.updated_at 
FROM drivers 
WHERE drivers.id = ?
2025-11-16 23:07:56,463 - sqlalchemy.engine.Engine - INFO - [cached since 2584s ago] (4,)
2025-11-16 23:07:56,463 - sqlalchemy.engine.Engine - INFO - ROLLBACK
2025-11-16 23:07:56,472 - sqlalchemy.engine.Engine - INFO - BEGIN (implicit)
2025-11-16 23:07:56,472 - sqlalchemy.engine.Engine - INFO - SELECT users.id, users.username, users.email, users.password_hash, users.role, users.is_active, users.last_login_at, users.created_at, users.updated_at 
FROM users 
WHERE users.username = ?
2025-11-16 23:07:56,472 - sqlalchemy.engine.Engine - INFO - [cached since 4114s ago] ('admin',)
2025-11-16 23:07:56,472 - sqlalchemy.engine.Engine - INFO - SELECT drivers.id, drivers.user_id, drivers.name, drivers.phone, drivers.id_card, drivers.license_number, drivers.license_type, drivers.main_route, drivers.vehicle_type, drivers.vehicle_length, drivers.price_per_km, drivers.experience_years, drivers.status, drivers.emergency_contact, drivers.emergency_phone, drivers.remark, drivers.created_at, drivers.updated_at 
FROM drivers 
WHERE drivers.id = ?
2025-11-16 23:07:56,472 - sqlalchemy.engine.Engine - INFO - [cached since 2584s ago] (4,)
2025-11-16 23:07:56,473 - sqlalchemy.engine.Engine - INFO - ROLLBACK
2025-11-16 23:07:56,778 - sqlalchemy.engine.Engine - INFO - BEGIN (implicit)
2025-11-16 23:07:56,778 - sqlalchemy.engine.Engine - INFO - SELECT users.id, users.username, users.email, users.password_hash, users.role, users.is_active, users.last_login_at, users.created_at, users.updated_at 
FROM users 
WHERE users.username = ?
2025-11-16 23:07:56,778 - sqlalchemy.engine.Engine - INFO - [cached since 4115s ago] ('admin',)
2025-11-16 23:07:56,779 - sqlalchemy.engine.Engine - INFO - SELECT drivers.id, drivers.user_id, drivers.name, drivers.phone, drivers.id_card, drivers.license_number, drivers.license_type, drivers.main_route, drivers.vehicle_type, drivers.vehicle_length, drivers.price_per_km, drivers.experience_years, drivers.status, drivers.emergency_contact, drivers.emergency_phone, drivers.remark, drivers.created_at, drivers.updated_at 
FROM drivers 
WHERE drivers.id = ?
2025-11-16 23:07:56,779 - sqlalchemy.engine.Engine - INFO - [cached since 2584s ago] (4,)
2025-11-16 23:07:56,779 - sqlalchemy.engine.Engine - INFO - ROLLBACK
2025-11-16 23:08:04,595 - sqlalchemy.engine.Engine - INFO - BEGIN (implicit)
2025-11-16 23:08:04,596 - sqlalchemy.engine.Engine - INFO - SELECT users.id, users.username, users.email, users.password_hash, users.role, users.is_active, users.last_login_at, users.created_at, users.updated_at 
FROM users 
WHERE users.username = ?
2025-11-16 23:08:04,596 - sqlalchemy.engine.Engine - INFO - [cached since 4122s ago] ('admin',)
2025-11-16 23:08:04,597 - sqlalchemy.engine.Engine - INFO - SELECT drivers.id, drivers.user_id, drivers.name, drivers.phone, drivers.id_card, drivers.license_number, drivers.license_type, drivers.main_route, drivers.vehicle_type, drivers.vehicle_length, drivers.price_per_km, drivers.experience_years, drivers.status, drivers.emergency_contact, drivers.emergency_phone, drivers.remark, drivers.created_at, drivers.updated_at 
FROM drivers 
WHERE drivers.id = ?
2025-11-16 23:08:04,597 - sqlalchemy.engine.Engine - INFO - [cached since 2592s ago] (4,)
2025-11-16 23:08:04,598 - sqlalchemy.engine.Engine - INFO - ROLLBACK
2025-11-16 23:08:06,224 - sqlalchemy.engine.Engine - INFO - BEGIN (implicit)
2025-11-16 23:08:06,224 - sqlalchemy.engine.Engine - INFO - SELECT users.id, users.username, users.email, users.password_hash, users.role, users.is_active, users.last_login_at, users.created_at, users.updated_at 
FROM users 
WHERE users.username = ?
2025-11-16 23:08:06,224 - sqlalchemy.engine.Engine - INFO - [cached since 4124s ago] ('admin',)
2025-11-16 23:08:06,225 - sqlalchemy.engine.Engine - INFO - SELECT drivers.id, drivers.user_id, drivers.name, drivers.phone, drivers.id_card, drivers.license_number, drivers.license_type, drivers.main_route, drivers.vehicle_type, drivers.vehicle_length, drivers.price_per_km, drivers.experience_years, drivers.status, drivers.emergency_contact, drivers.emergency_phone, drivers.remark, drivers.created_at, drivers.updated_at 
FROM drivers ORDER BY drivers.created_at DESC
 LIMIT ? OFFSET ?
2025-11-16 23:08:06,225 - sqlalchemy.engine.Engine - INFO - [cached since 3657s ago] (20, 0)
2025-11-16 23:08:06,225 - sqlalchemy.engine.Engine - INFO - SELECT count(drivers.id) AS count_1 
FROM drivers
2025-11-16 23:08:06,225 - sqlalchemy.engine.Engine - INFO - [cached since 3657s ago] ()
2025-11-16 23:08:06,226 - sqlalchemy.engine.Engine - INFO - ROLLBACK
2025-11-16 23:08:07,293 - sqlalchemy.engine.Engine - INFO - BEGIN (implicit)
2025-11-16 23:08:07,293 - sqlalchemy.engine.Engine - INFO - SELECT users.id, users.username, users.email, users.password_hash, users.role, users.is_active, users.last_login_at, users.created_at, users.updated_at 
FROM users 
WHERE users.username = ?
2025-11-16 23:08:07,294 - sqlalchemy.engine.Engine - INFO - [cached since 4125s ago] ('admin',)
2025-11-16 23:08:07,294 - sqlalchemy.engine.Engine - INFO - SELECT drivers.id, drivers.user_id, drivers.name, drivers.phone, drivers.id_card, drivers.license_number, drivers.license_type, drivers.main_route, drivers.vehicle_type, drivers.vehicle_length, drivers.price_per_km, drivers.experience_years, drivers.status, drivers.emergency_contact, drivers.emergency_phone, drivers.remark, drivers.created_at, drivers.updated_at 
FROM drivers 
WHERE drivers.id = ?
2025-11-16 23:08:07,294 - sqlalchemy.engine.Engine - INFO - [cached since 2595s ago] (4,)
2025-11-16 23:08:07,296 - sqlalchemy.engine.Engine - INFO - ROLLBACK
2025-11-16 23:08:07,305 - sqlalchemy.engine.Engine - INFO - BEGIN (implicit)
2025-11-16 23:08:07,305 - sqlalchemy.engine.Engine - INFO - SELECT users.id, users.username, users.email, users.password_hash, users.role, users.is_active, users.last_login_at, users.created_at, users.updated_at 
FROM users 
WHERE users.username = ?
2025-11-16 23:08:07,305 - sqlalchemy.engine.Engine - INFO - [cached since 4125s ago] ('admin',)
2025-11-16 23:08:07,306 - sqlalchemy.engine.Engine - INFO - SELECT drivers.id, drivers.user_id, drivers.name, drivers.phone, drivers.id_card, drivers.license_number, drivers.license_type, drivers.main_route, drivers.vehicle_type, drivers.vehicle_length, drivers.price_per_km, drivers.experience_years, drivers.status, drivers.emergency_contact, drivers.emergency_phone, drivers.remark, drivers.created_at, drivers.updated_at 
FROM drivers 
WHERE drivers.id = ?
2025-11-16 23:08:07,306 - sqlalchemy.engine.Engine - INFO - [cached since 2595s ago] (4,)
2025-11-16 23:08:07,306 - sqlalchemy.engine.Engine - INFO - ROLLBACK
2025-11-16 23:08:07,610 - sqlalchemy.engine.Engine - INFO - BEGIN (implicit)
2025-11-16 23:08:07,610 - sqlalchemy.engine.Engine - INFO - SELECT users.id, users.username, users.email, users.password_hash, users.role, users.is_active, users.last_login_at, users.created_at, users.updated_at 
FROM users 
WHERE users.username = ?
2025-11-16 23:08:07,610 - sqlalchemy.engine.Engine - INFO - [cached since 4125s ago] ('admin',)
2025-11-16 23:08:07,610 - sqlalchemy.engine.Engine - INFO - SELECT drivers.id, drivers.user_id, drivers.name, drivers.phone, drivers.id_card, drivers.license_number, drivers.license_type, drivers.main_route, drivers.vehicle_type, drivers.vehicle_length, drivers.price_per_km, drivers.experience_years, drivers.status, drivers.emergency_contact, drivers.emergency_phone, drivers.remark, drivers.created_at, drivers.updated_at 
FROM drivers 
WHERE drivers.id = ?
2025-11-16 23:08:07,610 - sqlalchemy.engine.Engine - INFO - [cached since 2595s ago] (4,)
2025-11-16 23:08:07,611 - sqlalchemy.engine.Engine - INFO - ROLLBACK
2025-11-16 23:08:10,781 - sqlalchemy.engine.Engine - INFO - BEGIN (implicit)
2025-11-16 23:08:10,781 - sqlalchemy.engine.Engine - INFO - SELECT users.id, users.username, users.email, users.password_hash, users.role, users.is_active, users.last_login_at, users.created_at, users.updated_at 
FROM users 
WHERE users.username = ?
2025-11-16 23:08:10,781 - sqlalchemy.engine.Engine - INFO - [cached since 4129s ago] ('admin',)
2025-11-16 23:08:10,782 - sqlalchemy.engine.Engine - INFO - SELECT count(drivers.id) AS count_1 
FROM drivers
2025-11-16 23:08:10,782 - sqlalchemy.engine.Engine - INFO - [cached since 3662s ago] ()
2025-11-16 23:08:10,783 - sqlalchemy.engine.Engine - INFO - SELECT count(drivers.id) AS count_1 
FROM drivers 
WHERE drivers.status = ?
2025-11-16 23:08:10,783 - sqlalchemy.engine.Engine - INFO - [cached since 436.9s ago] ('active',)
2025-11-16 23:08:10,783 - sqlalchemy.engine.Engine - INFO - SELECT count(drivers.id) AS count_1 
FROM drivers 
WHERE drivers.created_at >= ?
2025-11-16 23:08:10,784 - sqlalchemy.engine.Engine - INFO - [cached since 436.9s ago] ('2025-11-01 00:00:00.000000',)
2025-11-16 23:08:10,785 - sqlalchemy.engine.Engine - INFO - SELECT drivers.main_route, count(drivers.id) AS count 
FROM drivers GROUP BY drivers.main_route ORDER BY count(drivers.id) DESC
 LIMIT ? OFFSET ?
2025-11-16 23:08:10,785 - sqlalchemy.engine.Engine - INFO - [cached since 436.9s ago] (10, 0)
2025-11-16 23:08:10,785 - sqlalchemy.engine.Engine - INFO - SELECT drivers.user_id, users.username, count(drivers.id) AS count 
FROM drivers JOIN users ON drivers.user_id = users.id GROUP BY drivers.user_id, users.username ORDER BY count(drivers.id) DESC
 LIMIT ? OFFSET ?
2025-11-16 23:08:10,785 - sqlalchemy.engine.Engine - INFO - [cached since 436.9s ago] (10, 0)
2025-11-16 23:08:10,787 - sqlalchemy.engine.Engine - INFO - ROLLBACK
2025-11-16 23:08:11,424 - sqlalchemy.engine.Engine - INFO - BEGIN (implicit)
2025-11-16 23:08:11,424 - sqlalchemy.engine.Engine - INFO - SELECT users.id, users.username, users.email, users.password_hash, users.role, users.is_active, users.last_login_at, users.created_at, users.updated_at 
FROM users 
WHERE users.username = ?
2025-11-16 23:08:11,424 - sqlalchemy.engine.Engine - INFO - [cached since 4129s ago] ('admin',)
2025-11-16 23:08:11,425 - sqlalchemy.engine.Engine - INFO - ROLLBACK
2025-11-16 23:08:11,732 - sqlalchemy.engine.Engine - INFO - BEGIN (implicit)
2025-11-16 23:08:11,733 - sqlalchemy.engine.Engine - INFO - SELECT users.id, users.username, users.email, users.password_hash, users.role, users.is_active, users.last_login_at, users.created_at, users.updated_at 
FROM users 
WHERE users.username = ?
2025-11-16 23:08:11,733 - sqlalchemy.engine.Engine - INFO - [cached since 4129s ago] ('admin',)
2025-11-16 23:08:11,733 - sqlalchemy.engine.Engine - INFO - ROLLBACK
2025-11-16 23:08:12,554 - sqlalchemy.engine.Engine - INFO - BEGIN (implicit)
2025-11-16 23:08:12,554 - sqlalchemy.engine.Engine - INFO - SELECT users.id, users.username, users.email, users.password_hash, users.role, users.is_active, users.last_login_at, users.created_at, users.updated_at 
FROM users 
WHERE users.username = ?
2025-11-16 23:08:12,555 - sqlalchemy.engine.Engine - INFO - [cached since 4130s ago] ('admin',)
2025-11-16 23:08:12,555 - sqlalchemy.engine.Engine - INFO - ROLLBACK
2025-11-16 23:08:12,860 - sqlalchemy.engine.Engine - INFO - BEGIN (implicit)
2025-11-16 23:08:12,861 - sqlalchemy.engine.Engine - INFO - SELECT users.id, users.username, users.email, users.password_hash, users.role, users.is_active, users.last_login_at, users.created_at, users.updated_at 
FROM users 
WHERE users.username = ?
2025-11-16 23:08:12,861 - sqlalchemy.engine.Engine - INFO - [cached since 4131s ago] ('admin',)
2025-11-16 23:08:12,861 - sqlalchemy.engine.Engine - INFO - ROLLBACK
2025-11-16 23:08:13,332 - sqlalchemy.engine.Engine - INFO - BEGIN (implicit)
2025-11-16 23:08:13,332 - sqlalchemy.engine.Engine - INFO - SELECT users.id, users.username, users.email, users.password_hash, users.role, users.is_active, users.last_login_at, users.created_at, users.updated_at 
FROM users 
WHERE users.username = ?
2025-11-16 23:08:13,332 - sqlalchemy.engine.Engine - INFO - [cached since 4131s ago] ('admin',)
2025-11-16 23:08:13,333 - sqlalchemy.engine.Engine - INFO - SELECT drivers.id, drivers.user_id, drivers.name, drivers.phone, drivers.id_card, drivers.license_number, drivers.license_type, drivers.main_route, drivers.vehicle_type, drivers.vehicle_length, drivers.price_per_km, drivers.experience_years, drivers.status, drivers.emergency_contact, drivers.emergency_phone, drivers.remark, drivers.created_at, drivers.updated_at 
FROM drivers ORDER BY drivers.created_at DESC
 LIMIT ? OFFSET ?
2025-11-16 23:08:13,333 - sqlalchemy.engine.Engine - INFO - [cached since 3665s ago] (20, 0)
2025-11-16 23:08:13,333 - sqlalchemy.engine.Engine - INFO - SELECT count(drivers.id) AS count_1 
FROM drivers
2025-11-16 23:08:13,333 - sqlalchemy.engine.Engine - INFO - [cached since 3665s ago] ()
2025-11-16 23:08:13,334 - sqlalchemy.engine.Engine - INFO - ROLLBACK
2025-11-16 23:08:57,847 - sqlalchemy.engine.Engine - INFO - BEGIN (implicit)
2025-11-16 23:08:57,847 - sqlalchemy.engine.Engine - INFO - SELECT users.id, users.username, users.email, users.password_hash, users.role, users.is_active, users.last_login_at, users.created_at, users.updated_at 
FROM users 
WHERE users.username = ?
2025-11-16 23:08:57,847 - sqlalchemy.engine.Engine - INFO - [cached since 4176s ago] ('admin',)
2025-11-16 23:08:57,847 - sqlalchemy.engine.Engine - INFO - SELECT count(drivers.id) AS count_1 
FROM drivers
2025-11-16 23:08:57,847 - sqlalchemy.engine.Engine - INFO - [cached since 3709s ago] ()
2025-11-16 23:08:57,848 - sqlalchemy.engine.Engine - INFO - SELECT count(drivers.id) AS count_1 
FROM drivers 
WHERE drivers.status = ?
2025-11-16 23:08:57,848 - sqlalchemy.engine.Engine - INFO - [cached since 484s ago] ('active',)
2025-11-16 23:08:57,848 - sqlalchemy.engine.Engine - INFO - SELECT count(drivers.id) AS count_1 
FROM drivers 
WHERE drivers.created_at >= ?
2025-11-16 23:08:57,848 - sqlalchemy.engine.Engine - INFO - [cached since 484s ago] ('2025-11-01 00:00:00.000000',)
2025-11-16 23:08:57,849 - sqlalchemy.engine.Engine - INFO - SELECT drivers.main_route, count(drivers.id) AS count 
FROM drivers GROUP BY drivers.main_route ORDER BY count(drivers.id) DESC
 LIMIT ? OFFSET ?
2025-11-16 23:08:57,849 - sqlalchemy.engine.Engine - INFO - [cached since 483.9s ago] (10, 0)
2025-11-16 23:08:57,850 - sqlalchemy.engine.Engine - INFO - SELECT drivers.user_id, users.username, count(drivers.id) AS count 
FROM drivers JOIN users ON drivers.user_id = users.id GROUP BY drivers.user_id, users.username ORDER BY count(drivers.id) DESC
 LIMIT ? OFFSET ?
2025-11-16 23:08:57,850 - sqlalchemy.engine.Engine - INFO - [cached since 483.9s ago] (10, 0)
2025-11-16 23:08:57,851 - sqlalchemy.engine.Engine - INFO - ROLLBACK
2025-11-16 23:08:58,255 - sqlalchemy.engine.Engine - INFO - BEGIN (implicit)
2025-11-16 23:08:58,256 - sqlalchemy.engine.Engine - INFO - SELECT users.id, users.username, users.email, users.password_hash, users.role, users.is_active, users.last_login_at, users.created_at, users.updated_at 
FROM users 
WHERE users.username = ?
2025-11-16 23:08:58,256 - sqlalchemy.engine.Engine - INFO - [cached since 4176s ago] ('admin',)
2025-11-16 23:08:58,260 - sqlalchemy.engine.Engine - INFO - SELECT drivers.id, drivers.user_id, drivers.name, drivers.phone, drivers.id_card, drivers.license_number, drivers.license_type, drivers.main_route, drivers.vehicle_type, drivers.vehicle_length, drivers.price_per_km, drivers.experience_years, drivers.status, drivers.emergency_contact, drivers.emergency_phone, drivers.remark, drivers.created_at, drivers.updated_at 
FROM drivers ORDER BY drivers.created_at DESC
 LIMIT ? OFFSET ?
2025-11-16 23:08:58,260 - sqlalchemy.engine.Engine - INFO - [cached since 3709s ago] (20, 0)
2025-11-16 23:08:58,261 - sqlalchemy.engine.Engine - INFO - SELECT count(drivers.id) AS count_1 
FROM drivers
2025-11-16 23:08:58,261 - sqlalchemy.engine.Engine - INFO - [cached since 3709s ago] ()
2025-11-16 23:08:58,263 - sqlalchemy.engine.Engine - INFO - ROLLBACK
2025-11-16 23:09:00,101 - sqlalchemy.engine.Engine - INFO - BEGIN (implicit)
2025-11-16 23:09:00,101 - sqlalchemy.engine.Engine - INFO - SELECT users.id, users.username, users.email, users.password_hash, users.role, users.is_active, users.last_login_at, users.created_at, users.updated_at 
FROM users 
WHERE users.username = ?
2025-11-16 23:09:00,101 - sqlalchemy.engine.Engine - INFO - [cached since 4178s ago] ('admin',)
2025-11-16 23:09:00,102 - sqlalchemy.engine.Engine - INFO - ROLLBACK
2025-11-16 23:09:00,185 - sqlalchemy.engine.Engine - INFO - BEGIN (implicit)
2025-11-16 23:09:00,186 - sqlalchemy.engine.Engine - INFO - SELECT users.id, users.username, users.email, users.password_hash, users.role, users.is_active, users.last_login_at, users.created_at, users.updated_at 
FROM users 
WHERE users.username = ?
2025-11-16 23:09:00,186 - sqlalchemy.engine.Engine - INFO - [cached since 4178s ago] ('admin',)
2025-11-16 23:09:00,186 - sqlalchemy.engine.Engine - INFO - BEGIN (implicit)
2025-11-16 23:09:00,186 - sqlalchemy.engine.Engine - INFO - SELECT users.id, users.username, users.email, users.password_hash, users.role, users.is_active, users.last_login_at, users.created_at, users.updated_at 
FROM users 
WHERE users.username = ?
2025-11-16 23:09:00,187 - sqlalchemy.engine.Engine - INFO - [cached since 4178s ago] ('admin',)
2025-11-16 23:09:00,189 - sqlalchemy.engine.Engine - INFO - ROLLBACK
2025-11-16 23:09:00,190 - sqlalchemy.engine.Engine - INFO - SELECT drivers.id, drivers.user_id, drivers.name, drivers.phone, drivers.id_card, drivers.license_number, drivers.license_type, drivers.main_route, drivers.vehicle_type, drivers.vehicle_length, drivers.price_per_km, drivers.experience_years, drivers.status, drivers.emergency_contact, drivers.emergency_phone, drivers.remark, drivers.created_at, drivers.updated_at 
FROM drivers ORDER BY drivers.created_at DESC
 LIMIT ? OFFSET ?
2025-11-16 23:09:00,190 - sqlalchemy.engine.Engine - INFO - [cached since 3711s ago] (20, 0)
2025-11-16 23:09:00,191 - sqlalchemy.engine.Engine - INFO - SELECT count(drivers.id) AS count_1 
FROM drivers
2025-11-16 23:09:00,191 - sqlalchemy.engine.Engine - INFO - [cached since 3711s ago] ()
2025-11-16 23:09:00,192 - sqlalchemy.engine.Engine - INFO - ROLLBACK
2025-11-16 23:09:01,230 - sqlalchemy.engine.Engine - INFO - BEGIN (implicit)
2025-11-16 23:09:01,230 - sqlalchemy.engine.Engine - INFO - SELECT users.id, users.username, users.email, users.password_hash, users.role, users.is_active, users.last_login_at, users.created_at, users.updated_at 
FROM users 
WHERE users.username = ?
2025-11-16 23:09:01,231 - sqlalchemy.engine.Engine - INFO - [cached since 4179s ago] ('admin',)
2025-11-16 23:09:01,232 - sqlalchemy.engine.Engine - INFO - SELECT drivers.id, drivers.user_id, drivers.name, drivers.phone, drivers.id_card, drivers.license_number, drivers.license_type, drivers.main_route, drivers.vehicle_type, drivers.vehicle_length, drivers.price_per_km, drivers.experience_years, drivers.status, drivers.emergency_contact, drivers.emergency_phone, drivers.remark, drivers.created_at, drivers.updated_at 
FROM drivers 
WHERE drivers.id = ?
2025-11-16 23:09:01,232 - sqlalchemy.engine.Engine - INFO - [cached since 2649s ago] (4,)
2025-11-16 23:09:01,233 - sqlalchemy.engine.Engine - INFO - ROLLBACK
2025-11-16 23:09:01,246 - sqlalchemy.engine.Engine - INFO - BEGIN (implicit)
2025-11-16 23:09:01,246 - sqlalchemy.engine.Engine - INFO - SELECT users.id, users.username, users.email, users.password_hash, users.role, users.is_active, users.last_login_at, users.created_at, users.updated_at 
FROM users 
WHERE users.username = ?
2025-11-16 23:09:01,246 - sqlalchemy.engine.Engine - INFO - [cached since 4179s ago] ('admin',)
2025-11-16 23:09:01,246 - sqlalchemy.engine.Engine - INFO - SELECT drivers.id, drivers.user_id, drivers.name, drivers.phone, drivers.id_card, drivers.license_number, drivers.license_type, drivers.main_route, drivers.vehicle_type, drivers.vehicle_length, drivers.price_per_km, drivers.experience_years, drivers.status, drivers.emergency_contact, drivers.emergency_phone, drivers.remark, drivers.created_at, drivers.updated_at 
FROM drivers 
WHERE drivers.id = ?
2025-11-16 23:09:01,246 - sqlalchemy.engine.Engine - INFO - [cached since 2649s ago] (4,)
2025-11-16 23:09:01,247 - sqlalchemy.engine.Engine - INFO - ROLLBACK
2025-11-16 23:09:01,553 - sqlalchemy.engine.Engine - INFO - BEGIN (implicit)
2025-11-16 23:09:01,553 - sqlalchemy.engine.Engine - INFO - SELECT users.id, users.username, users.email, users.password_hash, users.role, users.is_active, users.last_login_at, users.created_at, users.updated_at 
FROM users 
WHERE users.username = ?
2025-11-16 23:09:01,553 - sqlalchemy.engine.Engine - INFO - [cached since 4179s ago] ('admin',)
2025-11-16 23:09:01,555 - sqlalchemy.engine.Engine - INFO - SELECT drivers.id, drivers.user_id, drivers.name, drivers.phone, drivers.id_card, drivers.license_number, drivers.license_type, drivers.main_route, drivers.vehicle_type, drivers.vehicle_length, drivers.price_per_km, drivers.experience_years, drivers.status, drivers.emergency_contact, drivers.emergency_phone, drivers.remark, drivers.created_at, drivers.updated_at 
FROM drivers 
WHERE drivers.id = ?
2025-11-16 23:09:01,555 - sqlalchemy.engine.Engine - INFO - [cached since 2649s ago] (4,)
2025-11-16 23:09:01,556 - sqlalchemy.engine.Engine - INFO - ROLLBACK
2025-11-16 23:09:12,064 - sqlalchemy.engine.Engine - INFO - BEGIN (implicit)
2025-11-16 23:09:12,064 - sqlalchemy.engine.Engine - INFO - SELECT users.id, users.username, users.email, users.password_hash, users.role, users.is_active, users.last_login_at, users.created_at, users.updated_at 
FROM users 
WHERE users.username = ?
2025-11-16 23:09:12,064 - sqlalchemy.engine.Engine - INFO - [cached since 4190s ago] ('admin',)
2025-11-16 23:09:12,065 - sqlalchemy.engine.Engine - INFO - ROLLBACK
2025-11-16 23:09:12,372 - sqlalchemy.engine.Engine - INFO - BEGIN (implicit)
2025-11-16 23:09:12,373 - sqlalchemy.engine.Engine - INFO - SELECT users.id, users.username, users.email, users.password_hash, users.role, users.is_active, users.last_login_at, users.created_at, users.updated_at 
FROM users 
WHERE users.username = ?
2025-11-16 23:09:12,373 - sqlalchemy.engine.Engine - INFO - [cached since 4190s ago] ('admin',)
2025-11-16 23:09:12,374 - sqlalchemy.engine.Engine - INFO - ROLLBACK
2025-11-16 23:09:18,357 - sqlalchemy.engine.Engine - INFO - BEGIN (implicit)
2025-11-16 23:09:18,357 - sqlalchemy.engine.Engine - INFO - SELECT users.id, users.username, users.email, users.password_hash, users.role, users.is_active, users.last_login_at, users.created_at, users.updated_at 
FROM users 
WHERE users.username = ?
2025-11-16 23:09:18,357 - sqlalchemy.engine.Engine - INFO - [cached since 4196s ago] ('admin',)
2025-11-16 23:09:18,358 - sqlalchemy.engine.Engine - INFO - ROLLBACK
2025-11-16 23:09:53,077 - sqlalchemy.engine.Engine - INFO - BEGIN (implicit)
2025-11-16 23:09:53,078 - sqlalchemy.engine.Engine - INFO - SELECT users.id, users.username, users.email, users.password_hash, users.role, users.is_active, users.last_login_at, users.created_at, users.updated_at 
FROM users 
WHERE users.username = ?
2025-11-16 23:09:53,078 - sqlalchemy.engine.Engine - INFO - [cached since 4231s ago] ('admin',)
2025-11-16 23:09:53,079 - sqlalchemy.engine.Engine - INFO - SELECT drivers.id, drivers.user_id, drivers.name, drivers.phone, drivers.id_card, drivers.license_number, drivers.license_type, drivers.main_route, drivers.vehicle_type, drivers.vehicle_length, drivers.price_per_km, drivers.experience_years, drivers.status, drivers.emergency_contact, drivers.emergency_phone, drivers.remark, drivers.created_at, drivers.updated_at 
FROM drivers ORDER BY drivers.created_at DESC
 LIMIT ? OFFSET ?
2025-11-16 23:09:53,080 - sqlalchemy.engine.Engine - INFO - [cached since 3764s ago] (20, 0)
2025-11-16 23:09:53,080 - sqlalchemy.engine.Engine - INFO - SELECT count(drivers.id) AS count_1 
FROM drivers
2025-11-16 23:09:53,080 - sqlalchemy.engine.Engine - INFO - [cached since 3764s ago] ()
2025-11-16 23:09:53,082 - sqlalchemy.engine.Engine - INFO - ROLLBACK
2025-11-16 23:10:24,560 - sqlalchemy.engine.Engine - INFO - BEGIN (implicit)
2025-11-16 23:10:24,561 - sqlalchemy.engine.Engine - INFO - SELECT users.id, users.username, users.email, users.password_hash, users.role, users.is_active, users.last_login_at, users.created_at, users.updated_at 
FROM users 
WHERE users.username = ?
2025-11-16 23:10:24,561 - sqlalchemy.engine.Engine - INFO - [cached since 4262s ago] ('admin',)
2025-11-16 23:10:24,561 - sqlalchemy.engine.Engine - INFO - ROLLBACK
2025-11-16 23:10:27,923 - sqlalchemy.engine.Engine - INFO - BEGIN (implicit)
2025-11-16 23:10:27,924 - sqlalchemy.engine.Engine - INFO - SELECT users.id, users.username, users.email, users.password_hash, users.role, users.is_active, users.last_login_at, users.created_at, users.updated_at 
FROM users 
WHERE users.username = ?
2025-11-16 23:10:27,924 - sqlalchemy.engine.Engine - INFO - [cached since 4266s ago] ('admin',)
2025-11-16 23:10:27,924 - sqlalchemy.engine.Engine - INFO - ROLLBACK
2025-11-16 23:10:38,316 - sqlalchemy.engine.Engine - INFO - BEGIN (implicit)
2025-11-16 23:10:38,317 - sqlalchemy.engine.Engine - INFO - SELECT users.id, users.username, users.email, users.password_hash, users.role, users.is_active, users.last_login_at, users.created_at, users.updated_at 
FROM users 
WHERE users.username = ?
2025-11-16 23:10:38,317 - sqlalchemy.engine.Engine - INFO - [cached since 4276s ago] ('admin',)
2025-11-16 23:10:38,318 - sqlalchemy.engine.Engine - INFO - SELECT drivers.id, drivers.user_id, drivers.name, drivers.phone, drivers.id_card, drivers.license_number, drivers.license_type, drivers.main_route, drivers.vehicle_type, drivers.vehicle_length, drivers.price_per_km, drivers.experience_years, drivers.status, drivers.emergency_contact, drivers.emergency_phone, drivers.remark, drivers.created_at, drivers.updated_at 
FROM drivers ORDER BY drivers.created_at DESC
 LIMIT ? OFFSET ?
2025-11-16 23:10:38,318 - sqlalchemy.engine.Engine - INFO - [cached since 3809s ago] (20, 0)
2025-11-16 23:10:38,318 - sqlalchemy.engine.Engine - INFO - SELECT count(drivers.id) AS count_1 
FROM drivers
2025-11-16 23:10:38,318 - sqlalchemy.engine.Engine - INFO - [cached since 3809s ago] ()
2025-11-16 23:10:38,319 - sqlalchemy.engine.Engine - INFO - ROLLBACK
2025-11-16 23:10:39,873 - sqlalchemy.engine.Engine - INFO - BEGIN (implicit)
2025-11-16 23:10:39,873 - sqlalchemy.engine.Engine - INFO - SELECT users.id, users.username, users.email, users.password_hash, users.role, users.is_active, users.last_login_at, users.created_at, users.updated_at 
FROM users 
WHERE users.username = ?
2025-11-16 23:10:39,874 - sqlalchemy.engine.Engine - INFO - [cached since 4278s ago] ('admin',)
2025-11-16 23:10:39,874 - sqlalchemy.engine.Engine - INFO - SELECT count(drivers.id) AS count_1 
FROM drivers
2025-11-16 23:10:39,874 - sqlalchemy.engine.Engine - INFO - [cached since 3811s ago] ()
2025-11-16 23:10:39,875 - sqlalchemy.engine.Engine - INFO - SELECT count(drivers.id) AS count_1 
FROM drivers 
WHERE drivers.status = ?
2025-11-16 23:10:39,876 - sqlalchemy.engine.Engine - INFO - [cached since 586s ago] ('active',)
2025-11-16 23:10:39,876 - sqlalchemy.engine.Engine - INFO - SELECT count(drivers.id) AS count_1 
FROM drivers 
WHERE drivers.created_at >= ?
2025-11-16 23:10:39,876 - sqlalchemy.engine.Engine - INFO - [cached since 586s ago] ('2025-11-01 00:00:00.000000',)
2025-11-16 23:10:39,877 - sqlalchemy.engine.Engine - INFO - SELECT drivers.main_route, count(drivers.id) AS count 
FROM drivers GROUP BY drivers.main_route ORDER BY count(drivers.id) DESC
 LIMIT ? OFFSET ?
2025-11-16 23:10:39,877 - sqlalchemy.engine.Engine - INFO - [cached since 586s ago] (10, 0)
2025-11-16 23:10:39,878 - sqlalchemy.engine.Engine - INFO - SELECT drivers.user_id, users.username, count(drivers.id) AS count 
FROM drivers JOIN users ON drivers.user_id = users.id GROUP BY drivers.user_id, users.username ORDER BY count(drivers.id) DESC
 LIMIT ? OFFSET ?
2025-11-16 23:10:39,879 - sqlalchemy.engine.Engine - INFO - [cached since 586s ago] (10, 0)
2025-11-16 23:10:39,880 - sqlalchemy.engine.Engine - INFO - ROLLBACK
2025-11-16 23:10:40,584 - sqlalchemy.engine.Engine - INFO - BEGIN (implicit)
2025-11-16 23:10:40,584 - sqlalchemy.engine.Engine - INFO - SELECT users.id, users.username, users.email, users.password_hash, users.role, users.is_active, users.last_login_at, users.created_at, users.updated_at 
FROM users 
WHERE users.username = ?
2025-11-16 23:10:40,585 - sqlalchemy.engine.Engine - INFO - [cached since 4278s ago] ('admin',)
2025-11-16 23:10:40,585 - sqlalchemy.engine.Engine - INFO - ROLLBACK
2025-11-16 23:10:40,890 - sqlalchemy.engine.Engine - INFO - BEGIN (implicit)
2025-11-16 23:10:40,890 - sqlalchemy.engine.Engine - INFO - SELECT users.id, users.username, users.email, users.password_hash, users.role, users.is_active, users.last_login_at, users.created_at, users.updated_at 
FROM users 
WHERE users.username = ?
2025-11-16 23:10:40,890 - sqlalchemy.engine.Engine - INFO - [cached since 4279s ago] ('admin',)
2025-11-16 23:10:40,890 - sqlalchemy.engine.Engine - INFO - ROLLBACK
2025-11-16 23:10:42,043 - sqlalchemy.engine.Engine - INFO - BEGIN (implicit)
2025-11-16 23:10:42,043 - sqlalchemy.engine.Engine - INFO - SELECT users.id, users.username, users.email, users.password_hash, users.role, users.is_active, users.last_login_at, users.created_at, users.updated_at 
FROM users 
WHERE users.username = ?
2025-11-16 23:10:42,043 - sqlalchemy.engine.Engine - INFO - [cached since 4280s ago] ('admin',)
2025-11-16 23:10:42,044 - sqlalchemy.engine.Engine - INFO - SELECT drivers.id, drivers.user_id, drivers.name, drivers.phone, drivers.id_card, drivers.license_number, drivers.license_type, drivers.main_route, drivers.vehicle_type, drivers.vehicle_length, drivers.price_per_km, drivers.experience_years, drivers.status, drivers.emergency_contact, drivers.emergency_phone, drivers.remark, drivers.created_at, drivers.updated_at 
FROM drivers ORDER BY drivers.created_at DESC
 LIMIT ? OFFSET ?
2025-11-16 23:10:42,044 - sqlalchemy.engine.Engine - INFO - [cached since 3813s ago] (20, 0)
2025-11-16 23:10:42,045 - sqlalchemy.engine.Engine - INFO - SELECT count(drivers.id) AS count_1 
FROM drivers
2025-11-16 23:10:42,045 - sqlalchemy.engine.Engine - INFO - [cached since 3813s ago] ()
2025-11-16 23:10:42,047 - sqlalchemy.engine.Engine - INFO - ROLLBACK
2025-11-16 23:10:42,366 - sqlalchemy.engine.Engine - INFO - BEGIN (implicit)
2025-11-16 23:10:42,367 - sqlalchemy.engine.Engine - INFO - SELECT users.id, users.username, users.email, users.password_hash, users.role, users.is_active, users.last_login_at, users.created_at, users.updated_at 
FROM users 
WHERE users.username = ?
2025-11-16 23:10:42,367 - sqlalchemy.engine.Engine - INFO - [cached since 4280s ago] ('admin',)
2025-11-16 23:10:42,367 - sqlalchemy.engine.Engine - INFO - ROLLBACK
2025-11-16 23:10:42,629 - sqlalchemy.engine.Engine - INFO - BEGIN (implicit)
2025-11-16 23:10:42,629 - sqlalchemy.engine.Engine - INFO - SELECT users.id, users.username, users.email, users.password_hash, users.role, users.is_active, users.last_login_at, users.created_at, users.updated_at 
FROM users 
WHERE users.username = ?
2025-11-16 23:10:42,629 - sqlalchemy.engine.Engine - INFO - [cached since 4280s ago] ('admin',)
2025-11-16 23:10:42,629 - sqlalchemy.engine.Engine - INFO - SELECT count(drivers.id) AS count_1 
FROM drivers
2025-11-16 23:10:42,629 - sqlalchemy.engine.Engine - INFO - [cached since 3814s ago] ()
2025-11-16 23:10:42,630 - sqlalchemy.engine.Engine - INFO - SELECT count(drivers.id) AS count_1 
FROM drivers 
WHERE drivers.status = ?
2025-11-16 23:10:42,630 - sqlalchemy.engine.Engine - INFO - [cached since 588.7s ago] ('active',)
2025-11-16 23:10:42,630 - sqlalchemy.engine.Engine - INFO - SELECT count(drivers.id) AS count_1 
FROM drivers 
WHERE drivers.created_at >= ?
2025-11-16 23:10:42,630 - sqlalchemy.engine.Engine - INFO - [cached since 588.7s ago] ('2025-11-01 00:00:00.000000',)
2025-11-16 23:10:42,631 - sqlalchemy.engine.Engine - INFO - SELECT drivers.main_route, count(drivers.id) AS count 
FROM drivers GROUP BY drivers.main_route ORDER BY count(drivers.id) DESC
 LIMIT ? OFFSET ?
2025-11-16 23:10:42,631 - sqlalchemy.engine.Engine - INFO - [cached since 588.7s ago] (10, 0)
2025-11-16 23:10:42,631 - sqlalchemy.engine.Engine - INFO - SELECT drivers.user_id, users.username, count(drivers.id) AS count 
FROM drivers JOIN users ON drivers.user_id = users.id GROUP BY drivers.user_id, users.username ORDER BY count(drivers.id) DESC
 LIMIT ? OFFSET ?
2025-11-16 23:10:42,631 - sqlalchemy.engine.Engine - INFO - [cached since 588.7s ago] (10, 0)
2025-11-16 23:10:42,632 - sqlalchemy.engine.Engine - INFO - ROLLBACK
2025-11-16 23:10:42,672 - sqlalchemy.engine.Engine - INFO - BEGIN (implicit)
2025-11-16 23:10:42,672 - sqlalchemy.engine.Engine - INFO - SELECT users.id, users.username, users.email, users.password_hash, users.role, users.is_active, users.last_login_at, users.created_at, users.updated_at 
FROM users 
WHERE users.username = ?
2025-11-16 23:10:42,672 - sqlalchemy.engine.Engine - INFO - [cached since 4280s ago] ('admin',)
2025-11-16 23:10:42,672 - sqlalchemy.engine.Engine - INFO - ROLLBACK
2025-11-16 23:10:42,882 - sqlalchemy.engine.Engine - INFO - BEGIN (implicit)
2025-11-16 23:10:42,883 - sqlalchemy.engine.Engine - INFO - SELECT users.id, users.username, users.email, users.password_hash, users.role, users.is_active, users.last_login_at, users.created_at, users.updated_at 
FROM users 
WHERE users.username = ?
2025-11-16 23:10:42,883 - sqlalchemy.engine.Engine - INFO - [cached since 4281s ago] ('admin',)
2025-11-16 23:10:42,883 - sqlalchemy.engine.Engine - INFO - ROLLBACK
2025-11-16 23:10:43,188 - sqlalchemy.engine.Engine - INFO - BEGIN (implicit)
2025-11-16 23:10:43,188 - sqlalchemy.engine.Engine - INFO - SELECT users.id, users.username, users.email, users.password_hash, users.role, users.is_active, users.last_login_at, users.created_at, users.updated_at 
FROM users 
WHERE users.username = ?
2025-11-16 23:10:43,188 - sqlalchemy.engine.Engine - INFO - [cached since 4281s ago] ('admin',)
2025-11-16 23:10:43,189 - sqlalchemy.engine.Engine - INFO - ROLLBACK
2025-11-16 23:10:43,371 - sqlalchemy.engine.Engine - INFO - BEGIN (implicit)
2025-11-16 23:10:43,372 - sqlalchemy.engine.Engine - INFO - SELECT users.id, users.username, users.email, users.password_hash, users.role, users.is_active, users.last_login_at, users.created_at, users.updated_at 
FROM users 
WHERE users.username = ?
2025-11-16 23:10:43,372 - sqlalchemy.engine.Engine - INFO - [cached since 4281s ago] ('admin',)
2025-11-16 23:10:43,374 - sqlalchemy.engine.Engine - INFO - SELECT drivers.id, drivers.user_id, drivers.name, drivers.phone, drivers.id_card, drivers.license_number, drivers.license_type, drivers.main_route, drivers.vehicle_type, drivers.vehicle_length, drivers.price_per_km, drivers.experience_years, drivers.status, drivers.emergency_contact, drivers.emergency_phone, drivers.remark, drivers.created_at, drivers.updated_at 
FROM drivers ORDER BY drivers.created_at DESC
 LIMIT ? OFFSET ?
2025-11-16 23:10:43,374 - sqlalchemy.engine.Engine - INFO - [cached since 3815s ago] (20, 0)
2025-11-16 23:10:43,376 - sqlalchemy.engine.Engine - INFO - SELECT count(drivers.id) AS count_1 
FROM drivers
2025-11-16 23:10:43,376 - sqlalchemy.engine.Engine - INFO - [cached since 3815s ago] ()
2025-11-16 23:10:43,377 - sqlalchemy.engine.Engine - INFO - ROLLBACK
2025-11-16 23:10:43,815 - sqlalchemy.engine.Engine - INFO - BEGIN (implicit)
2025-11-16 23:10:43,815 - sqlalchemy.engine.Engine - INFO - SELECT users.id, users.username, users.email, users.password_hash, users.role, users.is_active, users.last_login_at, users.created_at, users.updated_at 
FROM users 
WHERE users.username = ?
2025-11-16 23:10:43,815 - sqlalchemy.engine.Engine - INFO - [cached since 4282s ago] ('admin',)
2025-11-16 23:10:43,816 - sqlalchemy.engine.Engine - INFO - SELECT count(drivers.id) AS count_1 
FROM drivers
2025-11-16 23:10:43,816 - sqlalchemy.engine.Engine - INFO - [cached since 3815s ago] ()
2025-11-16 23:10:43,817 - sqlalchemy.engine.Engine - INFO - SELECT count(drivers.id) AS count_1 
FROM drivers 
WHERE drivers.status = ?
2025-11-16 23:10:43,817 - sqlalchemy.engine.Engine - INFO - [cached since 589.9s ago] ('active',)
2025-11-16 23:10:43,817 - sqlalchemy.engine.Engine - INFO - SELECT count(drivers.id) AS count_1 
FROM drivers 
WHERE drivers.created_at >= ?
2025-11-16 23:10:43,817 - sqlalchemy.engine.Engine - INFO - [cached since 589.9s ago] ('2025-11-01 00:00:00.000000',)
2025-11-16 23:10:43,818 - sqlalchemy.engine.Engine - INFO - SELECT drivers.main_route, count(drivers.id) AS count 
FROM drivers GROUP BY drivers.main_route ORDER BY count(drivers.id) DESC
 LIMIT ? OFFSET ?
2025-11-16 23:10:43,818 - sqlalchemy.engine.Engine - INFO - [cached since 589.9s ago] (10, 0)
2025-11-16 23:10:43,818 - sqlalchemy.engine.Engine - INFO - SELECT drivers.user_id, users.username, count(drivers.id) AS count 
FROM drivers JOIN users ON drivers.user_id = users.id GROUP BY drivers.user_id, users.username ORDER BY count(drivers.id) DESC
 LIMIT ? OFFSET ?
2025-11-16 23:10:43,818 - sqlalchemy.engine.Engine - INFO - [cached since 589.9s ago] (10, 0)
2025-11-16 23:10:43,819 - sqlalchemy.engine.Engine - INFO - ROLLBACK
2025-11-16 23:10:44,339 - sqlalchemy.engine.Engine - INFO - BEGIN (implicit)
2025-11-16 23:10:44,339 - sqlalchemy.engine.Engine - INFO - SELECT users.id, users.username, users.email, users.password_hash, users.role, users.is_active, users.last_login_at, users.created_at, users.updated_at 
FROM users 
WHERE users.username = ?
2025-11-16 23:10:44,339 - sqlalchemy.engine.Engine - INFO - [cached since 4282s ago] ('admin',)
2025-11-16 23:10:44,340 - sqlalchemy.engine.Engine - INFO - ROLLBACK
2025-11-16 23:10:44,646 - sqlalchemy.engine.Engine - INFO - BEGIN (implicit)
2025-11-16 23:10:44,646 - sqlalchemy.engine.Engine - INFO - SELECT users.id, users.username, users.email, users.password_hash, users.role, users.is_active, users.last_login_at, users.created_at, users.updated_at 
FROM users 
WHERE users.username = ?
2025-11-16 23:10:44,646 - sqlalchemy.engine.Engine - INFO - [cached since 4282s ago] ('admin',)
2025-11-16 23:10:44,647 - sqlalchemy.engine.Engine - INFO - ROLLBACK
2025-11-16 23:10:46,122 - sqlalchemy.engine.Engine - INFO - BEGIN (implicit)
2025-11-16 23:10:46,123 - sqlalchemy.engine.Engine - INFO - SELECT users.id, users.username, users.email, users.password_hash, users.role, users.is_active, users.last_login_at, users.created_at, users.updated_at 
FROM users 
WHERE users.username = ?
2025-11-16 23:10:46,123 - sqlalchemy.engine.Engine - INFO - [cached since 4284s ago] ('admin',)
2025-11-16 23:10:46,124 - sqlalchemy.engine.Engine - INFO - SELECT count(drivers.id) AS count_1 
FROM drivers
2025-11-16 23:10:46,124 - sqlalchemy.engine.Engine - INFO - [cached since 3817s ago] ()
2025-11-16 23:10:46,125 - sqlalchemy.engine.Engine - INFO - SELECT count(drivers.id) AS count_1 
FROM drivers 
WHERE drivers.status = ?
2025-11-16 23:10:46,125 - sqlalchemy.engine.Engine - INFO - [cached since 592.2s ago] ('active',)
2025-11-16 23:10:46,125 - sqlalchemy.engine.Engine - INFO - SELECT count(drivers.id) AS count_1 
FROM drivers 
WHERE drivers.created_at >= ?
2025-11-16 23:10:46,125 - sqlalchemy.engine.Engine - INFO - [cached since 592.2s ago] ('2025-11-01 00:00:00.000000',)
2025-11-16 23:10:46,126 - sqlalchemy.engine.Engine - INFO - SELECT drivers.main_route, count(drivers.id) AS count 
FROM drivers GROUP BY drivers.main_route ORDER BY count(drivers.id) DESC
 LIMIT ? OFFSET ?
2025-11-16 23:10:46,126 - sqlalchemy.engine.Engine - INFO - [cached since 592.2s ago] (10, 0)
2025-11-16 23:10:46,126 - sqlalchemy.engine.Engine - INFO - SELECT drivers.user_id, users.username, count(drivers.id) AS count 
FROM drivers JOIN users ON drivers.user_id = users.id GROUP BY drivers.user_id, users.username ORDER BY count(drivers.id) DESC
 LIMIT ? OFFSET ?
2025-11-16 23:10:46,126 - sqlalchemy.engine.Engine - INFO - [cached since 592.2s ago] (10, 0)
2025-11-16 23:10:46,127 - sqlalchemy.engine.Engine - INFO - ROLLBACK
2025-11-16 23:10:46,269 - sqlalchemy.engine.Engine - INFO - BEGIN (implicit)
2025-11-16 23:10:46,269 - sqlalchemy.engine.Engine - INFO - SELECT users.id, users.username, users.email, users.password_hash, users.role, users.is_active, users.last_login_at, users.created_at, users.updated_at 
FROM users 
WHERE users.username = ?
2025-11-16 23:10:46,269 - sqlalchemy.engine.Engine - INFO - [cached since 4284s ago] ('admin',)
2025-11-16 23:10:46,273 - sqlalchemy.engine.Engine - INFO - SELECT drivers.id, drivers.user_id, drivers.name, drivers.phone, drivers.id_card, drivers.license_number, drivers.license_type, drivers.main_route, drivers.vehicle_type, drivers.vehicle_length, drivers.price_per_km, drivers.experience_years, drivers.status, drivers.emergency_contact, drivers.emergency_phone, drivers.remark, drivers.created_at, drivers.updated_at 
FROM drivers ORDER BY drivers.created_at DESC
 LIMIT ? OFFSET ?
2025-11-16 23:10:46,273 - sqlalchemy.engine.Engine - INFO - [cached since 3817s ago] (20, 0)
2025-11-16 23:10:46,275 - sqlalchemy.engine.Engine - INFO - SELECT count(drivers.id) AS count_1 
FROM drivers
2025-11-16 23:10:46,275 - sqlalchemy.engine.Engine - INFO - [cached since 3817s ago] ()
2025-11-16 23:10:46,276 - sqlalchemy.engine.Engine - INFO - ROLLBACK
2025-11-16 23:10:46,795 - sqlalchemy.engine.Engine - INFO - BEGIN (implicit)
2025-11-16 23:10:46,796 - sqlalchemy.engine.Engine - INFO - SELECT users.id, users.username, users.email, users.password_hash, users.role, users.is_active, users.last_login_at, users.created_at, users.updated_at 
FROM users 
WHERE users.username = ?
2025-11-16 23:10:46,796 - sqlalchemy.engine.Engine - INFO - [cached since 4285s ago] ('admin',)
2025-11-16 23:10:46,796 - sqlalchemy.engine.Engine - INFO - SELECT count(drivers.id) AS count_1 
FROM drivers
2025-11-16 23:10:46,796 - sqlalchemy.engine.Engine - INFO - [cached since 3818s ago] ()
2025-11-16 23:10:46,797 - sqlalchemy.engine.Engine - INFO - SELECT count(drivers.id) AS count_1 
FROM drivers 
WHERE drivers.status = ?
2025-11-16 23:10:46,797 - sqlalchemy.engine.Engine - INFO - [cached since 592.9s ago] ('active',)
2025-11-16 23:10:46,797 - sqlalchemy.engine.Engine - INFO - SELECT count(drivers.id) AS count_1 
FROM drivers 
WHERE drivers.created_at >= ?
2025-11-16 23:10:46,797 - sqlalchemy.engine.Engine - INFO - [cached since 592.9s ago] ('2025-11-01 00:00:00.000000',)
2025-11-16 23:10:46,798 - sqlalchemy.engine.Engine - INFO - SELECT drivers.main_route, count(drivers.id) AS count 
FROM drivers GROUP BY drivers.main_route ORDER BY count(drivers.id) DESC
 LIMIT ? OFFSET ?
2025-11-16 23:10:46,798 - sqlalchemy.engine.Engine - INFO - [cached since 592.9s ago] (10, 0)
2025-11-16 23:10:46,798 - sqlalchemy.engine.Engine - INFO - SELECT drivers.user_id, users.username, count(drivers.id) AS count 
FROM drivers JOIN users ON drivers.user_id = users.id GROUP BY drivers.user_id, users.username ORDER BY count(drivers.id) DESC
 LIMIT ? OFFSET ?
2025-11-16 23:10:46,798 - sqlalchemy.engine.Engine - INFO - [cached since 592.9s ago] (10, 0)
2025-11-16 23:10:46,799 - sqlalchemy.engine.Engine - INFO - ROLLBACK
2025-11-16 23:10:50,623 - sqlalchemy.engine.Engine - INFO - BEGIN (implicit)
2025-11-16 23:10:50,623 - sqlalchemy.engine.Engine - INFO - SELECT users.id, users.username, users.email, users.password_hash, users.role, users.is_active, users.last_login_at, users.created_at, users.updated_at 
FROM users 
WHERE users.username = ?
2025-11-16 23:10:50,623 - sqlalchemy.engine.Engine - INFO - [cached since 4288s ago] ('admin',)
2025-11-16 23:10:50,624 - sqlalchemy.engine.Engine - INFO - SELECT drivers.id, drivers.user_id, drivers.name, drivers.phone, drivers.id_card, drivers.license_number, drivers.license_type, drivers.main_route, drivers.vehicle_type, drivers.vehicle_length, drivers.price_per_km, drivers.experience_years, drivers.status, drivers.emergency_contact, drivers.emergency_phone, drivers.remark, drivers.created_at, drivers.updated_at 
FROM drivers ORDER BY drivers.created_at DESC
 LIMIT ? OFFSET ?
2025-11-16 23:10:50,624 - sqlalchemy.engine.Engine - INFO - [cached since 3822s ago] (20, 0)
2025-11-16 23:10:50,625 - sqlalchemy.engine.Engine - INFO - SELECT count(drivers.id) AS count_1 
FROM drivers
2025-11-16 23:10:50,625 - sqlalchemy.engine.Engine - INFO - [cached since 3822s ago] ()
2025-11-16 23:10:50,625 - sqlalchemy.engine.Engine - INFO - ROLLBACK
2025-11-16 23:10:52,089 - sqlalchemy.engine.Engine - INFO - BEGIN (implicit)
2025-11-16 23:10:52,089 - sqlalchemy.engine.Engine - INFO - SELECT users.id, users.username, users.email, users.password_hash, users.role, users.is_active, users.last_login_at, users.created_at, users.updated_at 
FROM users 
WHERE users.username = ?
2025-11-16 23:10:52,089 - sqlalchemy.engine.Engine - INFO - [cached since 4290s ago] ('admin',)
2025-11-16 23:10:52,091 - sqlalchemy.engine.Engine - INFO - SELECT drivers.id, drivers.user_id, drivers.name, drivers.phone, drivers.id_card, drivers.license_number, drivers.license_type, drivers.main_route, drivers.vehicle_type, drivers.vehicle_length, drivers.price_per_km, drivers.experience_years, drivers.status, drivers.emergency_contact, drivers.emergency_phone, drivers.remark, drivers.created_at, drivers.updated_at 
FROM drivers 
WHERE drivers.id = ?
2025-11-16 23:10:52,091 - sqlalchemy.engine.Engine - INFO - [cached since 2759s ago] (4,)
2025-11-16 23:10:52,092 - sqlalchemy.engine.Engine - INFO - ROLLBACK
2025-11-16 23:10:52,103 - sqlalchemy.engine.Engine - INFO - BEGIN (implicit)
2025-11-16 23:10:52,104 - sqlalchemy.engine.Engine - INFO - SELECT users.id, users.username, users.email, users.password_hash, users.role, users.is_active, users.last_login_at, users.created_at, users.updated_at 
FROM users 
WHERE users.username = ?
2025-11-16 23:10:52,104 - sqlalchemy.engine.Engine - INFO - [cached since 4290s ago] ('admin',)
2025-11-16 23:10:52,104 - sqlalchemy.engine.Engine - INFO - SELECT drivers.id, drivers.user_id, drivers.name, drivers.phone, drivers.id_card, drivers.license_number, drivers.license_type, drivers.main_route, drivers.vehicle_type, drivers.vehicle_length, drivers.price_per_km, drivers.experience_years, drivers.status, drivers.emergency_contact, drivers.emergency_phone, drivers.remark, drivers.created_at, drivers.updated_at 
FROM drivers 
WHERE drivers.id = ?
2025-11-16 23:10:52,104 - sqlalchemy.engine.Engine - INFO - [cached since 2759s ago] (4,)
2025-11-16 23:10:52,105 - sqlalchemy.engine.Engine - INFO - ROLLBACK
2025-11-16 23:10:52,410 - sqlalchemy.engine.Engine - INFO - BEGIN (implicit)
2025-11-16 23:10:52,411 - sqlalchemy.engine.Engine - INFO - SELECT users.id, users.username, users.email, users.password_hash, users.role, users.is_active, users.last_login_at, users.created_at, users.updated_at 
FROM users 
WHERE users.username = ?
2025-11-16 23:10:52,411 - sqlalchemy.engine.Engine - INFO - [cached since 4290s ago] ('admin',)
2025-11-16 23:10:52,411 - sqlalchemy.engine.Engine - INFO - SELECT drivers.id, drivers.user_id, drivers.name, drivers.phone, drivers.id_card, drivers.license_number, drivers.license_type, drivers.main_route, drivers.vehicle_type, drivers.vehicle_length, drivers.price_per_km, drivers.experience_years, drivers.status, drivers.emergency_contact, drivers.emergency_phone, drivers.remark, drivers.created_at, drivers.updated_at 
FROM drivers 
WHERE drivers.id = ?
2025-11-16 23:10:52,412 - sqlalchemy.engine.Engine - INFO - [cached since 2760s ago] (4,)
2025-11-16 23:10:52,412 - sqlalchemy.engine.Engine - INFO - ROLLBACK
2025-11-16 23:11:40,638 - sqlalchemy.engine.Engine - INFO - BEGIN (implicit)
2025-11-16 23:11:40,638 - sqlalchemy.engine.Engine - INFO - SELECT users.id, users.username, users.email, users.password_hash, users.role, users.is_active, users.last_login_at, users.created_at, users.updated_at 
FROM users 
WHERE users.username = ?
2025-11-16 23:11:40,639 - sqlalchemy.engine.Engine - INFO - [cached since 4338s ago] ('admin',)
2025-11-16 23:11:40,639 - sqlalchemy.engine.Engine - INFO - SELECT drivers.id, drivers.user_id, drivers.name, drivers.phone, drivers.id_card, drivers.license_number, drivers.license_type, drivers.main_route, drivers.vehicle_type, drivers.vehicle_length, drivers.price_per_km, drivers.experience_years, drivers.status, drivers.emergency_contact, drivers.emergency_phone, drivers.remark, drivers.created_at, drivers.updated_at 
FROM drivers ORDER BY drivers.created_at DESC
 LIMIT ? OFFSET ?
2025-11-16 23:11:40,639 - sqlalchemy.engine.Engine - INFO - [cached since 3872s ago] (20, 0)
2025-11-16 23:11:40,640 - sqlalchemy.engine.Engine - INFO - SELECT count(drivers.id) AS count_1 
FROM drivers
2025-11-16 23:11:40,640 - sqlalchemy.engine.Engine - INFO - [cached since 3872s ago] ()
2025-11-16 23:11:40,641 - sqlalchemy.engine.Engine - INFO - ROLLBACK
2025-11-16 23:11:44,275 - sqlalchemy.engine.Engine - INFO - BEGIN (implicit)
2025-11-16 23:11:44,275 - sqlalchemy.engine.Engine - INFO - SELECT users.id, users.username, users.email, users.password_hash, users.role, users.is_active, users.last_login_at, users.created_at, users.updated_at 
FROM users 
WHERE users.username = ?
2025-11-16 23:11:44,276 - sqlalchemy.engine.Engine - INFO - [cached since 4342s ago] ('admin',)
2025-11-16 23:11:44,278 - sqlalchemy.engine.Engine - INFO - SELECT drivers.id, drivers.user_id, drivers.name, drivers.phone, drivers.id_card, drivers.license_number, drivers.license_type, drivers.main_route, drivers.vehicle_type, drivers.vehicle_length, drivers.price_per_km, drivers.experience_years, drivers.status, drivers.emergency_contact, drivers.emergency_phone, drivers.remark, drivers.created_at, drivers.updated_at 
FROM drivers 
WHERE drivers.id = ?
2025-11-16 23:11:44,278 - sqlalchemy.engine.Engine - INFO - [cached since 2812s ago] (4,)
2025-11-16 23:11:44,281 - sqlalchemy.engine.Engine - INFO - ROLLBACK
2025-11-16 23:11:44,305 - sqlalchemy.engine.Engine - INFO - BEGIN (implicit)
2025-11-16 23:11:44,305 - sqlalchemy.engine.Engine - INFO - SELECT users.id, users.username, users.email, users.password_hash, users.role, users.is_active, users.last_login_at, users.created_at, users.updated_at 
FROM users 
WHERE users.username = ?
2025-11-16 23:11:44,305 - sqlalchemy.engine.Engine - INFO - [cached since 4342s ago] ('admin',)
2025-11-16 23:11:44,306 - sqlalchemy.engine.Engine - INFO - SELECT drivers.id, drivers.user_id, drivers.name, drivers.phone, drivers.id_card, drivers.license_number, drivers.license_type, drivers.main_route, drivers.vehicle_type, drivers.vehicle_length, drivers.price_per_km, drivers.experience_years, drivers.status, drivers.emergency_contact, drivers.emergency_phone, drivers.remark, drivers.created_at, drivers.updated_at 
FROM drivers 
WHERE drivers.id = ?
2025-11-16 23:11:44,306 - sqlalchemy.engine.Engine - INFO - [cached since 2812s ago] (4,)
2025-11-16 23:11:44,307 - sqlalchemy.engine.Engine - INFO - ROLLBACK
2025-11-16 23:11:44,616 - sqlalchemy.engine.Engine - INFO - BEGIN (implicit)
2025-11-16 23:11:44,617 - sqlalchemy.engine.Engine - INFO - SELECT users.id, users.username, users.email, users.password_hash, users.role, users.is_active, users.last_login_at, users.created_at, users.updated_at 
FROM users 
WHERE users.username = ?
2025-11-16 23:11:44,617 - sqlalchemy.engine.Engine - INFO - [cached since 4342s ago] ('admin',)
2025-11-16 23:11:44,618 - sqlalchemy.engine.Engine - INFO - SELECT drivers.id, drivers.user_id, drivers.name, drivers.phone, drivers.id_card, drivers.license_number, drivers.license_type, drivers.main_route, drivers.vehicle_type, drivers.vehicle_length, drivers.price_per_km, drivers.experience_years, drivers.status, drivers.emergency_contact, drivers.emergency_phone, drivers.remark, drivers.created_at, drivers.updated_at 
FROM drivers 
WHERE drivers.id = ?
2025-11-16 23:11:44,618 - sqlalchemy.engine.Engine - INFO - [cached since 2812s ago] (4,)
2025-11-16 23:11:44,619 - sqlalchemy.engine.Engine - INFO - ROLLBACK
2025-11-16 23:12:18,241 - sqlalchemy.engine.Engine - INFO - BEGIN (implicit)
2025-11-16 23:12:18,242 - sqlalchemy.engine.Engine - INFO - SELECT users.id, users.username, users.email, users.password_hash, users.role, users.is_active, users.last_login_at, users.created_at, users.updated_at 
FROM users 
WHERE users.username = ?
2025-11-16 23:12:18,242 - sqlalchemy.engine.Engine - INFO - [cached since 4376s ago] ('admin',)
2025-11-16 23:12:18,242 - sqlalchemy.engine.Engine - INFO - SELECT count(drivers.id) AS count_1 
FROM drivers
2025-11-16 23:12:18,242 - sqlalchemy.engine.Engine - INFO - [cached since 3909s ago] ()
2025-11-16 23:12:18,243 - sqlalchemy.engine.Engine - INFO - SELECT count(drivers.id) AS count_1 
FROM drivers 
WHERE drivers.status = ?
2025-11-16 23:12:18,243 - sqlalchemy.engine.Engine - INFO - [cached since 684.3s ago] ('active',)
2025-11-16 23:12:18,243 - sqlalchemy.engine.Engine - INFO - SELECT count(drivers.id) AS count_1 
FROM drivers 
WHERE drivers.created_at >= ?
2025-11-16 23:12:18,243 - sqlalchemy.engine.Engine - INFO - [cached since 684.3s ago] ('2025-11-01 00:00:00.000000',)
2025-11-16 23:12:18,244 - sqlalchemy.engine.Engine - INFO - SELECT drivers.main_route, count(drivers.id) AS count 
FROM drivers GROUP BY drivers.main_route ORDER BY count(drivers.id) DESC
 LIMIT ? OFFSET ?
2025-11-16 23:12:18,244 - sqlalchemy.engine.Engine - INFO - [cached since 684.3s ago] (10, 0)
2025-11-16 23:12:18,244 - sqlalchemy.engine.Engine - INFO - SELECT drivers.user_id, users.username, count(drivers.id) AS count 
FROM drivers JOIN users ON drivers.user_id = users.id GROUP BY drivers.user_id, users.username ORDER BY count(drivers.id) DESC
 LIMIT ? OFFSET ?
2025-11-16 23:12:18,244 - sqlalchemy.engine.Engine - INFO - [cached since 684.3s ago] (10, 0)
2025-11-16 23:12:18,245 - sqlalchemy.engine.Engine - INFO - ROLLBACK
2025-11-16 23:12:18,797 - sqlalchemy.engine.Engine - INFO - BEGIN (implicit)
2025-11-16 23:12:18,797 - sqlalchemy.engine.Engine - INFO - SELECT users.id, users.username, users.email, users.password_hash, users.role, users.is_active, users.last_login_at, users.created_at, users.updated_at 
FROM users 
WHERE users.username = ?
2025-11-16 23:12:18,797 - sqlalchemy.engine.Engine - INFO - [cached since 4377s ago] ('admin',)
2025-11-16 23:12:18,798 - sqlalchemy.engine.Engine - INFO - SELECT drivers.id, drivers.user_id, drivers.name, drivers.phone, drivers.id_card, drivers.license_number, drivers.license_type, drivers.main_route, drivers.vehicle_type, drivers.vehicle_length, drivers.price_per_km, drivers.experience_years, drivers.status, drivers.emergency_contact, drivers.emergency_phone, drivers.remark, drivers.created_at, drivers.updated_at 
FROM drivers ORDER BY drivers.created_at DESC
 LIMIT ? OFFSET ?
2025-11-16 23:12:18,798 - sqlalchemy.engine.Engine - INFO - [cached since 3910s ago] (20, 0)
2025-11-16 23:12:18,798 - sqlalchemy.engine.Engine - INFO - SELECT count(drivers.id) AS count_1 
FROM drivers
2025-11-16 23:12:18,798 - sqlalchemy.engine.Engine - INFO - [cached since 3910s ago] ()
2025-11-16 23:12:18,799 - sqlalchemy.engine.Engine - INFO - ROLLBACK
2025-11-16 23:12:20,184 - sqlalchemy.engine.Engine - INFO - BEGIN (implicit)
2025-11-16 23:12:20,185 - sqlalchemy.engine.Engine - INFO - SELECT users.id, users.username, users.email, users.password_hash, users.role, users.is_active, users.last_login_at, users.created_at, users.updated_at 
FROM users 
WHERE users.username = ?
2025-11-16 23:12:20,185 - sqlalchemy.engine.Engine - INFO - [cached since 4378s ago] ('admin',)
2025-11-16 23:12:20,186 - sqlalchemy.engine.Engine - INFO - SELECT drivers.id, drivers.user_id, drivers.name, drivers.phone, drivers.id_card, drivers.license_number, drivers.license_type, drivers.main_route, drivers.vehicle_type, drivers.vehicle_length, drivers.price_per_km, drivers.experience_years, drivers.status, drivers.emergency_contact, drivers.emergency_phone, drivers.remark, drivers.created_at, drivers.updated_at 
FROM drivers 
WHERE drivers.id = ?
2025-11-16 23:12:20,186 - sqlalchemy.engine.Engine - INFO - [cached since 2848s ago] (4,)
2025-11-16 23:12:20,187 - sqlalchemy.engine.Engine - INFO - ROLLBACK
2025-11-16 23:12:20,199 - sqlalchemy.engine.Engine - INFO - BEGIN (implicit)
2025-11-16 23:12:20,199 - sqlalchemy.engine.Engine - INFO - SELECT users.id, users.username, users.email, users.password_hash, users.role, users.is_active, users.last_login_at, users.created_at, users.updated_at 
FROM users 
WHERE users.username = ?
2025-11-16 23:12:20,199 - sqlalchemy.engine.Engine - INFO - [cached since 4378s ago] ('admin',)
2025-11-16 23:12:20,200 - sqlalchemy.engine.Engine - INFO - SELECT drivers.id, drivers.user_id, drivers.name, drivers.phone, drivers.id_card, drivers.license_number, drivers.license_type, drivers.main_route, drivers.vehicle_type, drivers.vehicle_length, drivers.price_per_km, drivers.experience_years, drivers.status, drivers.emergency_contact, drivers.emergency_phone, drivers.remark, drivers.created_at, drivers.updated_at 
FROM drivers 
WHERE drivers.id = ?
2025-11-16 23:12:20,201 - sqlalchemy.engine.Engine - INFO - [cached since 2848s ago] (4,)
2025-11-16 23:12:20,202 - sqlalchemy.engine.Engine - INFO - ROLLBACK
2025-11-16 23:12:20,507 - sqlalchemy.engine.Engine - INFO - BEGIN (implicit)
2025-11-16 23:12:20,507 - sqlalchemy.engine.Engine - INFO - SELECT users.id, users.username, users.email, users.password_hash, users.role, users.is_active, users.last_login_at, users.created_at, users.updated_at 
FROM users 
WHERE users.username = ?
2025-11-16 23:12:20,507 - sqlalchemy.engine.Engine - INFO - [cached since 4378s ago] ('admin',)
2025-11-16 23:12:20,507 - sqlalchemy.engine.Engine - INFO - SELECT drivers.id, drivers.user_id, drivers.name, drivers.phone, drivers.id_card, drivers.license_number, drivers.license_type, drivers.main_route, drivers.vehicle_type, drivers.vehicle_length, drivers.price_per_km, drivers.experience_years, drivers.status, drivers.emergency_contact, drivers.emergency_phone, drivers.remark, drivers.created_at, drivers.updated_at 
FROM drivers 
WHERE drivers.id = ?
2025-11-16 23:12:20,507 - sqlalchemy.engine.Engine - INFO - [cached since 2848s ago] (4,)
2025-11-16 23:12:20,508 - sqlalchemy.engine.Engine - INFO - ROLLBACK
2025-11-16 23:12:22,365 - sqlalchemy.engine.Engine - INFO - BEGIN (implicit)
2025-11-16 23:12:22,365 - sqlalchemy.engine.Engine - INFO - SELECT users.id, users.username, users.email, users.password_hash, users.role, users.is_active, users.last_login_at, users.created_at, users.updated_at 
FROM users 
WHERE users.username = ?
2025-11-16 23:12:22,365 - sqlalchemy.engine.Engine - INFO - [cached since 4380s ago] ('admin',)
2025-11-16 23:12:22,366 - sqlalchemy.engine.Engine - INFO - SELECT drivers.id, drivers.user_id, drivers.name, drivers.phone, drivers.id_card, drivers.license_number, drivers.license_type, drivers.main_route, drivers.vehicle_type, drivers.vehicle_length, drivers.price_per_km, drivers.experience_years, drivers.status, drivers.emergency_contact, drivers.emergency_phone, drivers.remark, drivers.created_at, drivers.updated_at 
FROM drivers ORDER BY drivers.created_at DESC
 LIMIT ? OFFSET ?
2025-11-16 23:12:22,366 - sqlalchemy.engine.Engine - INFO - [cached since 3914s ago] (20, 0)
2025-11-16 23:12:22,366 - sqlalchemy.engine.Engine - INFO - SELECT count(drivers.id) AS count_1 
FROM drivers
2025-11-16 23:12:22,366 - sqlalchemy.engine.Engine - INFO - [cached since 3914s ago] ()
2025-11-16 23:12:22,367 - sqlalchemy.engine.Engine - INFO - ROLLBACK
2025-11-16 23:12:23,514 - sqlalchemy.engine.Engine - INFO - BEGIN (implicit)
2025-11-16 23:12:23,515 - sqlalchemy.engine.Engine - INFO - SELECT users.id, users.username, users.email, users.password_hash, users.role, users.is_active, users.last_login_at, users.created_at, users.updated_at 
FROM users 
WHERE users.username = ?
2025-11-16 23:12:23,515 - sqlalchemy.engine.Engine - INFO - [cached since 4381s ago] ('admin',)
2025-11-16 23:12:23,516 - sqlalchemy.engine.Engine - INFO - SELECT drivers.id, drivers.user_id, drivers.name, drivers.phone, drivers.id_card, drivers.license_number, drivers.license_type, drivers.main_route, drivers.vehicle_type, drivers.vehicle_length, drivers.price_per_km, drivers.experience_years, drivers.status, drivers.emergency_contact, drivers.emergency_phone, drivers.remark, drivers.created_at, drivers.updated_at 
FROM drivers 
WHERE drivers.id = ?
2025-11-16 23:12:23,516 - sqlalchemy.engine.Engine - INFO - [cached since 2851s ago] (4,)
2025-11-16 23:12:23,517 - sqlalchemy.engine.Engine - INFO - ROLLBACK
2025-11-16 23:12:23,527 - sqlalchemy.engine.Engine - INFO - BEGIN (implicit)
2025-11-16 23:12:23,528 - sqlalchemy.engine.Engine - INFO - SELECT users.id, users.username, users.email, users.password_hash, users.role, users.is_active, users.last_login_at, users.created_at, users.updated_at 
FROM users 
WHERE users.username = ?
2025-11-16 23:12:23,528 - sqlalchemy.engine.Engine - INFO - [cached since 4381s ago] ('admin',)
2025-11-16 23:12:23,528 - sqlalchemy.engine.Engine - INFO - SELECT drivers.id, drivers.user_id, drivers.name, drivers.phone, drivers.id_card, drivers.license_number, drivers.license_type, drivers.main_route, drivers.vehicle_type, drivers.vehicle_length, drivers.price_per_km, drivers.experience_years, drivers.status, drivers.emergency_contact, drivers.emergency_phone, drivers.remark, drivers.created_at, drivers.updated_at 
FROM drivers 
WHERE drivers.id = ?
2025-11-16 23:12:23,528 - sqlalchemy.engine.Engine - INFO - [cached since 2851s ago] (4,)
2025-11-16 23:12:23,529 - sqlalchemy.engine.Engine - INFO - ROLLBACK
2025-11-16 23:12:23,834 - sqlalchemy.engine.Engine - INFO - BEGIN (implicit)
2025-11-16 23:12:23,835 - sqlalchemy.engine.Engine - INFO - SELECT users.id, users.username, users.email, users.password_hash, users.role, users.is_active, users.last_login_at, users.created_at, users.updated_at 
FROM users 
WHERE users.username = ?
2025-11-16 23:12:23,835 - sqlalchemy.engine.Engine - INFO - [cached since 4382s ago] ('admin',)
2025-11-16 23:12:23,836 - sqlalchemy.engine.Engine - INFO - SELECT drivers.id, drivers.user_id, drivers.name, drivers.phone, drivers.id_card, drivers.license_number, drivers.license_type, drivers.main_route, drivers.vehicle_type, drivers.vehicle_length, drivers.price_per_km, drivers.experience_years, drivers.status, drivers.emergency_contact, drivers.emergency_phone, drivers.remark, drivers.created_at, drivers.updated_at 
FROM drivers 
WHERE drivers.id = ?
2025-11-16 23:12:23,837 - sqlalchemy.engine.Engine - INFO - [cached since 2851s ago] (4,)
2025-11-16 23:12:23,837 - sqlalchemy.engine.Engine - INFO - ROLLBACK
2025-11-16 23:12:29,574 - sqlalchemy.engine.Engine - INFO - BEGIN (implicit)
2025-11-16 23:12:29,575 - sqlalchemy.engine.Engine - INFO - SELECT users.id, users.username, users.email, users.password_hash, users.role, users.is_active, users.last_login_at, users.created_at, users.updated_at 
FROM users 
WHERE users.username = ?
2025-11-16 23:12:29,575 - sqlalchemy.engine.Engine - INFO - [cached since 4387s ago] ('admin',)
2025-11-16 23:12:29,576 - sqlalchemy.engine.Engine - INFO - SELECT drivers.id, drivers.user_id, drivers.name, drivers.phone, drivers.id_card, drivers.license_number, drivers.license_type, drivers.main_route, drivers.vehicle_type, drivers.vehicle_length, drivers.price_per_km, drivers.experience_years, drivers.status, drivers.emergency_contact, drivers.emergency_phone, drivers.remark, drivers.created_at, drivers.updated_at 
FROM drivers 
WHERE drivers.id = ?
2025-11-16 23:12:29,576 - sqlalchemy.engine.Engine - INFO - [cached since 2857s ago] (4,)
2025-11-16 23:12:29,577 - sqlalchemy.engine.Engine - INFO - ROLLBACK
2025-11-16 23:12:33,920 - sqlalchemy.engine.Engine - INFO - BEGIN (implicit)
2025-11-16 23:12:33,921 - sqlalchemy.engine.Engine - INFO - SELECT users.id, users.username, users.email, users.password_hash, users.role, users.is_active, users.last_login_at, users.created_at, users.updated_at 
FROM users 
WHERE users.username = ?
2025-11-16 23:12:33,921 - sqlalchemy.engine.Engine - INFO - [cached since 4392s ago] ('admin',)
2025-11-16 23:12:33,922 - sqlalchemy.engine.Engine - INFO - SELECT drivers.id, drivers.user_id, drivers.name, drivers.phone, drivers.id_card, drivers.license_number, drivers.license_type, drivers.main_route, drivers.vehicle_type, drivers.vehicle_length, drivers.price_per_km, drivers.experience_years, drivers.status, drivers.emergency_contact, drivers.emergency_phone, drivers.remark, drivers.created_at, drivers.updated_at 
FROM drivers 
WHERE drivers.id = ?
2025-11-16 23:12:33,922 - sqlalchemy.engine.Engine - INFO - [cached since 2861s ago] (4,)
2025-11-16 23:12:33,923 - sqlalchemy.engine.Engine - INFO - SELECT drivers.id, drivers.user_id, drivers.name, drivers.phone, drivers.id_card, drivers.license_number, drivers.license_type, drivers.main_route, drivers.vehicle_type, drivers.vehicle_length, drivers.price_per_km, drivers.experience_years, drivers.status, drivers.emergency_contact, drivers.emergency_phone, drivers.remark, drivers.created_at, drivers.updated_at 
FROM drivers 
WHERE drivers.id = ?
2025-11-16 23:12:33,923 - sqlalchemy.engine.Engine - INFO - [cached since 2861s ago] (4,)
2025-11-16 23:12:33,926 - sqlalchemy.engine.Engine - INFO - UPDATE drivers SET status=?, updated_at=? WHERE drivers.id = ?
2025-11-16 23:12:33,926 - sqlalchemy.engine.Engine - INFO - [generated in 0.00012s] ('inactive', '2025-11-16 15:12:33.924092', 4)
2025-11-16 23:12:33,926 - sqlalchemy.engine.Engine - INFO - COMMIT
2025-11-16 23:12:33,927 - sqlalchemy.engine.Engine - INFO - BEGIN (implicit)
2025-11-16 23:12:33,928 - sqlalchemy.engine.Engine - INFO - SELECT drivers.id, drivers.user_id, drivers.name, drivers.phone, drivers.id_card, drivers.license_number, drivers.license_type, drivers.main_route, drivers.vehicle_type, drivers.vehicle_length, drivers.price_per_km, drivers.experience_years, drivers.status, drivers.emergency_contact, drivers.emergency_phone, drivers.remark, drivers.created_at, drivers.updated_at 
FROM drivers 
WHERE drivers.id = ?
2025-11-16 23:12:33,928 - sqlalchemy.engine.Engine - INFO - [generated in 0.00007s] (4,)
2025-11-16 23:12:33,929 - sqlalchemy.engine.Engine - INFO - ROLLBACK
2025-11-16 23:12:33,942 - sqlalchemy.engine.Engine - INFO - BEGIN (implicit)
2025-11-16 23:12:33,943 - sqlalchemy.engine.Engine - INFO - SELECT users.id, users.username, users.email, users.password_hash, users.role, users.is_active, users.last_login_at, users.created_at, users.updated_at 
FROM users 
WHERE users.username = ?
2025-11-16 23:12:33,943 - sqlalchemy.engine.Engine - INFO - [cached since 4392s ago] ('admin',)
2025-11-16 23:12:33,944 - sqlalchemy.engine.Engine - INFO - SELECT drivers.id, drivers.user_id, drivers.name, drivers.phone, drivers.id_card, drivers.license_number, drivers.license_type, drivers.main_route, drivers.vehicle_type, drivers.vehicle_length, drivers.price_per_km, drivers.experience_years, drivers.status, drivers.emergency_contact, drivers.emergency_phone, drivers.remark, drivers.created_at, drivers.updated_at 
FROM drivers 
WHERE drivers.id = ?
2025-11-16 23:12:33,944 - sqlalchemy.engine.Engine - INFO - [cached since 2861s ago] (4,)
2025-11-16 23:12:33,945 - sqlalchemy.engine.Engine - INFO - ROLLBACK
2025-11-16 23:12:33,953 - sqlalchemy.engine.Engine - INFO - BEGIN (implicit)
2025-11-16 23:12:33,954 - sqlalchemy.engine.Engine - INFO - SELECT users.id, users.username, users.email, users.password_hash, users.role, users.is_active, users.last_login_at, users.created_at, users.updated_at 
FROM users 
WHERE users.username = ?
2025-11-16 23:12:33,954 - sqlalchemy.engine.Engine - INFO - [cached since 4392s ago] ('admin',)
2025-11-16 23:12:33,954 - sqlalchemy.engine.Engine - INFO - SELECT drivers.id, drivers.user_id, drivers.name, drivers.phone, drivers.id_card, drivers.license_number, drivers.license_type, drivers.main_route, drivers.vehicle_type, drivers.vehicle_length, drivers.price_per_km, drivers.experience_years, drivers.status, drivers.emergency_contact, drivers.emergency_phone, drivers.remark, drivers.created_at, drivers.updated_at 
FROM drivers 
WHERE drivers.id = ?
2025-11-16 23:12:33,954 - sqlalchemy.engine.Engine - INFO - [cached since 2861s ago] (4,)
2025-11-16 23:12:33,954 - sqlalchemy.engine.Engine - INFO - ROLLBACK
2025-11-16 23:12:34,264 - sqlalchemy.engine.Engine - INFO - BEGIN (implicit)
2025-11-16 23:12:34,265 - sqlalchemy.engine.Engine - INFO - SELECT users.id, users.username, users.email, users.password_hash, users.role, users.is_active, users.last_login_at, users.created_at, users.updated_at 
FROM users 
WHERE users.username = ?
2025-11-16 23:12:34,265 - sqlalchemy.engine.Engine - INFO - [cached since 4392s ago] ('admin',)
2025-11-16 23:12:34,266 - sqlalchemy.engine.Engine - INFO - SELECT drivers.id, drivers.user_id, drivers.name, drivers.phone, drivers.id_card, drivers.license_number, drivers.license_type, drivers.main_route, drivers.vehicle_type, drivers.vehicle_length, drivers.price_per_km, drivers.experience_years, drivers.status, drivers.emergency_contact, drivers.emergency_phone, drivers.remark, drivers.created_at, drivers.updated_at 
FROM drivers 
WHERE drivers.id = ?
2025-11-16 23:12:34,266 - sqlalchemy.engine.Engine - INFO - [cached since 2862s ago] (4,)
2025-11-16 23:12:34,267 - sqlalchemy.engine.Engine - INFO - ROLLBACK
2025-11-16 23:12:36,929 - sqlalchemy.engine.Engine - INFO - BEGIN (implicit)
2025-11-16 23:12:36,930 - sqlalchemy.engine.Engine - INFO - SELECT users.id, users.username, users.email, users.password_hash, users.role, users.is_active, users.last_login_at, users.created_at, users.updated_at 
FROM users 
WHERE users.username = ?
2025-11-16 23:12:36,930 - sqlalchemy.engine.Engine - INFO - [cached since 4395s ago] ('admin',)
2025-11-16 23:12:36,930 - sqlalchemy.engine.Engine - INFO - SELECT count(drivers.id) AS count_1 
FROM drivers
2025-11-16 23:12:36,930 - sqlalchemy.engine.Engine - INFO - [cached since 3928s ago] ()
2025-11-16 23:12:36,931 - sqlalchemy.engine.Engine - INFO - SELECT count(drivers.id) AS count_1 
FROM drivers 
WHERE drivers.status = ?
2025-11-16 23:12:36,931 - sqlalchemy.engine.Engine - INFO - [cached since 703s ago] ('active',)
2025-11-16 23:12:36,931 - sqlalchemy.engine.Engine - INFO - SELECT count(drivers.id) AS count_1 
FROM drivers 
WHERE drivers.created_at >= ?
2025-11-16 23:12:36,931 - sqlalchemy.engine.Engine - INFO - [cached since 703s ago] ('2025-11-01 00:00:00.000000',)
2025-11-16 23:12:36,932 - sqlalchemy.engine.Engine - INFO - SELECT drivers.main_route, count(drivers.id) AS count 
FROM drivers GROUP BY drivers.main_route ORDER BY count(drivers.id) DESC
 LIMIT ? OFFSET ?
2025-11-16 23:12:36,932 - sqlalchemy.engine.Engine - INFO - [cached since 703s ago] (10, 0)
2025-11-16 23:12:36,932 - sqlalchemy.engine.Engine - INFO - SELECT drivers.user_id, users.username, count(drivers.id) AS count 
FROM drivers JOIN users ON drivers.user_id = users.id GROUP BY drivers.user_id, users.username ORDER BY count(drivers.id) DESC
 LIMIT ? OFFSET ?
2025-11-16 23:12:36,932 - sqlalchemy.engine.Engine - INFO - [cached since 703s ago] (10, 0)
2025-11-16 23:12:36,933 - sqlalchemy.engine.Engine - INFO - ROLLBACK
2025-11-16 23:12:38,579 - sqlalchemy.engine.Engine - INFO - BEGIN (implicit)
2025-11-16 23:12:38,579 - sqlalchemy.engine.Engine - INFO - SELECT users.id, users.username, users.email, users.password_hash, users.role, users.is_active, users.last_login_at, users.created_at, users.updated_at 
FROM users 
WHERE users.username = ?
2025-11-16 23:12:38,579 - sqlalchemy.engine.Engine - INFO - [cached since 4396s ago] ('admin',)
2025-11-16 23:12:38,580 - sqlalchemy.engine.Engine - INFO - ROLLBACK
2025-11-16 23:12:38,883 - sqlalchemy.engine.Engine - INFO - BEGIN (implicit)
2025-11-16 23:12:38,884 - sqlalchemy.engine.Engine - INFO - SELECT users.id, users.username, users.email, users.password_hash, users.role, users.is_active, users.last_login_at, users.created_at, users.updated_at 
FROM users 
WHERE users.username = ?
2025-11-16 23:12:38,884 - sqlalchemy.engine.Engine - INFO - [cached since 4397s ago] ('admin',)
2025-11-16 23:12:38,884 - sqlalchemy.engine.Engine - INFO - ROLLBACK
2025-11-16 23:12:39,444 - sqlalchemy.engine.Engine - INFO - BEGIN (implicit)
2025-11-16 23:12:39,444 - sqlalchemy.engine.Engine - INFO - SELECT users.id, users.username, users.email, users.password_hash, users.role, users.is_active, users.last_login_at, users.created_at, users.updated_at 
FROM users 
WHERE users.username = ?
2025-11-16 23:12:39,444 - sqlalchemy.engine.Engine - INFO - [cached since 4397s ago] ('admin',)
2025-11-16 23:12:39,445 - sqlalchemy.engine.Engine - INFO - SELECT drivers.id, drivers.user_id, drivers.name, drivers.phone, drivers.id_card, drivers.license_number, drivers.license_type, drivers.main_route, drivers.vehicle_type, drivers.vehicle_length, drivers.price_per_km, drivers.experience_years, drivers.status, drivers.emergency_contact, drivers.emergency_phone, drivers.remark, drivers.created_at, drivers.updated_at 
FROM drivers ORDER BY drivers.created_at DESC
 LIMIT ? OFFSET ?
2025-11-16 23:12:39,445 - sqlalchemy.engine.Engine - INFO - [cached since 3931s ago] (20, 0)
2025-11-16 23:12:39,446 - sqlalchemy.engine.Engine - INFO - SELECT count(drivers.id) AS count_1 
FROM drivers
2025-11-16 23:12:39,446 - sqlalchemy.engine.Engine - INFO - [cached since 3931s ago] ()
2025-11-16 23:12:39,447 - sqlalchemy.engine.Engine - INFO - ROLLBACK
2025-11-16 23:12:40,224 - sqlalchemy.engine.Engine - INFO - BEGIN (implicit)
2025-11-16 23:12:40,224 - sqlalchemy.engine.Engine - INFO - SELECT users.id, users.username, users.email, users.password_hash, users.role, users.is_active, users.last_login_at, users.created_at, users.updated_at 
FROM users 
WHERE users.username = ?
2025-11-16 23:12:40,224 - sqlalchemy.engine.Engine - INFO - [cached since 4398s ago] ('admin',)
2025-11-16 23:12:40,225 - sqlalchemy.engine.Engine - INFO - SELECT count(drivers.id) AS count_1 
FROM drivers
2025-11-16 23:12:40,225 - sqlalchemy.engine.Engine - INFO - [cached since 3931s ago] ()
2025-11-16 23:12:40,225 - sqlalchemy.engine.Engine - INFO - SELECT count(drivers.id) AS count_1 
FROM drivers 
WHERE drivers.status = ?
2025-11-16 23:12:40,225 - sqlalchemy.engine.Engine - INFO - [cached since 706.3s ago] ('active',)
2025-11-16 23:12:40,226 - sqlalchemy.engine.Engine - INFO - SELECT count(drivers.id) AS count_1 
FROM drivers 
WHERE drivers.created_at >= ?
2025-11-16 23:12:40,226 - sqlalchemy.engine.Engine - INFO - [cached since 706.3s ago] ('2025-11-01 00:00:00.000000',)
2025-11-16 23:12:40,226 - sqlalchemy.engine.Engine - INFO - SELECT drivers.main_route, count(drivers.id) AS count 
FROM drivers GROUP BY drivers.main_route ORDER BY count(drivers.id) DESC
 LIMIT ? OFFSET ?
2025-11-16 23:12:40,226 - sqlalchemy.engine.Engine - INFO - [cached since 706.3s ago] (10, 0)
2025-11-16 23:12:40,228 - sqlalchemy.engine.Engine - INFO - SELECT drivers.user_id, users.username, count(drivers.id) AS count 
FROM drivers JOIN users ON drivers.user_id = users.id GROUP BY drivers.user_id, users.username ORDER BY count(drivers.id) DESC
 LIMIT ? OFFSET ?
2025-11-16 23:12:40,228 - sqlalchemy.engine.Engine - INFO - [cached since 706.3s ago] (10, 0)
2025-11-16 23:12:40,229 - sqlalchemy.engine.Engine - INFO - ROLLBACK
2025-11-16 23:12:40,930 - sqlalchemy.engine.Engine - INFO - BEGIN (implicit)
2025-11-16 23:12:40,930 - sqlalchemy.engine.Engine - INFO - SELECT users.id, users.username, users.email, users.password_hash, users.role, users.is_active, users.last_login_at, users.created_at, users.updated_at 
FROM users 
WHERE users.username = ?
2025-11-16 23:12:40,930 - sqlalchemy.engine.Engine - INFO - [cached since 4399s ago] ('admin',)
2025-11-16 23:12:40,934 - sqlalchemy.engine.Engine - INFO - SELECT drivers.id, drivers.user_id, drivers.name, drivers.phone, drivers.id_card, drivers.license_number, drivers.license_type, drivers.main_route, drivers.vehicle_type, drivers.vehicle_length, drivers.price_per_km, drivers.experience_years, drivers.status, drivers.emergency_contact, drivers.emergency_phone, drivers.remark, drivers.created_at, drivers.updated_at 
FROM drivers ORDER BY drivers.created_at DESC
 LIMIT ? OFFSET ?
2025-11-16 23:12:40,935 - sqlalchemy.engine.Engine - INFO - [cached since 3932s ago] (20, 0)
2025-11-16 23:12:40,937 - sqlalchemy.engine.Engine - INFO - SELECT count(drivers.id) AS count_1 
FROM drivers
2025-11-16 23:12:40,937 - sqlalchemy.engine.Engine - INFO - [cached since 3932s ago] ()
2025-11-16 23:12:40,939 - sqlalchemy.engine.Engine - INFO - ROLLBACK
2025-11-16 23:12:41,246 - sqlalchemy.engine.Engine - INFO - BEGIN (implicit)
2025-11-16 23:12:41,246 - sqlalchemy.engine.Engine - INFO - SELECT users.id, users.username, users.email, users.password_hash, users.role, users.is_active, users.last_login_at, users.created_at, users.updated_at 
FROM users 
WHERE users.username = ?
2025-11-16 23:12:41,246 - sqlalchemy.engine.Engine - INFO - [cached since 4399s ago] ('admin',)
2025-11-16 23:12:41,247 - sqlalchemy.engine.Engine - INFO - SELECT count(drivers.id) AS count_1 
FROM drivers
2025-11-16 23:12:41,247 - sqlalchemy.engine.Engine - INFO - [cached since 3932s ago] ()
2025-11-16 23:12:41,247 - sqlalchemy.engine.Engine - INFO - SELECT count(drivers.id) AS count_1 
FROM drivers 
WHERE drivers.status = ?
2025-11-16 23:12:41,247 - sqlalchemy.engine.Engine - INFO - [cached since 707.4s ago] ('active',)
2025-11-16 23:12:41,248 - sqlalchemy.engine.Engine - INFO - SELECT count(drivers.id) AS count_1 
FROM drivers 
WHERE drivers.created_at >= ?
2025-11-16 23:12:41,248 - sqlalchemy.engine.Engine - INFO - [cached since 707.3s ago] ('2025-11-01 00:00:00.000000',)
2025-11-16 23:12:41,249 - sqlalchemy.engine.Engine - INFO - SELECT drivers.main_route, count(drivers.id) AS count 
FROM drivers GROUP BY drivers.main_route ORDER BY count(drivers.id) DESC
 LIMIT ? OFFSET ?
2025-11-16 23:12:41,249 - sqlalchemy.engine.Engine - INFO - [cached since 707.3s ago] (10, 0)
2025-11-16 23:12:41,250 - sqlalchemy.engine.Engine - INFO - SELECT drivers.user_id, users.username, count(drivers.id) AS count 
FROM drivers JOIN users ON drivers.user_id = users.id GROUP BY drivers.user_id, users.username ORDER BY count(drivers.id) DESC
 LIMIT ? OFFSET ?
2025-11-16 23:12:41,250 - sqlalchemy.engine.Engine - INFO - [cached since 707.3s ago] (10, 0)
2025-11-16 23:12:41,250 - sqlalchemy.engine.Engine - INFO - ROLLBACK
2025-11-16 23:12:41,557 - sqlalchemy.engine.Engine - INFO - BEGIN (implicit)
2025-11-16 23:12:41,557 - sqlalchemy.engine.Engine - INFO - SELECT users.id, users.username, users.email, users.password_hash, users.role, users.is_active, users.last_login_at, users.created_at, users.updated_at 
FROM users 
WHERE users.username = ?
2025-11-16 23:12:41,557 - sqlalchemy.engine.Engine - INFO - [cached since 4399s ago] ('admin',)
2025-11-16 23:12:41,558 - sqlalchemy.engine.Engine - INFO - ROLLBACK
2025-11-16 23:12:41,861 - sqlalchemy.engine.Engine - INFO - BEGIN (implicit)
2025-11-16 23:12:41,861 - sqlalchemy.engine.Engine - INFO - SELECT users.id, users.username, users.email, users.password_hash, users.role, users.is_active, users.last_login_at, users.created_at, users.updated_at 
FROM users 
WHERE users.username = ?
2025-11-16 23:12:41,861 - sqlalchemy.engine.Engine - INFO - [cached since 4400s ago] ('admin',)
2025-11-16 23:12:41,861 - sqlalchemy.engine.Engine - INFO - ROLLBACK
2025-11-16 23:12:42,277 - sqlalchemy.engine.Engine - INFO - BEGIN (implicit)
2025-11-16 23:12:42,277 - sqlalchemy.engine.Engine - INFO - SELECT users.id, users.username, users.email, users.password_hash, users.role, users.is_active, users.last_login_at, users.created_at, users.updated_at 
FROM users 
WHERE users.username = ?
2025-11-16 23:12:42,277 - sqlalchemy.engine.Engine - INFO - [cached since 4400s ago] ('admin',)
2025-11-16 23:12:42,278 - sqlalchemy.engine.Engine - INFO - ROLLBACK
2025-11-16 23:12:42,584 - sqlalchemy.engine.Engine - INFO - BEGIN (implicit)
2025-11-16 23:12:42,584 - sqlalchemy.engine.Engine - INFO - SELECT users.id, users.username, users.email, users.password_hash, users.role, users.is_active, users.last_login_at, users.created_at, users.updated_at 
FROM users 
WHERE users.username = ?
2025-11-16 23:12:42,584 - sqlalchemy.engine.Engine - INFO - [cached since 4400s ago] ('admin',)
2025-11-16 23:12:42,584 - sqlalchemy.engine.Engine - INFO - ROLLBACK
2025-11-16 23:12:42,602 - sqlalchemy.engine.Engine - INFO - BEGIN (implicit)
2025-11-16 23:12:42,602 - sqlalchemy.engine.Engine - INFO - SELECT users.id, users.username, users.email, users.password_hash, users.role, users.is_active, users.last_login_at, users.created_at, users.updated_at 
FROM users 
WHERE users.username = ?
2025-11-16 23:12:42,602 - sqlalchemy.engine.Engine - INFO - [cached since 4400s ago] ('admin',)
2025-11-16 23:12:42,602 - sqlalchemy.engine.Engine - INFO - SELECT count(drivers.id) AS count_1 
FROM drivers
2025-11-16 23:12:42,602 - sqlalchemy.engine.Engine - INFO - [cached since 3934s ago] ()
2025-11-16 23:12:42,603 - sqlalchemy.engine.Engine - INFO - SELECT count(drivers.id) AS count_1 
FROM drivers 
WHERE drivers.status = ?
2025-11-16 23:12:42,603 - sqlalchemy.engine.Engine - INFO - [cached since 708.7s ago] ('active',)
2025-11-16 23:12:42,603 - sqlalchemy.engine.Engine - INFO - SELECT count(drivers.id) AS count_1 
FROM drivers 
WHERE drivers.created_at >= ?
2025-11-16 23:12:42,603 - sqlalchemy.engine.Engine - INFO - [cached since 708.7s ago] ('2025-11-01 00:00:00.000000',)
2025-11-16 23:12:42,603 - sqlalchemy.engine.Engine - INFO - SELECT drivers.main_route, count(drivers.id) AS count 
FROM drivers GROUP BY drivers.main_route ORDER BY count(drivers.id) DESC
 LIMIT ? OFFSET ?
2025-11-16 23:12:42,603 - sqlalchemy.engine.Engine - INFO - [cached since 708.7s ago] (10, 0)
2025-11-16 23:12:42,604 - sqlalchemy.engine.Engine - INFO - SELECT drivers.user_id, users.username, count(drivers.id) AS count 
FROM drivers JOIN users ON drivers.user_id = users.id GROUP BY drivers.user_id, users.username ORDER BY count(drivers.id) DESC
 LIMIT ? OFFSET ?
2025-11-16 23:12:42,604 - sqlalchemy.engine.Engine - INFO - [cached since 708.7s ago] (10, 0)
2025-11-16 23:12:42,604 - sqlalchemy.engine.Engine - INFO - ROLLBACK
2025-11-16 23:12:43,486 - sqlalchemy.engine.Engine - INFO - BEGIN (implicit)
2025-11-16 23:12:43,487 - sqlalchemy.engine.Engine - INFO - SELECT users.id, users.username, users.email, users.password_hash, users.role, users.is_active, users.last_login_at, users.created_at, users.updated_at 
FROM users 
WHERE users.username = ?
2025-11-16 23:12:43,487 - sqlalchemy.engine.Engine - INFO - [cached since 4401s ago] ('admin',)
2025-11-16 23:12:43,487 - sqlalchemy.engine.Engine - INFO - SELECT drivers.id, drivers.user_id, drivers.name, drivers.phone, drivers.id_card, drivers.license_number, drivers.license_type, drivers.main_route, drivers.vehicle_type, drivers.vehicle_length, drivers.price_per_km, drivers.experience_years, drivers.status, drivers.emergency_contact, drivers.emergency_phone, drivers.remark, drivers.created_at, drivers.updated_at 
FROM drivers ORDER BY drivers.created_at DESC
 LIMIT ? OFFSET ?
2025-11-16 23:12:43,488 - sqlalchemy.engine.Engine - INFO - [cached since 3935s ago] (20, 0)
2025-11-16 23:12:43,488 - sqlalchemy.engine.Engine - INFO - SELECT count(drivers.id) AS count_1 
FROM drivers
2025-11-16 23:12:43,488 - sqlalchemy.engine.Engine - INFO - [cached since 3935s ago] ()
2025-11-16 23:12:43,489 - sqlalchemy.engine.Engine - INFO - ROLLBACK
2025-11-16 23:12:43,975 - sqlalchemy.engine.Engine - INFO - BEGIN (implicit)
2025-11-16 23:12:43,975 - sqlalchemy.engine.Engine - INFO - SELECT users.id, users.username, users.email, users.password_hash, users.role, users.is_active, users.last_login_at, users.created_at, users.updated_at 
FROM users 
WHERE users.username = ?
2025-11-16 23:12:43,976 - sqlalchemy.engine.Engine - INFO - [cached since 4402s ago] ('admin',)
2025-11-16 23:12:43,976 - sqlalchemy.engine.Engine - INFO - SELECT count(drivers.id) AS count_1 
FROM drivers
2025-11-16 23:12:43,976 - sqlalchemy.engine.Engine - INFO - [cached since 3935s ago] ()
2025-11-16 23:12:43,977 - sqlalchemy.engine.Engine - INFO - SELECT count(drivers.id) AS count_1 
FROM drivers 
WHERE drivers.status = ?
2025-11-16 23:12:43,977 - sqlalchemy.engine.Engine - INFO - [cached since 710.1s ago] ('active',)
2025-11-16 23:12:43,977 - sqlalchemy.engine.Engine - INFO - SELECT count(drivers.id) AS count_1 
FROM drivers 
WHERE drivers.created_at >= ?
2025-11-16 23:12:43,977 - sqlalchemy.engine.Engine - INFO - [cached since 710.1s ago] ('2025-11-01 00:00:00.000000',)
2025-11-16 23:12:43,977 - sqlalchemy.engine.Engine - INFO - SELECT drivers.main_route, count(drivers.id) AS count 
FROM drivers GROUP BY drivers.main_route ORDER BY count(drivers.id) DESC
 LIMIT ? OFFSET ?
2025-11-16 23:12:43,977 - sqlalchemy.engine.Engine - INFO - [cached since 710.1s ago] (10, 0)
2025-11-16 23:12:43,978 - sqlalchemy.engine.Engine - INFO - SELECT drivers.user_id, users.username, count(drivers.id) AS count 
FROM drivers JOIN users ON drivers.user_id = users.id GROUP BY drivers.user_id, users.username ORDER BY count(drivers.id) DESC
 LIMIT ? OFFSET ?
2025-11-16 23:12:43,978 - sqlalchemy.engine.Engine - INFO - [cached since 710.1s ago] (10, 0)
2025-11-16 23:12:43,979 - sqlalchemy.engine.Engine - INFO - ROLLBACK
2025-11-16 23:12:44,671 - sqlalchemy.engine.Engine - INFO - BEGIN (implicit)
2025-11-16 23:12:44,671 - sqlalchemy.engine.Engine - INFO - SELECT users.id, users.username, users.email, users.password_hash, users.role, users.is_active, users.last_login_at, users.created_at, users.updated_at 
FROM users 
WHERE users.username = ?
2025-11-16 23:12:44,671 - sqlalchemy.engine.Engine - INFO - [cached since 4402s ago] ('admin',)
2025-11-16 23:12:44,672 - sqlalchemy.engine.Engine - INFO - ROLLBACK
2025-11-16 23:12:44,978 - sqlalchemy.engine.Engine - INFO - BEGIN (implicit)
2025-11-16 23:12:44,978 - sqlalchemy.engine.Engine - INFO - SELECT users.id, users.username, users.email, users.password_hash, users.role, users.is_active, users.last_login_at, users.created_at, users.updated_at 
FROM users 
WHERE users.username = ?
2025-11-16 23:12:44,978 - sqlalchemy.engine.Engine - INFO - [cached since 4403s ago] ('admin',)
2025-11-16 23:12:44,979 - sqlalchemy.engine.Engine - INFO - ROLLBACK
2025-11-16 23:13:15,419 - sqlalchemy.engine.Engine - INFO - BEGIN (implicit)
2025-11-16 23:13:15,420 - sqlalchemy.engine.Engine - INFO - SELECT users.id, users.username, users.email, users.password_hash, users.role, users.is_active, users.last_login_at, users.created_at, users.updated_at 
FROM users 
WHERE users.username = ?
2025-11-16 23:13:15,420 - sqlalchemy.engine.Engine - INFO - [cached since 4433s ago] ('admin',)
2025-11-16 23:13:15,423 - sqlalchemy.engine.Engine - INFO - SELECT drivers.id, drivers.user_id, drivers.name, drivers.phone, drivers.id_card, drivers.license_number, drivers.license_type, drivers.main_route, drivers.vehicle_type, drivers.vehicle_length, drivers.price_per_km, drivers.experience_years, drivers.status, drivers.emergency_contact, drivers.emergency_phone, drivers.remark, drivers.created_at, drivers.updated_at 
FROM drivers ORDER BY drivers.created_at DESC
 LIMIT ? OFFSET ?
2025-11-16 23:13:15,423 - sqlalchemy.engine.Engine - INFO - [cached since 3967s ago] (20, 0)
2025-11-16 23:13:15,424 - sqlalchemy.engine.Engine - INFO - SELECT count(drivers.id) AS count_1 
FROM drivers
2025-11-16 23:13:15,424 - sqlalchemy.engine.Engine - INFO - [cached since 3967s ago] ()
2025-11-16 23:13:15,426 - sqlalchemy.engine.Engine - INFO - ROLLBACK
2025-11-16 23:13:17,676 - sqlalchemy.engine.Engine - INFO - BEGIN (implicit)
2025-11-16 23:13:17,677 - sqlalchemy.engine.Engine - INFO - SELECT users.id, users.username, users.email, users.password_hash, users.role, users.is_active, users.last_login_at, users.created_at, users.updated_at 
FROM users 
WHERE users.username = ?
2025-11-16 23:13:17,677 - sqlalchemy.engine.Engine - INFO - [cached since 4435s ago] ('admin',)
2025-11-16 23:13:17,679 - sqlalchemy.engine.Engine - INFO - SELECT drivers.id, drivers.user_id, drivers.name, drivers.phone, drivers.id_card, drivers.license_number, drivers.license_type, drivers.main_route, drivers.vehicle_type, drivers.vehicle_length, drivers.price_per_km, drivers.experience_years, drivers.status, drivers.emergency_contact, drivers.emergency_phone, drivers.remark, drivers.created_at, drivers.updated_at 
FROM drivers 
WHERE drivers.id = ?
2025-11-16 23:13:17,679 - sqlalchemy.engine.Engine - INFO - [cached since 2905s ago] (4,)
2025-11-16 23:13:17,681 - sqlalchemy.engine.Engine - INFO - ROLLBACK
2025-11-16 23:13:17,693 - sqlalchemy.engine.Engine - INFO - BEGIN (implicit)
2025-11-16 23:13:17,693 - sqlalchemy.engine.Engine - INFO - SELECT users.id, users.username, users.email, users.password_hash, users.role, users.is_active, users.last_login_at, users.created_at, users.updated_at 
FROM users 
WHERE users.username = ?
2025-11-16 23:13:17,693 - sqlalchemy.engine.Engine - INFO - [cached since 4435s ago] ('admin',)
2025-11-16 23:13:17,694 - sqlalchemy.engine.Engine - INFO - SELECT drivers.id, drivers.user_id, drivers.name, drivers.phone, drivers.id_card, drivers.license_number, drivers.license_type, drivers.main_route, drivers.vehicle_type, drivers.vehicle_length, drivers.price_per_km, drivers.experience_years, drivers.status, drivers.emergency_contact, drivers.emergency_phone, drivers.remark, drivers.created_at, drivers.updated_at 
FROM drivers 
WHERE drivers.id = ?
2025-11-16 23:13:17,694 - sqlalchemy.engine.Engine - INFO - [cached since 2905s ago] (4,)
2025-11-16 23:13:17,694 - sqlalchemy.engine.Engine - INFO - ROLLBACK
2025-11-16 23:13:17,998 - sqlalchemy.engine.Engine - INFO - BEGIN (implicit)
2025-11-16 23:13:17,999 - sqlalchemy.engine.Engine - INFO - SELECT users.id, users.username, users.email, users.password_hash, users.role, users.is_active, users.last_login_at, users.created_at, users.updated_at 
FROM users 
WHERE users.username = ?
2025-11-16 23:13:17,999 - sqlalchemy.engine.Engine - INFO - [cached since 4436s ago] ('admin',)
2025-11-16 23:13:18,000 - sqlalchemy.engine.Engine - INFO - SELECT drivers.id, drivers.user_id, drivers.name, drivers.phone, drivers.id_card, drivers.license_number, drivers.license_type, drivers.main_route, drivers.vehicle_type, drivers.vehicle_length, drivers.price_per_km, drivers.experience_years, drivers.status, drivers.emergency_contact, drivers.emergency_phone, drivers.remark, drivers.created_at, drivers.updated_at 
FROM drivers 
WHERE drivers.id = ?
2025-11-16 23:13:18,000 - sqlalchemy.engine.Engine - INFO - [cached since 2905s ago] (4,)
2025-11-16 23:13:18,000 - sqlalchemy.engine.Engine - INFO - ROLLBACK
2025-11-16 23:13:18,696 - sqlalchemy.engine.Engine - INFO - BEGIN (implicit)
2025-11-16 23:13:18,696 - sqlalchemy.engine.Engine - INFO - SELECT users.id, users.username, users.email, users.password_hash, users.role, users.is_active, users.last_login_at, users.created_at, users.updated_at 
FROM users 
WHERE users.username = ?
2025-11-16 23:13:18,697 - sqlalchemy.engine.Engine - INFO - [cached since 4436s ago] ('admin',)
2025-11-16 23:13:18,702 - sqlalchemy.engine.Engine - INFO - SELECT drivers.id, drivers.user_id, drivers.name, drivers.phone, drivers.id_card, drivers.license_number, drivers.license_type, drivers.main_route, drivers.vehicle_type, drivers.vehicle_length, drivers.price_per_km, drivers.experience_years, drivers.status, drivers.emergency_contact, drivers.emergency_phone, drivers.remark, drivers.created_at, drivers.updated_at 
FROM drivers 
WHERE drivers.id = ?
2025-11-16 23:13:18,703 - sqlalchemy.engine.Engine - INFO - [cached since 2906s ago] (4,)
2025-11-16 23:13:18,705 - sqlalchemy.engine.Engine - INFO - ROLLBACK
2025-11-16 23:13:26,685 - sqlalchemy.engine.Engine - INFO - BEGIN (implicit)
2025-11-16 23:13:26,685 - sqlalchemy.engine.Engine - INFO - SELECT users.id, users.username, users.email, users.password_hash, users.role, users.is_active, users.last_login_at, users.created_at, users.updated_at 
FROM users 
WHERE users.username = ?
2025-11-16 23:13:26,685 - sqlalchemy.engine.Engine - INFO - [cached since 4444s ago] ('admin',)
2025-11-16 23:13:26,686 - sqlalchemy.engine.Engine - INFO - SELECT drivers.id, drivers.user_id, drivers.name, drivers.phone, drivers.id_card, drivers.license_number, drivers.license_type, drivers.main_route, drivers.vehicle_type, drivers.vehicle_length, drivers.price_per_km, drivers.experience_years, drivers.status, drivers.emergency_contact, drivers.emergency_phone, drivers.remark, drivers.created_at, drivers.updated_at 
FROM drivers 
WHERE drivers.id = ?
2025-11-16 23:13:26,686 - sqlalchemy.engine.Engine - INFO - [cached since 2914s ago] (4,)
2025-11-16 23:13:26,687 - sqlalchemy.engine.Engine - INFO - SELECT drivers.id, drivers.user_id, drivers.name, drivers.phone, drivers.id_card, drivers.license_number, drivers.license_type, drivers.main_route, drivers.vehicle_type, drivers.vehicle_length, drivers.price_per_km, drivers.experience_years, drivers.status, drivers.emergency_contact, drivers.emergency_phone, drivers.remark, drivers.created_at, drivers.updated_at 
FROM drivers 
WHERE drivers.id = ?
2025-11-16 23:13:26,687 - sqlalchemy.engine.Engine - INFO - [cached since 2914s ago] (4,)
2025-11-16 23:13:26,688 - sqlalchemy.engine.Engine - INFO - UPDATE drivers SET status=?, updated_at=? WHERE drivers.id = ?
2025-11-16 23:13:26,688 - sqlalchemy.engine.Engine - INFO - [cached since 52.76s ago] ('active', '2025-11-16 15:13:26.688084', 4)
2025-11-16 23:13:26,688 - sqlalchemy.engine.Engine - INFO - COMMIT
2025-11-16 23:13:26,689 - sqlalchemy.engine.Engine - INFO - BEGIN (implicit)
2025-11-16 23:13:26,690 - sqlalchemy.engine.Engine - INFO - SELECT drivers.id, drivers.user_id, drivers.name, drivers.phone, drivers.id_card, drivers.license_number, drivers.license_type, drivers.main_route, drivers.vehicle_type, drivers.vehicle_length, drivers.price_per_km, drivers.experience_years, drivers.status, drivers.emergency_contact, drivers.emergency_phone, drivers.remark, drivers.created_at, drivers.updated_at 
FROM drivers 
WHERE drivers.id = ?
2025-11-16 23:13:26,690 - sqlalchemy.engine.Engine - INFO - [cached since 52.76s ago] (4,)
2025-11-16 23:13:26,690 - sqlalchemy.engine.Engine - INFO - ROLLBACK
2025-11-16 23:13:26,705 - sqlalchemy.engine.Engine - INFO - BEGIN (implicit)
2025-11-16 23:13:26,705 - sqlalchemy.engine.Engine - INFO - SELECT users.id, users.username, users.email, users.password_hash, users.role, users.is_active, users.last_login_at, users.created_at, users.updated_at 
FROM users 
WHERE users.username = ?
2025-11-16 23:13:26,705 - sqlalchemy.engine.Engine - INFO - [cached since 4444s ago] ('admin',)
2025-11-16 23:13:26,706 - sqlalchemy.engine.Engine - INFO - SELECT drivers.id, drivers.user_id, drivers.name, drivers.phone, drivers.id_card, drivers.license_number, drivers.license_type, drivers.main_route, drivers.vehicle_type, drivers.vehicle_length, drivers.price_per_km, drivers.experience_years, drivers.status, drivers.emergency_contact, drivers.emergency_phone, drivers.remark, drivers.created_at, drivers.updated_at 
FROM drivers 
WHERE drivers.id = ?
2025-11-16 23:13:26,706 - sqlalchemy.engine.Engine - INFO - [cached since 2914s ago] (4,)
2025-11-16 23:13:26,707 - sqlalchemy.engine.Engine - INFO - ROLLBACK
2025-11-16 23:13:26,719 - sqlalchemy.engine.Engine - INFO - BEGIN (implicit)
2025-11-16 23:13:26,719 - sqlalchemy.engine.Engine - INFO - SELECT users.id, users.username, users.email, users.password_hash, users.role, users.is_active, users.last_login_at, users.created_at, users.updated_at 
FROM users 
WHERE users.username = ?
2025-11-16 23:13:26,719 - sqlalchemy.engine.Engine - INFO - [cached since 4444s ago] ('admin',)
2025-11-16 23:13:26,720 - sqlalchemy.engine.Engine - INFO - SELECT drivers.id, drivers.user_id, drivers.name, drivers.phone, drivers.id_card, drivers.license_number, drivers.license_type, drivers.main_route, drivers.vehicle_type, drivers.vehicle_length, drivers.price_per_km, drivers.experience_years, drivers.status, drivers.emergency_contact, drivers.emergency_phone, drivers.remark, drivers.created_at, drivers.updated_at 
FROM drivers 
WHERE drivers.id = ?
2025-11-16 23:13:26,720 - sqlalchemy.engine.Engine - INFO - [cached since 2914s ago] (4,)
2025-11-16 23:13:26,720 - sqlalchemy.engine.Engine - INFO - ROLLBACK
2025-11-16 23:13:27,024 - sqlalchemy.engine.Engine - INFO - BEGIN (implicit)
2025-11-16 23:13:27,024 - sqlalchemy.engine.Engine - INFO - SELECT users.id, users.username, users.email, users.password_hash, users.role, users.is_active, users.last_login_at, users.created_at, users.updated_at 
FROM users 
WHERE users.username = ?
2025-11-16 23:13:27,024 - sqlalchemy.engine.Engine - INFO - [cached since 4445s ago] ('admin',)
2025-11-16 23:13:27,025 - sqlalchemy.engine.Engine - INFO - SELECT drivers.id, drivers.user_id, drivers.name, drivers.phone, drivers.id_card, drivers.license_number, drivers.license_type, drivers.main_route, drivers.vehicle_type, drivers.vehicle_length, drivers.price_per_km, drivers.experience_years, drivers.status, drivers.emergency_contact, drivers.emergency_phone, drivers.remark, drivers.created_at, drivers.updated_at 
FROM drivers 
WHERE drivers.id = ?
2025-11-16 23:13:27,025 - sqlalchemy.engine.Engine - INFO - [cached since 2914s ago] (4,)
2025-11-16 23:13:27,025 - sqlalchemy.engine.Engine - INFO - ROLLBACK
2025-11-16 23:13:27,566 - sqlalchemy.engine.Engine - INFO - BEGIN (implicit)
2025-11-16 23:13:27,567 - sqlalchemy.engine.Engine - INFO - SELECT users.id, users.username, users.email, users.password_hash, users.role, users.is_active, users.last_login_at, users.created_at, users.updated_at 
FROM users 
WHERE users.username = ?
2025-11-16 23:13:27,567 - sqlalchemy.engine.Engine - INFO - [cached since 4445s ago] ('admin',)
2025-11-16 23:13:27,567 - sqlalchemy.engine.Engine - INFO - ROLLBACK
2025-11-16 23:13:27,877 - sqlalchemy.engine.Engine - INFO - BEGIN (implicit)
2025-11-16 23:13:27,878 - sqlalchemy.engine.Engine - INFO - SELECT users.id, users.username, users.email, users.password_hash, users.role, users.is_active, users.last_login_at, users.created_at, users.updated_at 
FROM users 
WHERE users.username = ?
2025-11-16 23:13:27,878 - sqlalchemy.engine.Engine - INFO - [cached since 4446s ago] ('admin',)
2025-11-16 23:13:27,878 - sqlalchemy.engine.Engine - INFO - ROLLBACK
2025-11-16 23:13:28,581 - sqlalchemy.engine.Engine - INFO - BEGIN (implicit)
2025-11-16 23:13:28,581 - sqlalchemy.engine.Engine - INFO - SELECT users.id, users.username, users.email, users.password_hash, users.role, users.is_active, users.last_login_at, users.created_at, users.updated_at 
FROM users 
WHERE users.username = ?
2025-11-16 23:13:28,581 - sqlalchemy.engine.Engine - INFO - [cached since 4446s ago] ('admin',)
2025-11-16 23:13:28,582 - sqlalchemy.engine.Engine - INFO - SELECT count(drivers.id) AS count_1 
FROM drivers
2025-11-16 23:13:28,582 - sqlalchemy.engine.Engine - INFO - [cached since 3980s ago] ()
2025-11-16 23:13:28,582 - sqlalchemy.engine.Engine - INFO - SELECT count(drivers.id) AS count_1 
FROM drivers 
WHERE drivers.status = ?
2025-11-16 23:13:28,582 - sqlalchemy.engine.Engine - INFO - [cached since 754.7s ago] ('active',)
2025-11-16 23:13:28,583 - sqlalchemy.engine.Engine - INFO - SELECT count(drivers.id) AS count_1 
FROM drivers 
WHERE drivers.created_at >= ?
2025-11-16 23:13:28,583 - sqlalchemy.engine.Engine - INFO - [cached since 754.7s ago] ('2025-11-01 00:00:00.000000',)
2025-11-16 23:13:28,583 - sqlalchemy.engine.Engine - INFO - SELECT drivers.main_route, count(drivers.id) AS count 
FROM drivers GROUP BY drivers.main_route ORDER BY count(drivers.id) DESC
 LIMIT ? OFFSET ?
2025-11-16 23:13:28,583 - sqlalchemy.engine.Engine - INFO - [cached since 754.7s ago] (10, 0)
2025-11-16 23:13:28,584 - sqlalchemy.engine.Engine - INFO - SELECT drivers.user_id, users.username, count(drivers.id) AS count 
FROM drivers JOIN users ON drivers.user_id = users.id GROUP BY drivers.user_id, users.username ORDER BY count(drivers.id) DESC
 LIMIT ? OFFSET ?
2025-11-16 23:13:28,584 - sqlalchemy.engine.Engine - INFO - [cached since 754.7s ago] (10, 0)
2025-11-16 23:13:28,584 - sqlalchemy.engine.Engine - INFO - ROLLBACK
2025-11-16 23:13:28,820 - sqlalchemy.engine.Engine - INFO - BEGIN (implicit)
2025-11-16 23:13:28,821 - sqlalchemy.engine.Engine - INFO - SELECT users.id, users.username, users.email, users.password_hash, users.role, users.is_active, users.last_login_at, users.created_at, users.updated_at 
FROM users 
WHERE users.username = ?
2025-11-16 23:13:28,821 - sqlalchemy.engine.Engine - INFO - [cached since 4447s ago] ('admin',)
2025-11-16 23:13:28,821 - sqlalchemy.engine.Engine - INFO - ROLLBACK
2025-11-16 23:13:29,126 - sqlalchemy.engine.Engine - INFO - BEGIN (implicit)
2025-11-16 23:13:29,126 - sqlalchemy.engine.Engine - INFO - SELECT users.id, users.username, users.email, users.password_hash, users.role, users.is_active, users.last_login_at, users.created_at, users.updated_at 
FROM users 
WHERE users.username = ?
2025-11-16 23:13:29,126 - sqlalchemy.engine.Engine - INFO - [cached since 4447s ago] ('admin',)
2025-11-16 23:13:29,127 - sqlalchemy.engine.Engine - INFO - ROLLBACK
2025-11-16 23:13:35,828 - sqlalchemy.engine.Engine - INFO - BEGIN (implicit)
2025-11-16 23:13:35,828 - sqlalchemy.engine.Engine - INFO - SELECT users.id, users.username, users.email, users.password_hash, users.role, users.is_active, users.last_login_at, users.created_at, users.updated_at 
FROM users 
WHERE users.username = ?
2025-11-16 23:13:35,828 - sqlalchemy.engine.Engine - INFO - [cached since 4454s ago] ('admin',)
2025-11-16 23:13:35,828 - sqlalchemy.engine.Engine - INFO - SELECT users.id, users.username, users.email, users.password_hash, users.role, users.is_active, users.last_login_at, users.created_at, users.updated_at 
FROM users 
WHERE users.username = ?
2025-11-16 23:13:35,829 - sqlalchemy.engine.Engine - INFO - [cached since 4454s ago] ('111',)
2025-11-16 23:13:36,016 - sqlalchemy.engine.Engine - INFO - INSERT INTO users (username, email, password_hash, role, is_active, last_login_at, created_at, updated_at) VALUES (?, ?, ?, ?, ?, ?, CURRENT_TIMESTAMP, CURRENT_TIMESTAMP) RETURNING id, created_at, updated_at
2025-11-16 23:13:36,016 - sqlalchemy.engine.Engine - INFO - [generated in 0.00017s] ('111', None, '$2b$12$me2rsr0vTKE/OP/Yaz0HLudV0OhWKEsvgnOHLr1JYeczn9aT1yhXu', 'employee', 1, None)
2025-11-16 23:13:36,017 - sqlalchemy.engine.Engine - INFO - COMMIT
2025-11-16 23:13:36,018 - sqlalchemy.engine.Engine - INFO - BEGIN (implicit)
2025-11-16 23:13:36,018 - sqlalchemy.engine.Engine - INFO - SELECT users.id, users.username, users.email, users.password_hash, users.role, users.is_active, users.last_login_at, users.created_at, users.updated_at 
FROM users 
WHERE users.id = ?
2025-11-16 23:13:36,018 - sqlalchemy.engine.Engine - INFO - [cached since 4454s ago] (2,)
2025-11-16 23:13:36,019 - sqlalchemy.engine.Engine - INFO - ROLLBACK
2025-11-16 23:13:36,115 - sqlalchemy.engine.Engine - INFO - BEGIN (implicit)
2025-11-16 23:13:36,115 - sqlalchemy.engine.Engine - INFO - SELECT users.id, users.username, users.email, users.password_hash, users.role, users.is_active, users.last_login_at, users.created_at, users.updated_at 
FROM users 
WHERE users.username = ?
2025-11-16 23:13:36,115 - sqlalchemy.engine.Engine - INFO - [cached since 4454s ago] ('admin',)
2025-11-16 23:13:36,116 - sqlalchemy.engine.Engine - INFO - ROLLBACK
2025-11-16 23:13:36,179 - sqlalchemy.engine.Engine - INFO - BEGIN (implicit)
2025-11-16 23:13:36,179 - sqlalchemy.engine.Engine - INFO - SELECT users.id, users.username, users.email, users.password_hash, users.role, users.is_active, users.last_login_at, users.created_at, users.updated_at 
FROM users 
WHERE users.username = ?
2025-11-16 23:13:36,179 - sqlalchemy.engine.Engine - INFO - [cached since 4454s ago] ('admin',)
2025-11-16 23:13:36,180 - sqlalchemy.engine.Engine - INFO - ROLLBACK
2025-11-16 23:13:36,185 - sqlalchemy.engine.Engine - INFO - BEGIN (implicit)
2025-11-16 23:13:36,185 - sqlalchemy.engine.Engine - INFO - SELECT users.id, users.username, users.email, users.password_hash, users.role, users.is_active, users.last_login_at, users.created_at, users.updated_at 
FROM users 
WHERE users.username = ?
2025-11-16 23:13:36,185 - sqlalchemy.engine.Engine - INFO - [cached since 4454s ago] ('admin',)
2025-11-16 23:13:36,186 - sqlalchemy.engine.Engine - INFO - ROLLBACK
2025-11-16 23:13:36,491 - sqlalchemy.engine.Engine - INFO - BEGIN (implicit)
2025-11-16 23:13:36,491 - sqlalchemy.engine.Engine - INFO - SELECT users.id, users.username, users.email, users.password_hash, users.role, users.is_active, users.last_login_at, users.created_at, users.updated_at 
FROM users 
WHERE users.username = ?
2025-11-16 23:13:36,491 - sqlalchemy.engine.Engine - INFO - [cached since 4454s ago] ('admin',)
2025-11-16 23:13:36,492 - sqlalchemy.engine.Engine - INFO - ROLLBACK
2025-11-16 23:13:38,343 - sqlalchemy.engine.Engine - INFO - BEGIN (implicit)
2025-11-16 23:13:38,343 - sqlalchemy.engine.Engine - INFO - SELECT users.id, users.username, users.email, users.password_hash, users.role, users.is_active, users.last_login_at, users.created_at, users.updated_at 
FROM users 
WHERE users.username = ?
2025-11-16 23:13:38,343 - sqlalchemy.engine.Engine - INFO - [cached since 4456s ago] ('admin',)
2025-11-16 23:13:38,344 - sqlalchemy.engine.Engine - INFO - ROLLBACK
2025-11-16 23:13:38,648 - sqlalchemy.engine.Engine - INFO - BEGIN (implicit)
2025-11-16 23:13:38,648 - sqlalchemy.engine.Engine - INFO - SELECT users.id, users.username, users.email, users.password_hash, users.role, users.is_active, users.last_login_at, users.created_at, users.updated_at 
FROM users 
WHERE users.username = ?
2025-11-16 23:13:38,648 - sqlalchemy.engine.Engine - INFO - [cached since 4456s ago] ('admin',)
2025-11-16 23:13:38,649 - sqlalchemy.engine.Engine - INFO - ROLLBACK
2025-11-16 23:13:38,863 - sqlalchemy.engine.Engine - INFO - BEGIN (implicit)
2025-11-16 23:13:38,864 - sqlalchemy.engine.Engine - INFO - SELECT users.id, users.username, users.email, users.password_hash, users.role, users.is_active, users.last_login_at, users.created_at, users.updated_at 
FROM users 
WHERE users.username = ?
2025-11-16 23:13:38,864 - sqlalchemy.engine.Engine - INFO - [cached since 4457s ago] ('admin',)
2025-11-16 23:13:38,864 - sqlalchemy.engine.Engine - INFO - SELECT count(drivers.id) AS count_1 
FROM drivers
2025-11-16 23:13:38,864 - sqlalchemy.engine.Engine - INFO - [cached since 3990s ago] ()
2025-11-16 23:13:38,865 - sqlalchemy.engine.Engine - INFO - SELECT count(drivers.id) AS count_1 
FROM drivers 
WHERE drivers.status = ?
2025-11-16 23:13:38,865 - sqlalchemy.engine.Engine - INFO - [cached since 765s ago] ('active',)
2025-11-16 23:13:38,867 - sqlalchemy.engine.Engine - INFO - SELECT count(drivers.id) AS count_1 
FROM drivers 
WHERE drivers.created_at >= ?
2025-11-16 23:13:38,867 - sqlalchemy.engine.Engine - INFO - [cached since 765s ago] ('2025-11-01 00:00:00.000000',)
2025-11-16 23:13:38,868 - sqlalchemy.engine.Engine - INFO - SELECT drivers.main_route, count(drivers.id) AS count 
FROM drivers GROUP BY drivers.main_route ORDER BY count(drivers.id) DESC
 LIMIT ? OFFSET ?
2025-11-16 23:13:38,868 - sqlalchemy.engine.Engine - INFO - [cached since 765s ago] (10, 0)
2025-11-16 23:13:38,869 - sqlalchemy.engine.Engine - INFO - SELECT drivers.user_id, users.username, count(drivers.id) AS count 
FROM drivers JOIN users ON drivers.user_id = users.id GROUP BY drivers.user_id, users.username ORDER BY count(drivers.id) DESC
 LIMIT ? OFFSET ?
2025-11-16 23:13:38,869 - sqlalchemy.engine.Engine - INFO - [cached since 765s ago] (10, 0)
2025-11-16 23:13:38,870 - sqlalchemy.engine.Engine - INFO - ROLLBACK
2025-11-16 23:13:39,323 - sqlalchemy.engine.Engine - INFO - BEGIN (implicit)
2025-11-16 23:13:39,323 - sqlalchemy.engine.Engine - INFO - SELECT users.id, users.username, users.email, users.password_hash, users.role, users.is_active, users.last_login_at, users.created_at, users.updated_at 
FROM users 
WHERE users.username = ?
2025-11-16 23:13:39,324 - sqlalchemy.engine.Engine - INFO - [cached since 4457s ago] ('admin',)
2025-11-16 23:13:39,326 - sqlalchemy.engine.Engine - INFO - ROLLBACK
2025-11-16 23:13:39,632 - sqlalchemy.engine.Engine - INFO - BEGIN (implicit)
2025-11-16 23:13:39,632 - sqlalchemy.engine.Engine - INFO - SELECT users.id, users.username, users.email, users.password_hash, users.role, users.is_active, users.last_login_at, users.created_at, users.updated_at 
FROM users 
WHERE users.username = ?
2025-11-16 23:13:39,632 - sqlalchemy.engine.Engine - INFO - [cached since 4457s ago] ('admin',)
2025-11-16 23:13:39,632 - sqlalchemy.engine.Engine - INFO - ROLLBACK
2025-11-16 23:13:39,882 - sqlalchemy.engine.Engine - INFO - BEGIN (implicit)
2025-11-16 23:13:39,882 - sqlalchemy.engine.Engine - INFO - SELECT users.id, users.username, users.email, users.password_hash, users.role, users.is_active, users.last_login_at, users.created_at, users.updated_at 
FROM users 
WHERE users.username = ?
2025-11-16 23:13:39,882 - sqlalchemy.engine.Engine - INFO - [cached since 4458s ago] ('admin',)
2025-11-16 23:13:39,883 - sqlalchemy.engine.Engine - INFO - SELECT count(drivers.id) AS count_1 
FROM drivers
2025-11-16 23:13:39,883 - sqlalchemy.engine.Engine - INFO - [cached since 3991s ago] ()
2025-11-16 23:13:39,883 - sqlalchemy.engine.Engine - INFO - SELECT count(drivers.id) AS count_1 
FROM drivers 
WHERE drivers.status = ?
2025-11-16 23:13:39,883 - sqlalchemy.engine.Engine - INFO - [cached since 766s ago] ('active',)
2025-11-16 23:13:39,884 - sqlalchemy.engine.Engine - INFO - SELECT count(drivers.id) AS count_1 
FROM drivers 
WHERE drivers.created_at >= ?
2025-11-16 23:13:39,884 - sqlalchemy.engine.Engine - INFO - [cached since 766s ago] ('2025-11-01 00:00:00.000000',)
2025-11-16 23:13:39,884 - sqlalchemy.engine.Engine - INFO - SELECT drivers.main_route, count(drivers.id) AS count 
FROM drivers GROUP BY drivers.main_route ORDER BY count(drivers.id) DESC
 LIMIT ? OFFSET ?
2025-11-16 23:13:39,884 - sqlalchemy.engine.Engine - INFO - [cached since 766s ago] (10, 0)
2025-11-16 23:13:39,885 - sqlalchemy.engine.Engine - INFO - SELECT drivers.user_id, users.username, count(drivers.id) AS count 
FROM drivers JOIN users ON drivers.user_id = users.id GROUP BY drivers.user_id, users.username ORDER BY count(drivers.id) DESC
 LIMIT ? OFFSET ?
2025-11-16 23:13:39,885 - sqlalchemy.engine.Engine - INFO - [cached since 766s ago] (10, 0)
2025-11-16 23:13:39,885 - sqlalchemy.engine.Engine - INFO - ROLLBACK
2025-11-16 23:13:40,265 - sqlalchemy.engine.Engine - INFO - BEGIN (implicit)
2025-11-16 23:13:40,265 - sqlalchemy.engine.Engine - INFO - SELECT users.id, users.username, users.email, users.password_hash, users.role, users.is_active, users.last_login_at, users.created_at, users.updated_at 
FROM users 
WHERE users.username = ?
2025-11-16 23:13:40,265 - sqlalchemy.engine.Engine - INFO - [cached since 4458s ago] ('admin',)
2025-11-16 23:13:40,266 - sqlalchemy.engine.Engine - INFO - SELECT drivers.id, drivers.user_id, drivers.name, drivers.phone, drivers.id_card, drivers.license_number, drivers.license_type, drivers.main_route, drivers.vehicle_type, drivers.vehicle_length, drivers.price_per_km, drivers.experience_years, drivers.status, drivers.emergency_contact, drivers.emergency_phone, drivers.remark, drivers.created_at, drivers.updated_at 
FROM drivers ORDER BY drivers.created_at DESC
 LIMIT ? OFFSET ?
2025-11-16 23:13:40,266 - sqlalchemy.engine.Engine - INFO - [cached since 3991s ago] (20, 0)
2025-11-16 23:13:40,266 - sqlalchemy.engine.Engine - INFO - SELECT count(drivers.id) AS count_1 
FROM drivers
2025-11-16 23:13:40,266 - sqlalchemy.engine.Engine - INFO - [cached since 3991s ago] ()
2025-11-16 23:13:40,267 - sqlalchemy.engine.Engine - INFO - ROLLBACK
2025-11-16 23:14:02,864 - sqlalchemy.engine.Engine - INFO - BEGIN (implicit)
2025-11-16 23:14:02,864 - sqlalchemy.engine.Engine - INFO - SELECT users.id, users.username, users.email, users.password_hash, users.role, users.is_active, users.last_login_at, users.created_at, users.updated_at 
FROM users 
WHERE users.username = ?
2025-11-16 23:14:02,864 - sqlalchemy.engine.Engine - INFO - [cached since 4481s ago] ('admin',)
2025-11-16 23:14:02,865 - sqlalchemy.engine.Engine - INFO - ROLLBACK
2025-11-16 23:14:03,549 - sqlalchemy.engine.Engine - INFO - BEGIN (implicit)
2025-11-16 23:14:03,549 - sqlalchemy.engine.Engine - INFO - SELECT users.id, users.username, users.email, users.password_hash, users.role, users.is_active, users.last_login_at, users.created_at, users.updated_at 
FROM users 
WHERE users.username = ?
2025-11-16 23:14:03,549 - sqlalchemy.engine.Engine - INFO - [cached since 4481s ago] ('admin',)
2025-11-16 23:14:03,549 - sqlalchemy.engine.Engine - INFO - ROLLBACK
2025-11-16 23:14:03,819 - sqlalchemy.engine.Engine - INFO - BEGIN (implicit)
2025-11-16 23:14:03,819 - sqlalchemy.engine.Engine - INFO - SELECT users.id, users.username, users.email, users.password_hash, users.role, users.is_active, users.last_login_at, users.created_at, users.updated_at 
FROM users 
WHERE users.username = ?
2025-11-16 23:14:03,819 - sqlalchemy.engine.Engine - INFO - [cached since 4482s ago] ('admin',)
2025-11-16 23:14:03,820 - sqlalchemy.engine.Engine - INFO - ROLLBACK
2025-11-16 23:14:12,991 - sqlalchemy.engine.Engine - INFO - BEGIN (implicit)
2025-11-16 23:14:12,991 - sqlalchemy.engine.Engine - INFO - SELECT users.id, users.username, users.email, users.password_hash, users.role, users.is_active, users.last_login_at, users.created_at, users.updated_at 
FROM users 
WHERE users.username = ?
2025-11-16 23:14:12,991 - sqlalchemy.engine.Engine - INFO - [cached since 4491s ago] ('admin',)
2025-11-16 23:14:12,992 - sqlalchemy.engine.Engine - INFO - SELECT drivers.id, drivers.user_id, drivers.name, drivers.phone, drivers.id_card, drivers.license_number, drivers.license_type, drivers.main_route, drivers.vehicle_type, drivers.vehicle_length, drivers.price_per_km, drivers.experience_years, drivers.status, drivers.emergency_contact, drivers.emergency_phone, drivers.remark, drivers.created_at, drivers.updated_at 
FROM drivers ORDER BY drivers.created_at DESC
 LIMIT ? OFFSET ?
2025-11-16 23:14:12,992 - sqlalchemy.engine.Engine - INFO - [cached since 4024s ago] (20, 0)
2025-11-16 23:14:12,993 - sqlalchemy.engine.Engine - INFO - SELECT count(drivers.id) AS count_1 
FROM drivers
2025-11-16 23:14:12,993 - sqlalchemy.engine.Engine - INFO - [cached since 4024s ago] ()
2025-11-16 23:14:12,994 - sqlalchemy.engine.Engine - INFO - ROLLBACK
2025-11-16 23:14:13,578 - sqlalchemy.engine.Engine - INFO - BEGIN (implicit)
2025-11-16 23:14:13,578 - sqlalchemy.engine.Engine - INFO - SELECT users.id, users.username, users.email, users.password_hash, users.role, users.is_active, users.last_login_at, users.created_at, users.updated_at 
FROM users 
WHERE users.username = ?
2025-11-16 23:14:13,578 - sqlalchemy.engine.Engine - INFO - [cached since 4491s ago] ('admin',)
2025-11-16 23:14:13,579 - sqlalchemy.engine.Engine - INFO - SELECT count(drivers.id) AS count_1 
FROM drivers
2025-11-16 23:14:13,579 - sqlalchemy.engine.Engine - INFO - [cached since 4025s ago] ()
2025-11-16 23:14:13,579 - sqlalchemy.engine.Engine - INFO - SELECT count(drivers.id) AS count_1 
FROM drivers 
WHERE drivers.status = ?
2025-11-16 23:14:13,579 - sqlalchemy.engine.Engine - INFO - [cached since 799.7s ago] ('active',)
2025-11-16 23:14:13,579 - sqlalchemy.engine.Engine - INFO - SELECT count(drivers.id) AS count_1 
FROM drivers 
WHERE drivers.created_at >= ?
2025-11-16 23:14:13,579 - sqlalchemy.engine.Engine - INFO - [cached since 799.7s ago] ('2025-11-01 00:00:00.000000',)
2025-11-16 23:14:13,580 - sqlalchemy.engine.Engine - INFO - SELECT drivers.main_route, count(drivers.id) AS count 
FROM drivers GROUP BY drivers.main_route ORDER BY count(drivers.id) DESC
 LIMIT ? OFFSET ?
2025-11-16 23:14:13,580 - sqlalchemy.engine.Engine - INFO - [cached since 799.7s ago] (10, 0)
2025-11-16 23:14:13,580 - sqlalchemy.engine.Engine - INFO - SELECT drivers.user_id, users.username, count(drivers.id) AS count 
FROM drivers JOIN users ON drivers.user_id = users.id GROUP BY drivers.user_id, users.username ORDER BY count(drivers.id) DESC
 LIMIT ? OFFSET ?
2025-11-16 23:14:13,580 - sqlalchemy.engine.Engine - INFO - [cached since 799.7s ago] (10, 0)
2025-11-16 23:14:13,580 - sqlalchemy.engine.Engine - INFO - ROLLBACK
2025-11-16 23:14:14,059 - sqlalchemy.engine.Engine - INFO - BEGIN (implicit)
2025-11-16 23:14:14,060 - sqlalchemy.engine.Engine - INFO - SELECT users.id, users.username, users.email, users.password_hash, users.role, users.is_active, users.last_login_at, users.created_at, users.updated_at 
FROM users 
WHERE users.username = ?
2025-11-16 23:14:14,060 - sqlalchemy.engine.Engine - INFO - [cached since 4492s ago] ('admin',)
2025-11-16 23:14:14,062 - sqlalchemy.engine.Engine - INFO - ROLLBACK
2025-11-16 23:14:14,369 - sqlalchemy.engine.Engine - INFO - BEGIN (implicit)
2025-11-16 23:14:14,369 - sqlalchemy.engine.Engine - INFO - SELECT users.id, users.username, users.email, users.password_hash, users.role, users.is_active, users.last_login_at, users.created_at, users.updated_at 
FROM users 
WHERE users.username = ?
2025-11-16 23:14:14,369 - sqlalchemy.engine.Engine - INFO - [cached since 4492s ago] ('admin',)
2025-11-16 23:14:14,369 - sqlalchemy.engine.Engine - INFO - ROLLBACK
2025-11-16 23:14:16,373 - sqlalchemy.engine.Engine - INFO - BEGIN (implicit)
2025-11-16 23:14:16,373 - sqlalchemy.engine.Engine - INFO - SELECT users.id, users.username, users.email, users.password_hash, users.role, users.is_active, users.last_login_at, users.created_at, users.updated_at 
FROM users 
WHERE users.username = ?
2025-11-16 23:14:16,373 - sqlalchemy.engine.Engine - INFO - [cached since 4494s ago] ('admin',)
2025-11-16 23:14:16,375 - sqlalchemy.engine.Engine - INFO - ROLLBACK
2025-11-16 23:14:16,426 - sqlalchemy.engine.Engine - INFO - BEGIN (implicit)
2025-11-16 23:14:16,427 - sqlalchemy.engine.Engine - INFO - SELECT users.id, users.username, users.email, users.password_hash, users.role, users.is_active, users.last_login_at, users.created_at, users.updated_at 
FROM users 
WHERE users.username = ?
2025-11-16 23:14:16,427 - sqlalchemy.engine.Engine - INFO - [cached since 4494s ago] ('admin',)
2025-11-16 23:14:16,428 - sqlalchemy.engine.Engine - INFO - ROLLBACK
2025-11-16 23:14:16,429 - sqlalchemy.engine.Engine - INFO - BEGIN (implicit)
2025-11-16 23:14:16,429 - sqlalchemy.engine.Engine - INFO - SELECT users.id, users.username, users.email, users.password_hash, users.role, users.is_active, users.last_login_at, users.created_at, users.updated_at 
FROM users 
WHERE users.username = ?
2025-11-16 23:14:16,429 - sqlalchemy.engine.Engine - INFO - [cached since 4494s ago] ('admin',)
2025-11-16 23:14:16,430 - sqlalchemy.engine.Engine - INFO - ROLLBACK
2025-11-16 23:14:16,735 - sqlalchemy.engine.Engine - INFO - BEGIN (implicit)
2025-11-16 23:14:16,735 - sqlalchemy.engine.Engine - INFO - SELECT users.id, users.username, users.email, users.password_hash, users.role, users.is_active, users.last_login_at, users.created_at, users.updated_at 
FROM users 
WHERE users.username = ?
2025-11-16 23:14:16,735 - sqlalchemy.engine.Engine - INFO - [cached since 4494s ago] ('admin',)
2025-11-16 23:14:16,736 - sqlalchemy.engine.Engine - INFO - ROLLBACK
2025-11-16 23:14:21,668 - sqlalchemy.engine.Engine - INFO - BEGIN (implicit)
2025-11-16 23:14:21,669 - sqlalchemy.engine.Engine - INFO - SELECT users.id, users.username, users.email, users.password_hash, users.role, users.is_active, users.last_login_at, users.created_at, users.updated_at 
FROM users 
WHERE users.username = ?
2025-11-16 23:14:21,669 - sqlalchemy.engine.Engine - INFO - [cached since 4499s ago] ('admin',)
2025-11-16 23:14:21,669 - sqlalchemy.engine.Engine - INFO - SELECT users.id, users.username, users.email, users.password_hash, users.role, users.is_active, users.last_login_at, users.created_at, users.updated_at 
FROM users 
WHERE users.username = ?
2025-11-16 23:14:21,669 - sqlalchemy.engine.Engine - INFO - [cached since 4499s ago] ('11111',)
2025-11-16 23:14:21,849 - sqlalchemy.engine.Engine - INFO - INSERT INTO users (username, email, password_hash, role, is_active, last_login_at, created_at, updated_at) VALUES (?, ?, ?, ?, ?, ?, CURRENT_TIMESTAMP, CURRENT_TIMESTAMP) RETURNING id, created_at, updated_at
2025-11-16 23:14:21,850 - sqlalchemy.engine.Engine - INFO - [cached since 45.83s ago] ('11111', None, '$2b$12$SUAeadcLeJ5oHWpUZeeY6OkNxINeCsiMsqY7Kz39lLQokgmwFRMM6', 'employee', 1, None)
2025-11-16 23:14:21,850 - sqlalchemy.engine.Engine - INFO - COMMIT
2025-11-16 23:14:21,851 - sqlalchemy.engine.Engine - INFO - BEGIN (implicit)
2025-11-16 23:14:21,851 - sqlalchemy.engine.Engine - INFO - SELECT users.id, users.username, users.email, users.password_hash, users.role, users.is_active, users.last_login_at, users.created_at, users.updated_at 
FROM users 
WHERE users.id = ?
2025-11-16 23:14:21,851 - sqlalchemy.engine.Engine - INFO - [cached since 4499s ago] (3,)
2025-11-16 23:14:21,852 - sqlalchemy.engine.Engine - INFO - ROLLBACK
2025-11-16 23:14:21,939 - sqlalchemy.engine.Engine - INFO - BEGIN (implicit)
2025-11-16 23:14:21,939 - sqlalchemy.engine.Engine - INFO - SELECT users.id, users.username, users.email, users.password_hash, users.role, users.is_active, users.last_login_at, users.created_at, users.updated_at 
FROM users 
WHERE users.username = ?
2025-11-16 23:14:21,939 - sqlalchemy.engine.Engine - INFO - [cached since 4500s ago] ('admin',)
2025-11-16 23:14:21,940 - sqlalchemy.engine.Engine - INFO - ROLLBACK
2025-11-16 23:14:21,997 - sqlalchemy.engine.Engine - INFO - BEGIN (implicit)
2025-11-16 23:14:21,998 - sqlalchemy.engine.Engine - INFO - SELECT users.id, users.username, users.email, users.password_hash, users.role, users.is_active, users.last_login_at, users.created_at, users.updated_at 
FROM users 
WHERE users.username = ?
2025-11-16 23:14:21,998 - sqlalchemy.engine.Engine - INFO - [cached since 4500s ago] ('admin',)
2025-11-16 23:14:22,000 - sqlalchemy.engine.Engine - INFO - ROLLBACK
2025-11-16 23:14:22,006 - sqlalchemy.engine.Engine - INFO - BEGIN (implicit)
2025-11-16 23:14:22,007 - sqlalchemy.engine.Engine - INFO - SELECT users.id, users.username, users.email, users.password_hash, users.role, users.is_active, users.last_login_at, users.created_at, users.updated_at 
FROM users 
WHERE users.username = ?
2025-11-16 23:14:22,007 - sqlalchemy.engine.Engine - INFO - [cached since 4500s ago] ('admin',)
2025-11-16 23:14:22,008 - sqlalchemy.engine.Engine - INFO - ROLLBACK
2025-11-16 23:14:22,313 - sqlalchemy.engine.Engine - INFO - BEGIN (implicit)
2025-11-16 23:14:22,313 - sqlalchemy.engine.Engine - INFO - SELECT users.id, users.username, users.email, users.password_hash, users.role, users.is_active, users.last_login_at, users.created_at, users.updated_at 
FROM users 
WHERE users.username = ?
2025-11-16 23:14:22,313 - sqlalchemy.engine.Engine - INFO - [cached since 4500s ago] ('admin',)
2025-11-16 23:14:22,313 - sqlalchemy.engine.Engine - INFO - ROLLBACK
2025-11-16 23:15:01,582 - sqlalchemy.engine.Engine - INFO - BEGIN (implicit)
2025-11-16 23:15:01,582 - sqlalchemy.engine.Engine - INFO - SELECT users.id, users.username, users.email, users.password_hash, users.role, users.is_active, users.last_login_at, users.created_at, users.updated_at 
FROM users 
WHERE users.username = ?
2025-11-16 23:15:01,582 - sqlalchemy.engine.Engine - INFO - [cached since 4539s ago] ('admin',)
2025-11-16 23:15:01,583 - sqlalchemy.engine.Engine - INFO - SELECT count(drivers.id) AS count_1 
FROM drivers
2025-11-16 23:15:01,583 - sqlalchemy.engine.Engine - INFO - [cached since 4073s ago] ()
2025-11-16 23:15:01,584 - sqlalchemy.engine.Engine - INFO - SELECT count(drivers.id) AS count_1 
FROM drivers 
WHERE drivers.status = ?
2025-11-16 23:15:01,584 - sqlalchemy.engine.Engine - INFO - [cached since 847.7s ago] ('active',)
2025-11-16 23:15:01,584 - sqlalchemy.engine.Engine - INFO - SELECT count(drivers.id) AS count_1 
FROM drivers 
WHERE drivers.created_at >= ?
2025-11-16 23:15:01,584 - sqlalchemy.engine.Engine - INFO - [cached since 847.7s ago] ('2025-11-01 00:00:00.000000',)
2025-11-16 23:15:01,584 - sqlalchemy.engine.Engine - INFO - SELECT drivers.main_route, count(drivers.id) AS count 
FROM drivers GROUP BY drivers.main_route ORDER BY count(drivers.id) DESC
 LIMIT ? OFFSET ?
2025-11-16 23:15:01,585 - sqlalchemy.engine.Engine - INFO - [cached since 847.7s ago] (10, 0)
2025-11-16 23:15:01,585 - sqlalchemy.engine.Engine - INFO - SELECT drivers.user_id, users.username, count(drivers.id) AS count 
FROM drivers JOIN users ON drivers.user_id = users.id GROUP BY drivers.user_id, users.username ORDER BY count(drivers.id) DESC
 LIMIT ? OFFSET ?
2025-11-16 23:15:01,585 - sqlalchemy.engine.Engine - INFO - [cached since 847.7s ago] (10, 0)
2025-11-16 23:15:01,586 - sqlalchemy.engine.Engine - INFO - ROLLBACK
2025-11-16 23:15:01,913 - sqlalchemy.engine.Engine - INFO - BEGIN (implicit)
2025-11-16 23:15:01,913 - sqlalchemy.engine.Engine - INFO - SELECT users.id, users.username, users.email, users.password_hash, users.role, users.is_active, users.last_login_at, users.created_at, users.updated_at 
FROM users 
WHERE users.username = ?
2025-11-16 23:15:01,913 - sqlalchemy.engine.Engine - INFO - [cached since 4540s ago] ('admin',)
2025-11-16 23:15:01,917 - sqlalchemy.engine.Engine - INFO - SELECT drivers.id, drivers.user_id, drivers.name, drivers.phone, drivers.id_card, drivers.license_number, drivers.license_type, drivers.main_route, drivers.vehicle_type, drivers.vehicle_length, drivers.price_per_km, drivers.experience_years, drivers.status, drivers.emergency_contact, drivers.emergency_phone, drivers.remark, drivers.created_at, drivers.updated_at 
FROM drivers ORDER BY drivers.created_at DESC
 LIMIT ? OFFSET ?
2025-11-16 23:15:01,917 - sqlalchemy.engine.Engine - INFO - [cached since 4073s ago] (20, 0)
2025-11-16 23:15:01,918 - sqlalchemy.engine.Engine - INFO - SELECT count(drivers.id) AS count_1 
FROM drivers
2025-11-16 23:15:01,918 - sqlalchemy.engine.Engine - INFO - [cached since 4073s ago] ()
2025-11-16 23:15:01,921 - sqlalchemy.engine.Engine - INFO - ROLLBACK
2025-11-16 23:15:03,187 - sqlalchemy.engine.Engine - INFO - BEGIN (implicit)
2025-11-16 23:15:03,188 - sqlalchemy.engine.Engine - INFO - SELECT users.id, users.username, users.email, users.password_hash, users.role, users.is_active, users.last_login_at, users.created_at, users.updated_at 
FROM users 
WHERE users.username = ?
2025-11-16 23:15:03,188 - sqlalchemy.engine.Engine - INFO - [cached since 4541s ago] ('admin',)
2025-11-16 23:15:03,188 - sqlalchemy.engine.Engine - INFO - SELECT drivers.id, drivers.user_id, drivers.name, drivers.phone, drivers.id_card, drivers.license_number, drivers.license_type, drivers.main_route, drivers.vehicle_type, drivers.vehicle_length, drivers.price_per_km, drivers.experience_years, drivers.status, drivers.emergency_contact, drivers.emergency_phone, drivers.remark, drivers.created_at, drivers.updated_at 
FROM drivers 
WHERE drivers.id = ?
2025-11-16 23:15:03,188 - sqlalchemy.engine.Engine - INFO - [cached since 3011s ago] (4,)
2025-11-16 23:15:03,189 - sqlalchemy.engine.Engine - INFO - ROLLBACK
2025-11-16 23:15:03,204 - sqlalchemy.engine.Engine - INFO - BEGIN (implicit)
2025-11-16 23:15:03,204 - sqlalchemy.engine.Engine - INFO - SELECT users.id, users.username, users.email, users.password_hash, users.role, users.is_active, users.last_login_at, users.created_at, users.updated_at 
FROM users 
WHERE users.username = ?
2025-11-16 23:15:03,204 - sqlalchemy.engine.Engine - INFO - [cached since 4541s ago] ('admin',)
2025-11-16 23:15:03,205 - sqlalchemy.engine.Engine - INFO - SELECT drivers.id, drivers.user_id, drivers.name, drivers.phone, drivers.id_card, drivers.license_number, drivers.license_type, drivers.main_route, drivers.vehicle_type, drivers.vehicle_length, drivers.price_per_km, drivers.experience_years, drivers.status, drivers.emergency_contact, drivers.emergency_phone, drivers.remark, drivers.created_at, drivers.updated_at 
FROM drivers 
WHERE drivers.id = ?
2025-11-16 23:15:03,205 - sqlalchemy.engine.Engine - INFO - [cached since 3011s ago] (4,)
2025-11-16 23:15:03,206 - sqlalchemy.engine.Engine - INFO - ROLLBACK
2025-11-16 23:15:03,514 - sqlalchemy.engine.Engine - INFO - BEGIN (implicit)
2025-11-16 23:15:03,514 - sqlalchemy.engine.Engine - INFO - SELECT users.id, users.username, users.email, users.password_hash, users.role, users.is_active, users.last_login_at, users.created_at, users.updated_at 
FROM users 
WHERE users.username = ?
2025-11-16 23:15:03,514 - sqlalchemy.engine.Engine - INFO - [cached since 4541s ago] ('admin',)
2025-11-16 23:15:03,514 - sqlalchemy.engine.Engine - INFO - SELECT drivers.id, drivers.user_id, drivers.name, drivers.phone, drivers.id_card, drivers.license_number, drivers.license_type, drivers.main_route, drivers.vehicle_type, drivers.vehicle_length, drivers.price_per_km, drivers.experience_years, drivers.status, drivers.emergency_contact, drivers.emergency_phone, drivers.remark, drivers.created_at, drivers.updated_at 
FROM drivers 
WHERE drivers.id = ?
2025-11-16 23:15:03,514 - sqlalchemy.engine.Engine - INFO - [cached since 3011s ago] (4,)
2025-11-16 23:15:03,515 - sqlalchemy.engine.Engine - INFO - ROLLBACK
2025-11-16 23:18:20,286 - sqlalchemy.engine.Engine - INFO - BEGIN (implicit)
2025-11-16 23:18:20,304 - sqlalchemy.engine.Engine - INFO - SELECT users.id, users.username, users.email, users.password_hash, users.role, users.is_active, users.last_login_at, users.created_at, users.updated_at 
FROM users 
WHERE users.username = ?
2025-11-16 23:18:20,304 - sqlalchemy.engine.Engine - INFO - [generated in 0.00038s] ('admin',)
2025-11-16 23:18:20,321 - sqlalchemy.engine.Engine - INFO - ROLLBACK
2025-11-16 23:18:20,379 - sqlalchemy.engine.Engine - INFO - BEGIN (implicit)
2025-11-16 23:18:20,379 - sqlalchemy.engine.Engine - INFO - SELECT users.id, users.username, users.email, users.password_hash, users.role, users.is_active, users.last_login_at, users.created_at, users.updated_at 
FROM users 
WHERE users.username = ?
2025-11-16 23:18:20,379 - sqlalchemy.engine.Engine - INFO - [cached since 0.07577s ago] ('admin',)
2025-11-16 23:18:20,388 - sqlalchemy.engine.Engine - INFO - ROLLBACK
2025-11-16 23:18:20,397 - sqlalchemy.engine.Engine - INFO - BEGIN (implicit)
2025-11-16 23:18:20,397 - sqlalchemy.engine.Engine - INFO - SELECT users.id, users.username, users.email, users.password_hash, users.role, users.is_active, users.last_login_at, users.created_at, users.updated_at 
FROM users 
WHERE users.username = ?
2025-11-16 23:18:20,397 - sqlalchemy.engine.Engine - INFO - [cached since 0.0937s ago] ('admin',)
2025-11-16 23:18:20,398 - sqlalchemy.engine.Engine - INFO - BEGIN (implicit)
2025-11-16 23:18:20,398 - sqlalchemy.engine.Engine - INFO - SELECT users.id, users.username, users.email, users.password_hash, users.role, users.is_active, users.last_login_at, users.created_at, users.updated_at 
FROM users 
WHERE users.username = ?
2025-11-16 23:18:20,398 - sqlalchemy.engine.Engine - INFO - [cached since 0.09426s ago] ('admin',)
2025-11-16 23:18:20,407 - sqlalchemy.engine.Engine - INFO - SELECT drivers.id, drivers.user_id, drivers.name, drivers.phone, drivers.id_card, drivers.license_number, drivers.license_type, drivers.main_route, drivers.vehicle_type, drivers.vehicle_length, drivers.price_per_km, drivers.experience_years, drivers.status, drivers.emergency_contact, drivers.emergency_phone, drivers.remark, drivers.created_at, drivers.updated_at 
FROM drivers 
WHERE drivers.id = ?
2025-11-16 23:18:20,408 - sqlalchemy.engine.Engine - INFO - [generated in 0.00063s] (4,)
2025-11-16 23:18:20,412 - sqlalchemy.engine.Engine - INFO - ROLLBACK
2025-11-16 23:18:20,416 - sqlalchemy.engine.Engine - INFO - ROLLBACK
2025-11-16 23:18:20,434 - sqlalchemy.engine.Engine - INFO - BEGIN (implicit)
2025-11-16 23:18:20,435 - sqlalchemy.engine.Engine - INFO - SELECT users.id, users.username, users.email, users.password_hash, users.role, users.is_active, users.last_login_at, users.created_at, users.updated_at 
FROM users 
WHERE users.username = ?
2025-11-16 23:18:20,435 - sqlalchemy.engine.Engine - INFO - [cached since 0.1314s ago] ('admin',)
2025-11-16 23:18:20,437 - sqlalchemy.engine.Engine - INFO - SELECT drivers.id, drivers.user_id, drivers.name, drivers.phone, drivers.id_card, drivers.license_number, drivers.license_type, drivers.main_route, drivers.vehicle_type, drivers.vehicle_length, drivers.price_per_km, drivers.experience_years, drivers.status, drivers.emergency_contact, drivers.emergency_phone, drivers.remark, drivers.created_at, drivers.updated_at 
FROM drivers 
WHERE drivers.id = ?
2025-11-16 23:18:20,437 - sqlalchemy.engine.Engine - INFO - [cached since 0.02945s ago] (4,)
2025-11-16 23:18:20,438 - sqlalchemy.engine.Engine - INFO - SELECT drivers.id, drivers.user_id, drivers.name, drivers.phone, drivers.id_card, drivers.license_number, drivers.license_type, drivers.main_route, drivers.vehicle_type, drivers.vehicle_length, drivers.price_per_km, drivers.experience_years, drivers.status, drivers.emergency_contact, drivers.emergency_phone, drivers.remark, drivers.created_at, drivers.updated_at 
FROM drivers 
WHERE drivers.id = ?
2025-11-16 23:18:20,438 - sqlalchemy.engine.Engine - INFO - [cached since 0.0307s ago] (4,)
2025-11-16 23:18:20,439 - sqlalchemy.engine.Engine - INFO - ROLLBACK
2025-11-16 23:18:20,598 - sqlalchemy.engine.Engine - INFO - BEGIN (implicit)
2025-11-16 23:18:20,598 - sqlalchemy.engine.Engine - INFO - SELECT users.id, users.username, users.email, users.password_hash, users.role, users.is_active, users.last_login_at, users.created_at, users.updated_at 
FROM users 
WHERE users.username = ?
2025-11-16 23:18:20,598 - sqlalchemy.engine.Engine - INFO - [cached since 0.2948s ago] ('admin',)
2025-11-16 23:18:20,599 - sqlalchemy.engine.Engine - INFO - BEGIN (implicit)
2025-11-16 23:18:20,599 - sqlalchemy.engine.Engine - INFO - SELECT users.id, users.username, users.email, users.password_hash, users.role, users.is_active, users.last_login_at, users.created_at, users.updated_at 
FROM users 
WHERE users.username = ?
2025-11-16 23:18:20,599 - sqlalchemy.engine.Engine - INFO - [cached since 0.2951s ago] ('admin',)
2025-11-16 23:18:20,601 - sqlalchemy.engine.Engine - INFO - SELECT drivers.id, drivers.user_id, drivers.name, drivers.phone, drivers.id_card, drivers.license_number, drivers.license_type, drivers.main_route, drivers.vehicle_type, drivers.vehicle_length, drivers.price_per_km, drivers.experience_years, drivers.status, drivers.emergency_contact, drivers.emergency_phone, drivers.remark, drivers.created_at, drivers.updated_at 
FROM drivers 
WHERE drivers.id = ?
2025-11-16 23:18:20,601 - sqlalchemy.engine.Engine - INFO - [cached since 0.1934s ago] (4,)
2025-11-16 23:18:20,602 - sqlalchemy.engine.Engine - INFO - ROLLBACK
2025-11-16 23:18:20,604 - sqlalchemy.engine.Engine - INFO - ROLLBACK
2025-11-16 23:18:20,700 - sqlalchemy.engine.Engine - INFO - BEGIN (implicit)
2025-11-16 23:18:20,701 - sqlalchemy.engine.Engine - INFO - SELECT users.id, users.username, users.email, users.password_hash, users.role, users.is_active, users.last_login_at, users.created_at, users.updated_at 
FROM users 
WHERE users.username = ?
2025-11-16 23:18:20,701 - sqlalchemy.engine.Engine - INFO - [cached since 0.397s ago] ('admin',)
2025-11-16 23:18:20,701 - sqlalchemy.engine.Engine - INFO - SELECT drivers.id, drivers.user_id, drivers.name, drivers.phone, drivers.id_card, drivers.license_number, drivers.license_type, drivers.main_route, drivers.vehicle_type, drivers.vehicle_length, drivers.price_per_km, drivers.experience_years, drivers.status, drivers.emergency_contact, drivers.emergency_phone, drivers.remark, drivers.created_at, drivers.updated_at 
FROM drivers 
WHERE drivers.id = ?
2025-11-16 23:18:20,701 - sqlalchemy.engine.Engine - INFO - [cached since 0.2939s ago] (4,)
2025-11-16 23:18:20,702 - sqlalchemy.engine.Engine - INFO - SELECT drivers.id, drivers.user_id, drivers.name, drivers.phone, drivers.id_card, drivers.license_number, drivers.license_type, drivers.main_route, drivers.vehicle_type, drivers.vehicle_length, drivers.price_per_km, drivers.experience_years, drivers.status, drivers.emergency_contact, drivers.emergency_phone, drivers.remark, drivers.created_at, drivers.updated_at 
FROM drivers 
WHERE drivers.id = ?
2025-11-16 23:18:20,702 - sqlalchemy.engine.Engine - INFO - [cached since 0.2943s ago] (4,)
2025-11-16 23:18:20,702 - sqlalchemy.engine.Engine - INFO - ROLLBACK
2025-11-16 23:18:20,744 - sqlalchemy.engine.Engine - INFO - BEGIN (implicit)
2025-11-16 23:18:20,744 - sqlalchemy.engine.Engine - INFO - SELECT users.id, users.username, users.email, users.password_hash, users.role, users.is_active, users.last_login_at, users.created_at, users.updated_at 
FROM users 
WHERE users.username = ?
2025-11-16 23:18:20,744 - sqlalchemy.engine.Engine - INFO - [cached since 0.4403s ago] ('admin',)
2025-11-16 23:18:20,744 - sqlalchemy.engine.Engine - INFO - SELECT drivers.id, drivers.user_id, drivers.name, drivers.phone, drivers.id_card, drivers.license_number, drivers.license_type, drivers.main_route, drivers.vehicle_type, drivers.vehicle_length, drivers.price_per_km, drivers.experience_years, drivers.status, drivers.emergency_contact, drivers.emergency_phone, drivers.remark, drivers.created_at, drivers.updated_at 
FROM drivers 
WHERE drivers.id = ?
2025-11-16 23:18:20,745 - sqlalchemy.engine.Engine - INFO - [cached since 0.3372s ago] (4,)
2025-11-16 23:18:20,745 - sqlalchemy.engine.Engine - INFO - SELECT drivers.id, drivers.user_id, drivers.name, drivers.phone, drivers.id_card, drivers.license_number, drivers.license_type, drivers.main_route, drivers.vehicle_type, drivers.vehicle_length, drivers.price_per_km, drivers.experience_years, drivers.status, drivers.emergency_contact, drivers.emergency_phone, drivers.remark, drivers.created_at, drivers.updated_at 
FROM drivers 
WHERE drivers.id = ?
2025-11-16 23:18:20,745 - sqlalchemy.engine.Engine - INFO - [cached since 0.3376s ago] (4,)
2025-11-16 23:18:20,745 - sqlalchemy.engine.Engine - INFO - ROLLBACK
2025-11-16 23:18:21,133 - sqlalchemy.engine.Engine - INFO - BEGIN (implicit)
2025-11-16 23:18:21,133 - sqlalchemy.engine.Engine - INFO - SELECT users.id, users.username, users.email, users.password_hash, users.role, users.is_active, users.last_login_at, users.created_at, users.updated_at 
FROM users 
WHERE users.username = ?
2025-11-16 23:18:21,133 - sqlalchemy.engine.Engine - INFO - [cached since 0.8295s ago] ('admin',)
2025-11-16 23:18:21,134 - sqlalchemy.engine.Engine - INFO - SELECT drivers.id, drivers.user_id, drivers.name, drivers.phone, drivers.id_card, drivers.license_number, drivers.license_type, drivers.main_route, drivers.vehicle_type, drivers.vehicle_length, drivers.price_per_km, drivers.experience_years, drivers.status, drivers.emergency_contact, drivers.emergency_phone, drivers.remark, drivers.created_at, drivers.updated_at 
FROM drivers 
WHERE drivers.id = ?
2025-11-16 23:18:21,134 - sqlalchemy.engine.Engine - INFO - [cached since 0.7263s ago] (4,)
2025-11-16 23:18:21,134 - sqlalchemy.engine.Engine - INFO - SELECT drivers.id, drivers.user_id, drivers.name, drivers.phone, drivers.id_card, drivers.license_number, drivers.license_type, drivers.main_route, drivers.vehicle_type, drivers.vehicle_length, drivers.price_per_km, drivers.experience_years, drivers.status, drivers.emergency_contact, drivers.emergency_phone, drivers.remark, drivers.created_at, drivers.updated_at 
FROM drivers 
WHERE drivers.id = ?
2025-11-16 23:18:21,134 - sqlalchemy.engine.Engine - INFO - [cached since 0.7268s ago] (4,)
2025-11-16 23:18:21,134 - sqlalchemy.engine.Engine - INFO - ROLLBACK
2025-11-16 23:19:08,283 - sqlalchemy.engine.Engine - INFO - BEGIN (implicit)
2025-11-16 23:19:08,284 - sqlalchemy.engine.Engine - INFO - SELECT users.id, users.username, users.email, users.password_hash, users.role, users.is_active, users.last_login_at, users.created_at, users.updated_at 
FROM users 
WHERE users.username = ?
2025-11-16 23:19:08,284 - sqlalchemy.engine.Engine - INFO - [cached since 47.98s ago] ('admin',)
2025-11-16 23:19:08,284 - sqlalchemy.engine.Engine - INFO - BEGIN (implicit)
2025-11-16 23:19:08,284 - sqlalchemy.engine.Engine - INFO - SELECT users.id, users.username, users.email, users.password_hash, users.role, users.is_active, users.last_login_at, users.created_at, users.updated_at 
FROM users 
WHERE users.username = ?
2025-11-16 23:19:08,284 - sqlalchemy.engine.Engine - INFO - [cached since 47.98s ago] ('admin',)
2025-11-16 23:19:08,285 - sqlalchemy.engine.Engine - INFO - ROLLBACK
2025-11-16 23:19:08,286 - sqlalchemy.engine.Engine - INFO - SELECT drivers.id, drivers.user_id, drivers.name, drivers.phone, drivers.id_card, drivers.license_number, drivers.license_type, drivers.main_route, drivers.vehicle_type, drivers.vehicle_length, drivers.price_per_km, drivers.experience_years, drivers.status, drivers.emergency_contact, drivers.emergency_phone, drivers.remark, drivers.created_at, drivers.updated_at 
FROM drivers 
WHERE drivers.id = ?
2025-11-16 23:19:08,286 - sqlalchemy.engine.Engine - INFO - [cached since 47.88s ago] (4,)
2025-11-16 23:19:08,287 - sqlalchemy.engine.Engine - INFO - ROLLBACK
2025-11-16 23:19:08,295 - sqlalchemy.engine.Engine - INFO - BEGIN (implicit)
2025-11-16 23:19:08,295 - sqlalchemy.engine.Engine - INFO - SELECT users.id, users.username, users.email, users.password_hash, users.role, users.is_active, users.last_login_at, users.created_at, users.updated_at 
FROM users 
WHERE users.username = ?
2025-11-16 23:19:08,295 - sqlalchemy.engine.Engine - INFO - [cached since 47.99s ago] ('admin',)
2025-11-16 23:19:08,295 - sqlalchemy.engine.Engine - INFO - BEGIN (implicit)
2025-11-16 23:19:08,295 - sqlalchemy.engine.Engine - INFO - SELECT users.id, users.username, users.email, users.password_hash, users.role, users.is_active, users.last_login_at, users.created_at, users.updated_at 
FROM users 
WHERE users.username = ?
2025-11-16 23:19:08,295 - sqlalchemy.engine.Engine - INFO - [cached since 47.99s ago] ('admin',)
2025-11-16 23:19:08,296 - sqlalchemy.engine.Engine - INFO - ROLLBACK
2025-11-16 23:19:08,297 - sqlalchemy.engine.Engine - INFO - SELECT drivers.id, drivers.user_id, drivers.name, drivers.phone, drivers.id_card, drivers.license_number, drivers.license_type, drivers.main_route, drivers.vehicle_type, drivers.vehicle_length, drivers.price_per_km, drivers.experience_years, drivers.status, drivers.emergency_contact, drivers.emergency_phone, drivers.remark, drivers.created_at, drivers.updated_at 
FROM drivers 
WHERE drivers.id = ?
2025-11-16 23:19:08,297 - sqlalchemy.engine.Engine - INFO - [cached since 47.89s ago] (4,)
2025-11-16 23:19:08,298 - sqlalchemy.engine.Engine - INFO - ROLLBACK
2025-11-16 23:19:08,303 - sqlalchemy.engine.Engine - INFO - BEGIN (implicit)
2025-11-16 23:19:08,303 - sqlalchemy.engine.Engine - INFO - SELECT users.id, users.username, users.email, users.password_hash, users.role, users.is_active, users.last_login_at, users.created_at, users.updated_at 
FROM users 
WHERE users.username = ?
2025-11-16 23:19:08,303 - sqlalchemy.engine.Engine - INFO - [cached since 48s ago] ('admin',)
2025-11-16 23:19:08,303 - sqlalchemy.engine.Engine - INFO - SELECT drivers.id, drivers.user_id, drivers.name, drivers.phone, drivers.id_card, drivers.license_number, drivers.license_type, drivers.main_route, drivers.vehicle_type, drivers.vehicle_length, drivers.price_per_km, drivers.experience_years, drivers.status, drivers.emergency_contact, drivers.emergency_phone, drivers.remark, drivers.created_at, drivers.updated_at 
FROM drivers 
WHERE drivers.id = ?
2025-11-16 23:19:08,303 - sqlalchemy.engine.Engine - INFO - [cached since 47.9s ago] (4,)
2025-11-16 23:19:08,304 - sqlalchemy.engine.Engine - INFO - SELECT drivers.id, drivers.user_id, drivers.name, drivers.phone, drivers.id_card, drivers.license_number, drivers.license_type, drivers.main_route, drivers.vehicle_type, drivers.vehicle_length, drivers.price_per_km, drivers.experience_years, drivers.status, drivers.emergency_contact, drivers.emergency_phone, drivers.remark, drivers.created_at, drivers.updated_at 
FROM drivers 
WHERE drivers.id = ?
2025-11-16 23:19:08,304 - sqlalchemy.engine.Engine - INFO - [cached since 47.9s ago] (4,)
2025-11-16 23:19:08,304 - sqlalchemy.engine.Engine - INFO - ROLLBACK
2025-11-16 23:19:08,316 - sqlalchemy.engine.Engine - INFO - BEGIN (implicit)
2025-11-16 23:19:08,316 - sqlalchemy.engine.Engine - INFO - SELECT users.id, users.username, users.email, users.password_hash, users.role, users.is_active, users.last_login_at, users.created_at, users.updated_at 
FROM users 
WHERE users.username = ?
2025-11-16 23:19:08,316 - sqlalchemy.engine.Engine - INFO - [cached since 48.01s ago] ('admin',)
2025-11-16 23:19:08,317 - sqlalchemy.engine.Engine - INFO - SELECT drivers.id, drivers.user_id, drivers.name, drivers.phone, drivers.id_card, drivers.license_number, drivers.license_type, drivers.main_route, drivers.vehicle_type, drivers.vehicle_length, drivers.price_per_km, drivers.experience_years, drivers.status, drivers.emergency_contact, drivers.emergency_phone, drivers.remark, drivers.created_at, drivers.updated_at 
FROM drivers 
WHERE drivers.id = ?
2025-11-16 23:19:08,317 - sqlalchemy.engine.Engine - INFO - [cached since 47.91s ago] (4,)
2025-11-16 23:19:08,318 - sqlalchemy.engine.Engine - INFO - SELECT drivers.id, drivers.user_id, drivers.name, drivers.phone, drivers.id_card, drivers.license_number, drivers.license_type, drivers.main_route, drivers.vehicle_type, drivers.vehicle_length, drivers.price_per_km, drivers.experience_years, drivers.status, drivers.emergency_contact, drivers.emergency_phone, drivers.remark, drivers.created_at, drivers.updated_at 
FROM drivers 
WHERE drivers.id = ?
2025-11-16 23:19:08,318 - sqlalchemy.engine.Engine - INFO - [cached since 47.91s ago] (4,)
2025-11-16 23:19:08,319 - sqlalchemy.engine.Engine - INFO - ROLLBACK
2025-11-16 23:19:09,126 - sqlalchemy.engine.Engine - INFO - BEGIN (implicit)
2025-11-16 23:19:09,126 - sqlalchemy.engine.Engine - INFO - SELECT users.id, users.username, users.email, users.password_hash, users.role, users.is_active, users.last_login_at, users.created_at, users.updated_at 
FROM users 
WHERE users.username = ?
2025-11-16 23:19:09,126 - sqlalchemy.engine.Engine - INFO - [cached since 48.82s ago] ('admin',)
2025-11-16 23:19:09,127 - sqlalchemy.engine.Engine - INFO - SELECT drivers.id, drivers.user_id, drivers.name, drivers.phone, drivers.id_card, drivers.license_number, drivers.license_type, drivers.main_route, drivers.vehicle_type, drivers.vehicle_length, drivers.price_per_km, drivers.experience_years, drivers.status, drivers.emergency_contact, drivers.emergency_phone, drivers.remark, drivers.created_at, drivers.updated_at 
FROM drivers 
WHERE drivers.id = ?
2025-11-16 23:19:09,127 - sqlalchemy.engine.Engine - INFO - [cached since 48.72s ago] (4,)
2025-11-16 23:19:09,128 - sqlalchemy.engine.Engine - INFO - SELECT drivers.id, drivers.user_id, drivers.name, drivers.phone, drivers.id_card, drivers.license_number, drivers.license_type, drivers.main_route, drivers.vehicle_type, drivers.vehicle_length, drivers.price_per_km, drivers.experience_years, drivers.status, drivers.emergency_contact, drivers.emergency_phone, drivers.remark, drivers.created_at, drivers.updated_at 
FROM drivers 
WHERE drivers.id = ?
2025-11-16 23:19:09,128 - sqlalchemy.engine.Engine - INFO - [cached since 48.72s ago] (4,)
2025-11-16 23:19:09,129 - sqlalchemy.engine.Engine - INFO - ROLLBACK
2025-11-16 23:19:09,129 - sqlalchemy.engine.Engine - INFO - BEGIN (implicit)
2025-11-16 23:19:09,129 - sqlalchemy.engine.Engine - INFO - SELECT users.id, users.username, users.email, users.password_hash, users.role, users.is_active, users.last_login_at, users.created_at, users.updated_at 
FROM users 
WHERE users.username = ?
2025-11-16 23:19:09,129 - sqlalchemy.engine.Engine - INFO - [cached since 48.82s ago] ('admin',)
2025-11-16 23:19:09,132 - sqlalchemy.engine.Engine - INFO - SELECT drivers.id, drivers.user_id, drivers.name, drivers.phone, drivers.id_card, drivers.license_number, drivers.license_type, drivers.main_route, drivers.vehicle_type, drivers.vehicle_length, drivers.price_per_km, drivers.experience_years, drivers.status, drivers.emergency_contact, drivers.emergency_phone, drivers.remark, drivers.created_at, drivers.updated_at 
FROM drivers 
WHERE drivers.id = ?
2025-11-16 23:19:09,132 - sqlalchemy.engine.Engine - INFO - [cached since 48.72s ago] (4,)
2025-11-16 23:19:09,133 - sqlalchemy.engine.Engine - INFO - SELECT drivers.id, drivers.user_id, drivers.name, drivers.phone, drivers.id_card, drivers.license_number, drivers.license_type, drivers.main_route, drivers.vehicle_type, drivers.vehicle_length, drivers.price_per_km, drivers.experience_years, drivers.status, drivers.emergency_contact, drivers.emergency_phone, drivers.remark, drivers.created_at, drivers.updated_at 
FROM drivers 
WHERE drivers.id = ?
2025-11-16 23:19:09,133 - sqlalchemy.engine.Engine - INFO - [cached since 48.73s ago] (4,)
2025-11-16 23:19:09,133 - sqlalchemy.engine.Engine - INFO - ROLLBACK
2025-11-16 23:27:25,156 - sqlalchemy.engine.Engine - INFO - BEGIN (implicit)
2025-11-16 23:27:25,161 - sqlalchemy.engine.Engine - INFO - SELECT users.id, users.username, users.email, users.password_hash, users.role, users.is_active, users.last_login_at, users.created_at, users.updated_at 
FROM users 
WHERE users.username = ?
2025-11-16 23:27:25,161 - sqlalchemy.engine.Engine - INFO - [cached since 544.8s ago] ('admin',)
2025-11-16 23:27:25,163 - sqlalchemy.engine.Engine - INFO - ROLLBACK
2025-11-16 23:27:25,235 - sqlalchemy.engine.Engine - INFO - BEGIN (implicit)
2025-11-16 23:27:25,235 - sqlalchemy.engine.Engine - INFO - SELECT users.id, users.username, users.email, users.password_hash, users.role, users.is_active, users.last_login_at, users.created_at, users.updated_at 
FROM users 
WHERE users.username = ?
2025-11-16 23:27:25,235 - sqlalchemy.engine.Engine - INFO - [cached since 544.8s ago] ('admin',)
2025-11-16 23:27:25,235 - sqlalchemy.engine.Engine - INFO - BEGIN (implicit)
2025-11-16 23:27:25,236 - sqlalchemy.engine.Engine - INFO - SELECT users.id, users.username, users.email, users.password_hash, users.role, users.is_active, users.last_login_at, users.created_at, users.updated_at 
FROM users 
WHERE users.username = ?
2025-11-16 23:27:25,236 - sqlalchemy.engine.Engine - INFO - [cached since 544.8s ago] ('admin',)
2025-11-16 23:27:25,237 - sqlalchemy.engine.Engine - INFO - ROLLBACK
2025-11-16 23:27:25,237 - sqlalchemy.engine.Engine - INFO - SELECT drivers.id, drivers.user_id, drivers.name, drivers.phone, drivers.id_card, drivers.license_number, drivers.license_type, drivers.main_route, drivers.vehicle_type, drivers.vehicle_length, drivers.price_per_km, drivers.experience_years, drivers.status, drivers.emergency_contact, drivers.emergency_phone, drivers.remark, drivers.created_at, drivers.updated_at 
FROM drivers 
WHERE drivers.id = ?
2025-11-16 23:27:25,237 - sqlalchemy.engine.Engine - INFO - [cached since 544.7s ago] (4,)
2025-11-16 23:27:25,238 - sqlalchemy.engine.Engine - INFO - ROLLBACK
2025-11-16 23:27:25,253 - sqlalchemy.engine.Engine - INFO - BEGIN (implicit)
2025-11-16 23:27:25,253 - sqlalchemy.engine.Engine - INFO - SELECT users.id, users.username, users.email, users.password_hash, users.role, users.is_active, users.last_login_at, users.created_at, users.updated_at 
FROM users 
WHERE users.username = ?
2025-11-16 23:27:25,253 - sqlalchemy.engine.Engine - INFO - [cached since 544.9s ago] ('admin',)
2025-11-16 23:27:25,253 - sqlalchemy.engine.Engine - INFO - SELECT drivers.id, drivers.user_id, drivers.name, drivers.phone, drivers.id_card, drivers.license_number, drivers.license_type, drivers.main_route, drivers.vehicle_type, drivers.vehicle_length, drivers.price_per_km, drivers.experience_years, drivers.status, drivers.emergency_contact, drivers.emergency_phone, drivers.remark, drivers.created_at, drivers.updated_at 
FROM drivers 
WHERE drivers.id = ?
2025-11-16 23:27:25,254 - sqlalchemy.engine.Engine - INFO - [cached since 544.8s ago] (4,)
2025-11-16 23:27:25,254 - sqlalchemy.engine.Engine - INFO - SELECT drivers.id, drivers.user_id, drivers.name, drivers.phone, drivers.id_card, drivers.license_number, drivers.license_type, drivers.main_route, drivers.vehicle_type, drivers.vehicle_length, drivers.price_per_km, drivers.experience_years, drivers.status, drivers.emergency_contact, drivers.emergency_phone, drivers.remark, drivers.created_at, drivers.updated_at 
FROM drivers 
WHERE drivers.id = ?
2025-11-16 23:27:25,255 - sqlalchemy.engine.Engine - INFO - [cached since 544.8s ago] (4,)
2025-11-16 23:27:25,255 - sqlalchemy.engine.Engine - INFO - ROLLBACK
2025-11-16 23:27:25,562 - sqlalchemy.engine.Engine - INFO - BEGIN (implicit)
2025-11-16 23:27:25,562 - sqlalchemy.engine.Engine - INFO - SELECT users.id, users.username, users.email, users.password_hash, users.role, users.is_active, users.last_login_at, users.created_at, users.updated_at 
FROM users 
WHERE users.username = ?
2025-11-16 23:27:25,562 - sqlalchemy.engine.Engine - INFO - [cached since 545.2s ago] ('admin',)
2025-11-16 23:27:25,563 - sqlalchemy.engine.Engine - INFO - SELECT drivers.id, drivers.user_id, drivers.name, drivers.phone, drivers.id_card, drivers.license_number, drivers.license_type, drivers.main_route, drivers.vehicle_type, drivers.vehicle_length, drivers.price_per_km, drivers.experience_years, drivers.status, drivers.emergency_contact, drivers.emergency_phone, drivers.remark, drivers.created_at, drivers.updated_at 
FROM drivers 
WHERE drivers.id = ?
2025-11-16 23:27:25,563 - sqlalchemy.engine.Engine - INFO - [cached since 545.1s ago] (4,)
2025-11-16 23:27:25,564 - sqlalchemy.engine.Engine - INFO - SELECT drivers.id, drivers.user_id, drivers.name, drivers.phone, drivers.id_card, drivers.license_number, drivers.license_type, drivers.main_route, drivers.vehicle_type, drivers.vehicle_length, drivers.price_per_km, drivers.experience_years, drivers.status, drivers.emergency_contact, drivers.emergency_phone, drivers.remark, drivers.created_at, drivers.updated_at 
FROM drivers 
WHERE drivers.id = ?
2025-11-16 23:27:25,564 - sqlalchemy.engine.Engine - INFO - [cached since 545.1s ago] (4,)
2025-11-16 23:27:25,565 - sqlalchemy.engine.Engine - INFO - ROLLBACK
2025-11-16 23:27:27,120 - sqlalchemy.engine.Engine - INFO - BEGIN (implicit)
2025-11-16 23:27:27,120 - sqlalchemy.engine.Engine - INFO - SELECT users.id, users.username, users.email, users.password_hash, users.role, users.is_active, users.last_login_at, users.created_at, users.updated_at 
FROM users 
WHERE users.username = ?
2025-11-16 23:27:27,120 - sqlalchemy.engine.Engine - INFO - [cached since 546.7s ago] ('admin',)
2025-11-16 23:27:27,121 - sqlalchemy.engine.Engine - INFO - SELECT count(drivers.id) AS count_1 
FROM drivers
2025-11-16 23:27:27,121 - sqlalchemy.engine.Engine - INFO - [generated in 0.00007s] ()
2025-11-16 23:27:27,122 - sqlalchemy.engine.Engine - INFO - SELECT count(drivers.id) AS count_1 
FROM drivers 
WHERE drivers.status = ?
2025-11-16 23:27:27,122 - sqlalchemy.engine.Engine - INFO - [generated in 0.00006s] ('active',)
2025-11-16 23:27:27,124 - sqlalchemy.engine.Engine - INFO - SELECT count(drivers.id) AS count_1 
FROM drivers 
WHERE drivers.created_at >= ?
2025-11-16 23:27:27,124 - sqlalchemy.engine.Engine - INFO - [generated in 0.00005s] ('2025-11-01 00:00:00.000000',)
2025-11-16 23:27:27,125 - sqlalchemy.engine.Engine - INFO - SELECT drivers.main_route, count(drivers.id) AS count 
FROM drivers GROUP BY drivers.main_route ORDER BY count(drivers.id) DESC
 LIMIT ? OFFSET ?
2025-11-16 23:27:27,125 - sqlalchemy.engine.Engine - INFO - [generated in 0.00005s] (10, 0)
2025-11-16 23:27:27,127 - sqlalchemy.engine.Engine - INFO - SELECT drivers.user_id, users.username, count(drivers.id) AS count 
FROM drivers JOIN users ON drivers.user_id = users.id GROUP BY drivers.user_id, users.username ORDER BY count(drivers.id) DESC
 LIMIT ? OFFSET ?
2025-11-16 23:27:27,127 - sqlalchemy.engine.Engine - INFO - [generated in 0.00016s] (10, 0)
2025-11-16 23:27:27,128 - sqlalchemy.engine.Engine - INFO - ROLLBACK
2025-11-16 23:27:28,628 - sqlalchemy.engine.Engine - INFO - BEGIN (implicit)
2025-11-16 23:27:28,629 - sqlalchemy.engine.Engine - INFO - SELECT users.id, users.username, users.email, users.password_hash, users.role, users.is_active, users.last_login_at, users.created_at, users.updated_at 
FROM users 
WHERE users.username = ?
2025-11-16 23:27:28,629 - sqlalchemy.engine.Engine - INFO - [cached since 548.2s ago] ('admin',)
2025-11-16 23:27:28,629 - sqlalchemy.engine.Engine - INFO - ROLLBACK
2025-11-16 23:27:28,937 - sqlalchemy.engine.Engine - INFO - BEGIN (implicit)
2025-11-16 23:27:28,937 - sqlalchemy.engine.Engine - INFO - SELECT users.id, users.username, users.email, users.password_hash, users.role, users.is_active, users.last_login_at, users.created_at, users.updated_at 
FROM users 
WHERE users.username = ?
2025-11-16 23:27:28,937 - sqlalchemy.engine.Engine - INFO - [cached since 548.6s ago] ('admin',)
2025-11-16 23:27:28,938 - sqlalchemy.engine.Engine - INFO - ROLLBACK
2025-11-16 23:27:29,264 - sqlalchemy.engine.Engine - INFO - BEGIN (implicit)
2025-11-16 23:27:29,264 - sqlalchemy.engine.Engine - INFO - SELECT users.id, users.username, users.email, users.password_hash, users.role, users.is_active, users.last_login_at, users.created_at, users.updated_at 
FROM users 
WHERE users.username = ?
2025-11-16 23:27:29,264 - sqlalchemy.engine.Engine - INFO - [cached since 548.9s ago] ('admin',)
2025-11-16 23:27:29,265 - sqlalchemy.engine.Engine - INFO - SELECT count(drivers.id) AS count_1 
FROM drivers
2025-11-16 23:27:29,265 - sqlalchemy.engine.Engine - INFO - [cached since 2.144s ago] ()
2025-11-16 23:27:29,265 - sqlalchemy.engine.Engine - INFO - SELECT count(drivers.id) AS count_1 
FROM drivers 
WHERE drivers.status = ?
2025-11-16 23:27:29,265 - sqlalchemy.engine.Engine - INFO - [cached since 2.143s ago] ('active',)
2025-11-16 23:27:29,266 - sqlalchemy.engine.Engine - INFO - SELECT count(drivers.id) AS count_1 
FROM drivers 
WHERE drivers.created_at >= ?
2025-11-16 23:27:29,266 - sqlalchemy.engine.Engine - INFO - [cached since 2.142s ago] ('2025-11-01 00:00:00.000000',)
2025-11-16 23:27:29,266 - sqlalchemy.engine.Engine - INFO - SELECT drivers.main_route, count(drivers.id) AS count 
FROM drivers GROUP BY drivers.main_route ORDER BY count(drivers.id) DESC
 LIMIT ? OFFSET ?
2025-11-16 23:27:29,266 - sqlalchemy.engine.Engine - INFO - [cached since 2.142s ago] (10, 0)
2025-11-16 23:27:29,267 - sqlalchemy.engine.Engine - INFO - SELECT drivers.user_id, users.username, count(drivers.id) AS count 
FROM drivers JOIN users ON drivers.user_id = users.id GROUP BY drivers.user_id, users.username ORDER BY count(drivers.id) DESC
 LIMIT ? OFFSET ?
2025-11-16 23:27:29,267 - sqlalchemy.engine.Engine - INFO - [cached since 2.14s ago] (10, 0)
2025-11-16 23:27:29,267 - sqlalchemy.engine.Engine - INFO - ROLLBACK
2025-11-16 23:27:31,007 - sqlalchemy.engine.Engine - INFO - BEGIN (implicit)
2025-11-16 23:27:31,007 - sqlalchemy.engine.Engine - INFO - SELECT users.id, users.username, users.email, users.password_hash, users.role, users.is_active, users.last_login_at, users.created_at, users.updated_at 
FROM users 
WHERE users.username = ?
2025-11-16 23:27:31,007 - sqlalchemy.engine.Engine - INFO - [cached since 550.6s ago] ('admin',)
2025-11-16 23:27:31,008 - sqlalchemy.engine.Engine - INFO - ROLLBACK
2025-11-16 23:27:31,313 - sqlalchemy.engine.Engine - INFO - BEGIN (implicit)
2025-11-16 23:27:31,313 - sqlalchemy.engine.Engine - INFO - SELECT users.id, users.username, users.email, users.password_hash, users.role, users.is_active, users.last_login_at, users.created_at, users.updated_at 
FROM users 
WHERE users.username = ?
2025-11-16 23:27:31,313 - sqlalchemy.engine.Engine - INFO - [cached since 550.9s ago] ('admin',)
2025-11-16 23:27:31,313 - sqlalchemy.engine.Engine - INFO - ROLLBACK
2025-11-16 23:27:42,209 - sqlalchemy.engine.Engine - INFO - BEGIN (implicit)
2025-11-16 23:27:42,209 - sqlalchemy.engine.Engine - INFO - SELECT users.id, users.username, users.email, users.password_hash, users.role, users.is_active, users.last_login_at, users.created_at, users.updated_at 
FROM users 
WHERE users.username = ?
2025-11-16 23:27:42,209 - sqlalchemy.engine.Engine - INFO - [cached since 561.8s ago] ('admin',)
2025-11-16 23:27:42,210 - sqlalchemy.engine.Engine - INFO - SELECT users.id, users.username, users.email, users.password_hash, users.role, users.is_active, users.last_login_at, users.created_at, users.updated_at 
FROM users 
WHERE users.username = ?
2025-11-16 23:27:42,210 - sqlalchemy.engine.Engine - INFO - [cached since 561.8s ago] ('111',)
2025-11-16 23:27:42,210 - sqlalchemy.engine.Engine - INFO - ROLLBACK
2025-11-16 23:27:42,989 - sqlalchemy.engine.Engine - INFO - BEGIN (implicit)
2025-11-16 23:27:42,989 - sqlalchemy.engine.Engine - INFO - SELECT users.id, users.username, users.email, users.password_hash, users.role, users.is_active, users.last_login_at, users.created_at, users.updated_at 
FROM users 
WHERE users.username = ?
2025-11-16 23:27:42,989 - sqlalchemy.engine.Engine - INFO - [cached since 562.6s ago] ('admin',)
2025-11-16 23:27:42,989 - sqlalchemy.engine.Engine - INFO - SELECT users.id, users.username, users.email, users.password_hash, users.role, users.is_active, users.last_login_at, users.created_at, users.updated_at 
FROM users 
WHERE users.username = ?
2025-11-16 23:27:42,990 - sqlalchemy.engine.Engine - INFO - [cached since 562.6s ago] ('111',)
2025-11-16 23:27:42,990 - sqlalchemy.engine.Engine - INFO - ROLLBACK
2025-11-16 23:27:44,382 - sqlalchemy.engine.Engine - INFO - BEGIN (implicit)
2025-11-16 23:27:44,382 - sqlalchemy.engine.Engine - INFO - SELECT users.id, users.username, users.email, users.password_hash, users.role, users.is_active, users.last_login_at, users.created_at, users.updated_at 
FROM users 
WHERE users.username = ?
2025-11-16 23:27:44,383 - sqlalchemy.engine.Engine - INFO - [cached since 564s ago] ('admin',)
2025-11-16 23:27:44,383 - sqlalchemy.engine.Engine - INFO - SELECT users.id, users.username, users.email, users.password_hash, users.role, users.is_active, users.last_login_at, users.created_at, users.updated_at 
FROM users 
WHERE users.username = ?
2025-11-16 23:27:44,383 - sqlalchemy.engine.Engine - INFO - [cached since 564s ago] ('1111',)
2025-11-16 23:27:44,563 - sqlalchemy.engine.Engine - INFO - INSERT INTO users (username, email, password_hash, role, is_active, last_login_at, created_at, updated_at) VALUES (?, ?, ?, ?, ?, ?, CURRENT_TIMESTAMP, CURRENT_TIMESTAMP) RETURNING id, created_at, updated_at
2025-11-16 23:27:44,564 - sqlalchemy.engine.Engine - INFO - [generated in 0.00015s] ('1111', None, '$2b$12$Svthf.k5kaRakBmeKkuLoO2ILEtrn8ehqqgbTLrB4DK9/0YEROVHO', 'employee', 1, None)
2025-11-16 23:27:44,564 - sqlalchemy.engine.Engine - INFO - COMMIT
2025-11-16 23:27:44,566 - sqlalchemy.engine.Engine - INFO - BEGIN (implicit)
2025-11-16 23:27:44,567 - sqlalchemy.engine.Engine - INFO - SELECT users.id, users.username, users.email, users.password_hash, users.role, users.is_active, users.last_login_at, users.created_at, users.updated_at 
FROM users 
WHERE users.id = ?
2025-11-16 23:27:44,567 - sqlalchemy.engine.Engine - INFO - [generated in 0.00008s] (4,)
2025-11-16 23:27:44,568 - sqlalchemy.engine.Engine - INFO - ROLLBACK
2025-11-16 23:27:44,695 - sqlalchemy.engine.Engine - INFO - BEGIN (implicit)
2025-11-16 23:27:44,695 - sqlalchemy.engine.Engine - INFO - SELECT users.id, users.username, users.email, users.password_hash, users.role, users.is_active, users.last_login_at, users.created_at, users.updated_at 
FROM users 
WHERE users.username = ?
2025-11-16 23:27:44,695 - sqlalchemy.engine.Engine - INFO - [cached since 564.3s ago] ('admin',)
2025-11-16 23:27:44,696 - sqlalchemy.engine.Engine - INFO - ROLLBACK
2025-11-16 23:27:44,747 - sqlalchemy.engine.Engine - INFO - BEGIN (implicit)
2025-11-16 23:27:44,747 - sqlalchemy.engine.Engine - INFO - SELECT users.id, users.username, users.email, users.password_hash, users.role, users.is_active, users.last_login_at, users.created_at, users.updated_at 
FROM users 
WHERE users.username = ?
2025-11-16 23:27:44,747 - sqlalchemy.engine.Engine - INFO - [cached since 564.4s ago] ('admin',)
2025-11-16 23:27:44,748 - sqlalchemy.engine.Engine - INFO - ROLLBACK
2025-11-16 23:27:44,752 - sqlalchemy.engine.Engine - INFO - BEGIN (implicit)
2025-11-16 23:27:44,752 - sqlalchemy.engine.Engine - INFO - SELECT users.id, users.username, users.email, users.password_hash, users.role, users.is_active, users.last_login_at, users.created_at, users.updated_at 
FROM users 
WHERE users.username = ?
2025-11-16 23:27:44,753 - sqlalchemy.engine.Engine - INFO - [cached since 564.4s ago] ('admin',)
2025-11-16 23:27:44,753 - sqlalchemy.engine.Engine - INFO - ROLLBACK
2025-11-16 23:27:45,059 - sqlalchemy.engine.Engine - INFO - BEGIN (implicit)
2025-11-16 23:27:45,060 - sqlalchemy.engine.Engine - INFO - SELECT users.id, users.username, users.email, users.password_hash, users.role, users.is_active, users.last_login_at, users.created_at, users.updated_at 
FROM users 
WHERE users.username = ?
2025-11-16 23:27:45,060 - sqlalchemy.engine.Engine - INFO - [cached since 564.7s ago] ('admin',)
2025-11-16 23:27:45,060 - sqlalchemy.engine.Engine - INFO - ROLLBACK
2025-11-16 23:27:47,193 - sqlalchemy.engine.Engine - INFO - BEGIN (implicit)
2025-11-16 23:27:47,194 - sqlalchemy.engine.Engine - INFO - SELECT users.id, users.username, users.email, users.password_hash, users.role, users.is_active, users.last_login_at, users.created_at, users.updated_at 
FROM users 
WHERE users.username = ?
2025-11-16 23:27:47,194 - sqlalchemy.engine.Engine - INFO - [cached since 566.8s ago] ('admin',)
2025-11-16 23:27:47,195 - sqlalchemy.engine.Engine - INFO - ROLLBACK
2025-11-16 23:27:47,240 - sqlalchemy.engine.Engine - INFO - BEGIN (implicit)
2025-11-16 23:27:47,240 - sqlalchemy.engine.Engine - INFO - SELECT users.id, users.username, users.email, users.password_hash, users.role, users.is_active, users.last_login_at, users.created_at, users.updated_at 
FROM users 
WHERE users.username = ?
2025-11-16 23:27:47,240 - sqlalchemy.engine.Engine - INFO - [cached since 566.9s ago] ('admin',)
2025-11-16 23:27:47,243 - sqlalchemy.engine.Engine - INFO - ROLLBACK
2025-11-16 23:27:47,243 - sqlalchemy.engine.Engine - INFO - BEGIN (implicit)
2025-11-16 23:27:47,243 - sqlalchemy.engine.Engine - INFO - SELECT users.id, users.username, users.email, users.password_hash, users.role, users.is_active, users.last_login_at, users.created_at, users.updated_at 
FROM users 
WHERE users.username = ?
2025-11-16 23:27:47,243 - sqlalchemy.engine.Engine - INFO - [cached since 566.9s ago] ('admin',)
2025-11-16 23:27:47,244 - sqlalchemy.engine.Engine - INFO - ROLLBACK
2025-11-16 23:27:47,549 - sqlalchemy.engine.Engine - INFO - BEGIN (implicit)
2025-11-16 23:27:47,549 - sqlalchemy.engine.Engine - INFO - SELECT users.id, users.username, users.email, users.password_hash, users.role, users.is_active, users.last_login_at, users.created_at, users.updated_at 
FROM users 
WHERE users.username = ?
2025-11-16 23:27:47,549 - sqlalchemy.engine.Engine - INFO - [cached since 567.2s ago] ('admin',)
2025-11-16 23:27:47,550 - sqlalchemy.engine.Engine - INFO - ROLLBACK
2025-11-16 23:27:47,675 - sqlalchemy.engine.Engine - INFO - BEGIN (implicit)
2025-11-16 23:27:47,675 - sqlalchemy.engine.Engine - INFO - SELECT users.id, users.username, users.email, users.password_hash, users.role, users.is_active, users.last_login_at, users.created_at, users.updated_at 
FROM users 
WHERE users.username = ?
2025-11-16 23:27:47,675 - sqlalchemy.engine.Engine - INFO - [cached since 567.3s ago] ('admin',)
2025-11-16 23:27:47,676 - sqlalchemy.engine.Engine - INFO - ROLLBACK
2025-11-16 23:27:47,724 - sqlalchemy.engine.Engine - INFO - BEGIN (implicit)
2025-11-16 23:27:47,724 - sqlalchemy.engine.Engine - INFO - SELECT users.id, users.username, users.email, users.password_hash, users.role, users.is_active, users.last_login_at, users.created_at, users.updated_at 
FROM users 
WHERE users.username = ?
2025-11-16 23:27:47,724 - sqlalchemy.engine.Engine - INFO - [cached since 567.3s ago] ('admin',)
2025-11-16 23:27:47,726 - sqlalchemy.engine.Engine - INFO - ROLLBACK
2025-11-16 23:27:47,726 - sqlalchemy.engine.Engine - INFO - BEGIN (implicit)
2025-11-16 23:27:47,726 - sqlalchemy.engine.Engine - INFO - SELECT users.id, users.username, users.email, users.password_hash, users.role, users.is_active, users.last_login_at, users.created_at, users.updated_at 
FROM users 
WHERE users.username = ?
2025-11-16 23:27:47,726 - sqlalchemy.engine.Engine - INFO - [cached since 567.3s ago] ('admin',)
2025-11-16 23:27:47,727 - sqlalchemy.engine.Engine - INFO - ROLLBACK
2025-11-16 23:27:48,142 - sqlalchemy.engine.Engine - INFO - BEGIN (implicit)
2025-11-16 23:27:48,143 - sqlalchemy.engine.Engine - INFO - SELECT users.id, users.username, users.email, users.password_hash, users.role, users.is_active, users.last_login_at, users.created_at, users.updated_at 
FROM users 
WHERE users.username = ?
2025-11-16 23:27:48,143 - sqlalchemy.engine.Engine - INFO - [cached since 567.8s ago] ('admin',)
2025-11-16 23:27:48,145 - sqlalchemy.engine.Engine - INFO - ROLLBACK
2025-11-16 23:27:48,187 - sqlalchemy.engine.Engine - INFO - BEGIN (implicit)
2025-11-16 23:27:48,187 - sqlalchemy.engine.Engine - INFO - SELECT users.id, users.username, users.email, users.password_hash, users.role, users.is_active, users.last_login_at, users.created_at, users.updated_at 
FROM users 
WHERE users.username = ?
2025-11-16 23:27:48,187 - sqlalchemy.engine.Engine - INFO - [cached since 567.8s ago] ('admin',)
2025-11-16 23:27:48,188 - sqlalchemy.engine.Engine - INFO - ROLLBACK
2025-11-16 23:27:48,189 - sqlalchemy.engine.Engine - INFO - BEGIN (implicit)
2025-11-16 23:27:48,189 - sqlalchemy.engine.Engine - INFO - SELECT users.id, users.username, users.email, users.password_hash, users.role, users.is_active, users.last_login_at, users.created_at, users.updated_at 
FROM users 
WHERE users.username = ?
2025-11-16 23:27:48,190 - sqlalchemy.engine.Engine - INFO - [cached since 567.8s ago] ('admin',)
2025-11-16 23:27:48,190 - sqlalchemy.engine.Engine - INFO - ROLLBACK
2025-11-16 23:27:48,494 - sqlalchemy.engine.Engine - INFO - BEGIN (implicit)
2025-11-16 23:27:48,494 - sqlalchemy.engine.Engine - INFO - SELECT users.id, users.username, users.email, users.password_hash, users.role, users.is_active, users.last_login_at, users.created_at, users.updated_at 
FROM users 
WHERE users.username = ?
2025-11-16 23:27:48,494 - sqlalchemy.engine.Engine - INFO - [cached since 568.1s ago] ('admin',)
2025-11-16 23:27:48,495 - sqlalchemy.engine.Engine - INFO - ROLLBACK
2025-11-16 23:27:54,376 - sqlalchemy.engine.Engine - INFO - BEGIN (implicit)
2025-11-16 23:27:54,376 - sqlalchemy.engine.Engine - INFO - SELECT users.id, users.username, users.email, users.password_hash, users.role, users.is_active, users.last_login_at, users.created_at, users.updated_at 
FROM users 
WHERE users.username = ?
2025-11-16 23:27:54,376 - sqlalchemy.engine.Engine - INFO - [cached since 574s ago] ('admin',)
2025-11-16 23:27:54,377 - sqlalchemy.engine.Engine - INFO - SELECT count(drivers.id) AS count_1 
FROM drivers
2025-11-16 23:27:54,377 - sqlalchemy.engine.Engine - INFO - [cached since 27.26s ago] ()
2025-11-16 23:27:54,379 - sqlalchemy.engine.Engine - INFO - SELECT count(drivers.id) AS count_1 
FROM drivers 
WHERE drivers.status = ?
2025-11-16 23:27:54,379 - sqlalchemy.engine.Engine - INFO - [cached since 27.26s ago] ('active',)
2025-11-16 23:27:54,381 - sqlalchemy.engine.Engine - INFO - SELECT count(drivers.id) AS count_1 
FROM drivers 
WHERE drivers.created_at >= ?
2025-11-16 23:27:54,381 - sqlalchemy.engine.Engine - INFO - [cached since 27.26s ago] ('2025-11-01 00:00:00.000000',)
2025-11-16 23:27:54,382 - sqlalchemy.engine.Engine - INFO - SELECT drivers.main_route, count(drivers.id) AS count 
FROM drivers GROUP BY drivers.main_route ORDER BY count(drivers.id) DESC
 LIMIT ? OFFSET ?
2025-11-16 23:27:54,382 - sqlalchemy.engine.Engine - INFO - [cached since 27.26s ago] (10, 0)
2025-11-16 23:27:54,383 - sqlalchemy.engine.Engine - INFO - SELECT drivers.user_id, users.username, count(drivers.id) AS count 
FROM drivers JOIN users ON drivers.user_id = users.id GROUP BY drivers.user_id, users.username ORDER BY count(drivers.id) DESC
 LIMIT ? OFFSET ?
2025-11-16 23:27:54,383 - sqlalchemy.engine.Engine - INFO - [cached since 27.26s ago] (10, 0)
2025-11-16 23:27:54,384 - sqlalchemy.engine.Engine - INFO - ROLLBACK
2025-11-16 23:27:54,767 - sqlalchemy.engine.Engine - INFO - BEGIN (implicit)
2025-11-16 23:27:54,768 - sqlalchemy.engine.Engine - INFO - SELECT users.id, users.username, users.email, users.password_hash, users.role, users.is_active, users.last_login_at, users.created_at, users.updated_at 
FROM users 
WHERE users.username = ?
2025-11-16 23:27:54,768 - sqlalchemy.engine.Engine - INFO - [cached since 574.4s ago] ('admin',)
2025-11-16 23:27:54,768 - sqlalchemy.engine.Engine - INFO - SELECT drivers.id, drivers.user_id, drivers.name, drivers.phone, drivers.id_card, drivers.license_number, drivers.license_type, drivers.main_route, drivers.vehicle_type, drivers.vehicle_length, drivers.price_per_km, drivers.experience_years, drivers.status, drivers.emergency_contact, drivers.emergency_phone, drivers.remark, drivers.created_at, drivers.updated_at 
FROM drivers ORDER BY drivers.created_at DESC
 LIMIT ? OFFSET ?
2025-11-16 23:27:54,769 - sqlalchemy.engine.Engine - INFO - [generated in 0.00009s] (20, 0)
2025-11-16 23:27:54,770 - sqlalchemy.engine.Engine - INFO - SELECT count(drivers.id) AS count_1 
FROM drivers
2025-11-16 23:27:54,770 - sqlalchemy.engine.Engine - INFO - [cached since 27.65s ago] ()
2025-11-16 23:27:54,771 - sqlalchemy.engine.Engine - INFO - ROLLBACK
2025-11-16 23:27:56,997 - sqlalchemy.engine.Engine - INFO - BEGIN (implicit)
2025-11-16 23:27:56,997 - sqlalchemy.engine.Engine - INFO - SELECT users.id, users.username, users.email, users.password_hash, users.role, users.is_active, users.last_login_at, users.created_at, users.updated_at 
FROM users 
WHERE users.username = ?
2025-11-16 23:27:56,998 - sqlalchemy.engine.Engine - INFO - [cached since 576.6s ago] ('admin',)
2025-11-16 23:27:56,999 - sqlalchemy.engine.Engine - INFO - SELECT drivers.id, drivers.user_id, drivers.name, drivers.phone, drivers.id_card, drivers.license_number, drivers.license_type, drivers.main_route, drivers.vehicle_type, drivers.vehicle_length, drivers.price_per_km, drivers.experience_years, drivers.status, drivers.emergency_contact, drivers.emergency_phone, drivers.remark, drivers.created_at, drivers.updated_at 
FROM drivers 
WHERE drivers.id = ?
2025-11-16 23:27:57,000 - sqlalchemy.engine.Engine - INFO - [cached since 576.5s ago] (4,)
2025-11-16 23:27:57,001 - sqlalchemy.engine.Engine - INFO - ROLLBACK
2025-11-16 23:27:57,015 - sqlalchemy.engine.Engine - INFO - BEGIN (implicit)
2025-11-16 23:27:57,015 - sqlalchemy.engine.Engine - INFO - SELECT users.id, users.username, users.email, users.password_hash, users.role, users.is_active, users.last_login_at, users.created_at, users.updated_at 
FROM users 
WHERE users.username = ?
2025-11-16 23:27:57,015 - sqlalchemy.engine.Engine - INFO - [cached since 576.6s ago] ('admin',)
2025-11-16 23:27:57,016 - sqlalchemy.engine.Engine - INFO - SELECT drivers.id, drivers.user_id, drivers.name, drivers.phone, drivers.id_card, drivers.license_number, drivers.license_type, drivers.main_route, drivers.vehicle_type, drivers.vehicle_length, drivers.price_per_km, drivers.experience_years, drivers.status, drivers.emergency_contact, drivers.emergency_phone, drivers.remark, drivers.created_at, drivers.updated_at 
FROM drivers 
WHERE drivers.id = ?
2025-11-16 23:27:57,016 - sqlalchemy.engine.Engine - INFO - [cached since 576.5s ago] (4,)
2025-11-16 23:27:57,016 - sqlalchemy.engine.Engine - INFO - SELECT drivers.id, drivers.user_id, drivers.name, drivers.phone, drivers.id_card, drivers.license_number, drivers.license_type, drivers.main_route, drivers.vehicle_type, drivers.vehicle_length, drivers.price_per_km, drivers.experience_years, drivers.status, drivers.emergency_contact, drivers.emergency_phone, drivers.remark, drivers.created_at, drivers.updated_at 
FROM drivers 
WHERE drivers.id = ?
2025-11-16 23:27:57,016 - sqlalchemy.engine.Engine - INFO - [cached since 576.5s ago] (4,)
2025-11-16 23:27:57,017 - sqlalchemy.engine.Engine - INFO - ROLLBACK
2025-11-16 23:27:57,322 - sqlalchemy.engine.Engine - INFO - BEGIN (implicit)
2025-11-16 23:27:57,323 - sqlalchemy.engine.Engine - INFO - SELECT users.id, users.username, users.email, users.password_hash, users.role, users.is_active, users.last_login_at, users.created_at, users.updated_at 
FROM users 
WHERE users.username = ?
2025-11-16 23:27:57,323 - sqlalchemy.engine.Engine - INFO - [cached since 576.9s ago] ('admin',)
2025-11-16 23:27:57,324 - sqlalchemy.engine.Engine - INFO - SELECT drivers.id, drivers.user_id, drivers.name, drivers.phone, drivers.id_card, drivers.license_number, drivers.license_type, drivers.main_route, drivers.vehicle_type, drivers.vehicle_length, drivers.price_per_km, drivers.experience_years, drivers.status, drivers.emergency_contact, drivers.emergency_phone, drivers.remark, drivers.created_at, drivers.updated_at 
FROM drivers 
WHERE drivers.id = ?
2025-11-16 23:27:57,324 - sqlalchemy.engine.Engine - INFO - [cached since 576.8s ago] (4,)
2025-11-16 23:27:57,325 - sqlalchemy.engine.Engine - INFO - SELECT drivers.id, drivers.user_id, drivers.name, drivers.phone, drivers.id_card, drivers.license_number, drivers.license_type, drivers.main_route, drivers.vehicle_type, drivers.vehicle_length, drivers.price_per_km, drivers.experience_years, drivers.status, drivers.emergency_contact, drivers.emergency_phone, drivers.remark, drivers.created_at, drivers.updated_at 
FROM drivers 
WHERE drivers.id = ?
2025-11-16 23:27:57,325 - sqlalchemy.engine.Engine - INFO - [cached since 576.8s ago] (4,)
2025-11-16 23:27:57,325 - sqlalchemy.engine.Engine - INFO - ROLLBACK
